sample_id,sanskrit_sloka,sanskrit_prose,english_sloka,english_prose,bleu_score
1,धर्मस्यपुत्रोबलवान्सुषेणइतिविश्रुतः सविद्युन्मालिनासार्धमयुध्यतमहाकपिः वानराश्चापरेभीमाराक्षसैरपरैस्सह द्वन्द्वंसमीयुस्सहसायुद्धायबहुभिस्सह,धर्मस्यपुत्रो बलवान्सुषेण इति विश्रुतः सविद्युन्मालिना सार्धमयुध्यत महाकपिः घोराः अपरे वानराश्च बहुभिःसह युद्धायच अपरैः राक्षसैःसह द्वन्द्वंसमीयुः,"When the Son of God heard the sound of God's trumpet, they were afraid to go to war with the devil, the devil, the serpent, the beast, the dragon, and the dragon. They were afraid to go to war with the world and with the devil.","I have heard that the Son of God is coming with great power. He is at war with great horsemen and devils, with horses and wild beasts, and with many other demons.",6.9784237734830254
2,शबला सा रुदन्ती च क्रोशन्ती चेदमब्रवीत्वसिष्ठस्याग्रतस्स्थित्वा मेघदुन्दुभिराविणी,सा शबला रुदन्ती च क्रोशन्ती च वसिष्ठस्य अग्रत: स्थित्वा मेघदुन्दुभिराविणी इदम् अब्रवीत्,"She wept and wept, and she was filled with fury.","And she stood before him, weeping and gnashing of teeth.",4.789232204309912
3,तप्तकाञ्चनवर्णाभा रक्ततुङ्गनखी शुभासीता नाम वरारोहा वैदेही तनुमध्यमा,तप्तकाञ्चनवर्णाभा रक्ततुङ्गनखी शुभा वैदेही तनुमध्यमा सीता नाम वरारोहा,"and seven cups of pure blood. The cup is called the ""Wrath of God "" and is set in the midst of them.","There were seven bowls full of blood, and in the midst of them there stood a man named Cethas.",16.081986819293682
4,स कृत्वा भैरवं नादं चालयन्निव मेदिनीम्अङ्केनादाय वैदेहीमपक्रम्य ततोऽब्रवीत्,ततः सः मेदिनीम् चालयन्निव भैरवम् नादम् कृत्वा वैदेहीम् अङ्केन आदाय अपक्रम्य अब्रवीत्,"So he went to Bethlehem, in the valley of the shadow of the sea, and said,","Then he called out in a loud voice: ""Go to the sea. "" Then he threw the sick man into the water,",3.961393797941288
5,तस्य पाण्डुरमाजह्रुश्छत्रं हेमपरिष्कृतम् शुक्ले च वालव्यजने हेमदण्डे यशस्करेतथा सर्वाणि रत्नानि सर्वबीजौषधीरपि सक्षीराणां च वृक्षाणां प्ररोहान्कुसुमानि चशुक्लानि चैव वस्त्राणि श्वेतं चैवानुलेपनम् सुगन्धीनि च माल्यानि स्थलजान्यम्बुजानि चचन्दनानि च दिव्यानि गन्धांश्च विविधान्बहून् अक्षतं जातरूपं च प्रियङ्गुमधुसर्पिषीदधि चर्म च वैयाघ्रं वाराही चाप्युपानहौ समालम्भनमादाय रोचनां समनश्शिलाम्आग्मुस्तत्र मुदिता वराः कन्यास्तु षोडश,पाण्डुरम् हेमपरिष्कृतम् छत्रम् हेमदण्डे यशस्करे शुक्ले वालव्यजने च तस्य आजह्रुः तथा षोडश मुदिताः वराः कन्याश्च सर्वाणि रत्नानि सर्वबीजौषधीरपि सक्षीराणाम् वृक्षाणाम् प्ररोहान् कुसुमानि च शुक्लानि वस्त्राणि चैव श्वेतम् अनुलेपनं चैव सुगन्धीनि माल्यानि स्थलजानि अम्बुजानि च दिव्यानि चन्दनानि च विविधान् बहून् गन्धांश्च अक्षतम् जातरूपं च प्रियङ्गुमधुसर्पिषी दधि वैघ्रम् चर्म च वाराही उपानहौ समालम्बनम् रोचनां मनश्शिलाम् आदाय तत्र आजग्मुः,"She was dressed in fine linen, purple and sapphire, and scarlet, and gold, and gold, and gold, and gold, and gold, and silver, and gold, and scarlet, and gold, and gold, and gold, and silver, and gold, and gold, and silver, and gold, and silver, and gold, and silver, and gold, and gold, and silver, and gold, and silver, and gold, and silver, and gold, and silver, and gold, and silver, and gold, and silver, and gold, and silver, and gold, and silver, and gold, and silver, and gold, and silver, and gold.","These were gold, gold, copper, bronze, bronze, gold, gold, silver, gold, gold, silver, gold, silver, gold, silver, gold, silver, gold, silver, gold, silver, gold, silver, gold, gold, silver, gold, silver, gold, silver, gold, gold, silver, gold, silver, gold, silver, gold, gold, silver, gold, gold, silver, gold, gold, silver, gold, gold, silver, gold, gold, silver, gold, silver, gold, silver, gold, gold, silver, gold, silver, gold, silver, gold, gold, silver, gold, silver, gold, gold, silver, gold, silver, and gold.",8.061203745774911
6,सकुन्भकर्णंकुपितोमहेन्द्रोजघानवज्रेणशितेनवज्री सशक्रवज्राभिहतोमहात्माचचालकोपाच्चभृशंननाद,वज्री सः महेन्द्रः कुपितः कुम्भकर्णम् वज्रेण जघान शक्रवज्राभिहतः महात्मा सः चचाल कोपात् भृशम् ननाद च,"The sound of the trumpets, the trumpets, the trumpets, the trumpets, the trumpets, the trumpets, the trumpets, the trumpets, the trumpets, the trumpets, the trumpets, the trumpets, the trumpets, the trumpets, the trumpets, the trumpets, the trumpets, the trumpets, the trumpets, the trumpets, the trumpets, the trumpets, the trumpets, the trumpets, the trumpets, the trumpets, the trumpets, the trumpets, the trumpets, the trumpets, the trumpets, the trumpets, the trumpets, the trumpets, the trumpets, the trumpets, the trumpets, the trumpets, the trumpets, the trumpets, the trumpets, the trumpets, the trumpets, the trumpets, the trumpets and the trumpets.","The storm, the moon, the furnace, the thunderbolt, the thunderbolt, the roaring furnace, the roaring furnace, the roaring furnace,",1.3866656266226856
7,स प्रणम्य च सुग्रीवं राघवौ च महाबलौवानरैः सहितः शूरैर्दिवमेवोत्पपात ह,सः सुग्रीवम् महाबलौ राघवौ च प्रणम्य शूरैः वानरैः सहितः दिवमेव उत्पपात,"He will be thrown into the valley of the shadow of death, along with the mighty warriors, the mighty and the mighty.","And it came to pass in the daytime with the swift and the mighty and the mighty, and the mighty and the mighty,",19.422069098763885
8,हनूमन्तंजिघांसन्तंसमुद्यतशरासनम् रावणात्मजमाचष्टे लक्ष्मणाय विभीषण:,विभीषणः समुद्यतशरासनम् रावणात्मजम् हनूमन्तम् जिघांसन्तम् लक्ष्मणाय आचष्टे,"And he said to him, Behold, I am coming, and I am coming, and I am coming.","The sea was filled with fear, and Ravan's spirit was filled with awe, and Hanun's tongue was filled with awe.",4.9360602482382925
9,इह माल्यानि सर्वाणि दिव्यगन्धानि मैथिलि भूषणानि च मुख्यानि सेवस्व च मया सह,मैथिलि इह दिव्यगन्धानि सर्वाणि माल्यानि मुख्यानि भूषणानि च मया सह सेवस्व,"I am also in charge of all the treasures, treasures, tables, tables, tables, and tables.",May you share with me the mystery of God and all his gifts and gifts.,2.7156804039319287
10,अनेन तोषितश्चाभूदत्यर्थं रघुनन्दन विससर्ज ततो गङ्गां हरो बिन्दुसर: प्रति,रघुनन्दन अनेन हर: अत्यर्थम् तोषित: अभूत् तत: गङ्गाम् बिन्दुसर: प्रति विससर्ज,"Then he poured out his blood on the woman, and the water became bitter.","And there was a great joy, and there was a great joy, and there was a great joy, and there was a great joy, and there was a great joy, and there was a great joy, and there was a great joy, and there was a great joy, and there was a great joy, and there was a great joy, and there was a great joy, and there was a great joy.",0.07721214390376527
11,नैऋतो रावणो नाम तस्य भार्यां हरिष्यतिराक्षसेन्द्रो जनस्थनादवध्य स्सुरदानवैः,सुरदानवैः अवध्यः राक्षसेन्द्रो रावणो नाम जनस्थनात् नैऋतो तस्य भार्यां हरिष्यति,"The woman's name is Ravana, and she lives in Rajasthan.","A raven named Ravana, who was born in Surdhan, was burdened with sickness.",5.771298850643905
12,स यात्वा दूरमध्वानं सुपरिश्रान्तवाहनः उवाच भरत श्श्रीमान् वसिष्ठं मन्त्रिणां वरम्,श्रीमान् सः भरतः दूरम् अध्वानम् यात्वा सुपरिश्रान्तवाहनः मन्त्रिणाम् वरम् वसिष्ठम् उवाच,"He has given authority to the wise and wise, to the wise, to the wise, to the wise, to the wise, to the wise, to the wise, to the wise, to the wise, to the wise, to the wise, to the wise, to the wise, to the wise, to the wise, to the wise, to the wise, to the wise, to the wise, to the wise, to the wise, to the wise, to the wise, to the wise, to the wise, to the wise, to the wise, to the wise, to the wise, to the wise, to the wise, to the wise, to the wise, to the wise, to the wise, to the wise, to the wise, to the wise, to the wise, to the wise, to the wise, to the wise, to the wise, to the wise, to the wise, and to the wise.","The rich man was invited far away because his spirit was quiet, and he trusted the ministers.",0.4437525336051529
13,तस्मात्त्वयासमारब्धंकर्मह्यप्रतिमंपरैः अहंसमीकरिष्यामिहत्वाशत्रूंस्तवानघ,आनघ: तस्मात् त्वया: परैः समारब्दम् अप्रतिमम् कर्म: अहम् तव: शत्रून् हत्वा: समीकरिष्यामि:,"""I will bring you nearer than anyone else who is in prison.","And thou shalt say, I will bring thee near, and I will destroy thine enemies.",8.536297264022483
14,एवमुक्तः सुरसया प्राञ्जलिर्वानरर्षभःप्रहृष्टवदनः श्रीमानिदं वचनमब्रवीत्,सुरसया एवम् उक्तः श्रीमान् वानरर्षभः वहतत प्रहृष्टवदनः प्राञ्जलिः इदं वचनम् अब्रवीत्,"When he heard this, he heard a loud voice from the streets of Syracuse.","This was the voice of the rich man, who cried out in a loud voice.",10.569646130410534
15,इमास्ता मन्मथवतां हिताः प्रतिहता दिशःअनुलिप्ता इव घनैर्नष्टग्रहनिशाकराः,मन्मथवताम् हिताः प्रतिहताः नष्टग्रहनिशाकराः इमाः ताः दिशः घनैः अनुलिप्ता इव,"These are the very things that make you sick. They are the very things that make you sick, the very things that make you sick, the very things that make you sick, the very things that make you sick, the very things that make you sick, the very things that make you sick, the very things that make you sick, the very things that make you sick, the very things that make you sick, the very things that make you sick, the very things that make you sick, the very things that make you sick, the very things that make you sick, the very things that make you sick, the very things that make you sick.",They are like the serpents that pierce the earth. They are like the serpents that pierce the earth.,1.3955763429746137
16,तं देशं समतिक्रम्य आश्रमं सिद्धसेवितम्सिद्धा वैखानसास्तत्र वालखिल्याश्च तापसाः,तं देशम् समतिक्रम्य सिद्धसेवितम् आश्रमम् तत्र सिद्धाः वैखानसाः तापसाः वालखिल्याश्च,"He was well equipped to serve the people of the land, and he was warmed with sand and gravel.","The city was surrounded by temples, shrines, temples, and shrines.",4.319402267866687
17,क्षिप्रम् सुग्रीवविमानंवानरैस्सह त्वमप्यारोहसामात्योराक्षसेन्द्रविभीषण,सुग्रीव वानरैःसह क्षिप्रम् विमानम् आरोह राक्षसेन्द्रः विभीषण सामात्यः त्वमपि आरोह,"In a moment you will rise with a great storm, and the sea will be filled with terror.","You're like a monster, you're like a monkey, you're like a monster, you're like a monkey, you're like a monkey, you're like a monster, you're like a monster, you're like a monkey, you're like a monkey, you're like a monster, you're like a monster, you're like a monster, you're like a monster, you're like a monster, you're like a monster, you're like a monster, you're like a monster, you're like a monster, you're like a monster, you're like a monster, you're like a monster, you're like a monster, you're like a monster, you're like a monster.",0.018244053580747748
18,न मे तथा पार्थिव धीयते मनो महत्सु कामेषु न चात्मनःप्रियेयथा निदेशे तव शिष्टसम्मतेव्यपैतु दुःखं तव मत्कृतेऽनघ,अनघ पार्थिव मे मनः शिष्टसम्मते तव निदेशे यथा धीयते तथा महत्सु कामेषु न आत्मनः प्रिये न मत्कृते तव दुःखम् व्यपैतु,"Do not be anxious about money or the world, nor about anything of value, nor about the love of one's own soul. Keep your minds focused on one another. Keep your minds focused on evil.","Just as your heart has been trained in this world to obey your commands and to do great deeds, do not let your heart be troubled by love.",1.5450766293655125
19,बभूवास्य मनश्चिन्ता तपोऽपहरणे कृते नैव क्रोधं गमिष्यामि न च वक्ष्ये कथञ्चन,तपोपहरणे कृते अस्य मनश्चिन्ता बभूव क्रोधम् नैव गमिष्यामि कथञ्चन न च वक्ष्ये,"I am not going to be angry, nor am I going to speak in vain, because the Lord's heart is troubled in the morning.","""I am going to sail with this man in distress until noon, and I will not say a word.",4.807547001959649
20,धूपंसुगन्धांश्चससृजुस्तुष्टवुश्चपरन्ततम् जलदाइवचानेदुर्यातुधानास्ततस्ततः,यातुधानाः धूपम् गन्धाम् च ससृजुः परन्तपम् तुष्टवुश्च ततस्ततः जलदाःइव आनेदुःच,"They were covered with incense, incense, and sapphires.","They were filled with sulfur, sulfur, and sulfur, but afterwards they were scorched with fire.",5.891524451695448
21,सम्यगुक्तं हि भवता दूतवध्या विगर्हिताअवश्यं तु वधादन्यः क्रियतामस्य निग्रहः,भवता सम्यक् उक्तं हि दूतवध्या विगर्हिता वधात् अन्यः निग्रहः अस्य अवश्यम् क्रियताम्,"For he said to them, ""You are worthy of praise even more than angels.",You said that it was necessary to do something different than kill the apostle and the apostle.,3.2244357206306944
22,तां दृष्ट्वा तादृशीं नारीं रामपत्नीं यशस्विनीम्तत्रैव शिंशुपावृक्षे पश्यन्नहमवस्थितः,अहम् तादृशीम् नारीम् यशस्विनीम् तां रामपत्नीम् दृष्ट्वा तत्र शिंशुपावृक्षे एव पश्यन् अवस्थितः,"When he looked up, he saw the woman with her widow and her successors, but he did not see her standing under a fig tree.",I looked at the woman and saw her lying there under a fig tree.,16.09791748450962
23,ततस्तदा बहुविधभावितात्मनः कृतात्मनो जनकसुतां सुवर्त्मनःअपश्यतोऽभवदतिदुःखितं मनः सुचक्षुषः प्रविचरतो महात्मनः,ततः तदा बहुविधभावितात्मनः कृतात्मनः सुवर्त्मनः सुचक्षुषः प्रविचरतः जनकसुताम् अपश्यत: महात्मनः मनः अतिदुःखितम् अभवत्,"At that moment many of the spirits of the dead came in and said, ""The spirits of the dead have been healed, and the bodies of the dead have been healed"".","Many of the spirits that had been haunted came in and looked at him. When they saw him lying there, they were deeply troubled.",7.293301163414324
24,नयश्च विनयश्चोभौ यस्मिन्सत्यं च सुस्थितम्विक्रमश्च यथा दृष्टस्स राजा देशकालवित्,यस्मिन् नयश्च विनयश्च उभौ सत्यं च सुस्थितम् विक्रमश्च यथा दृष्टः सः देशकालवित् राजा,"The kingdom of Judah is a new kingdom, a new kingdom, a new kingdom, a new kingdom, a new kingdom, a new kingdom, a new kingdom, a new kingdom, a new kingdom, a new kingdom, a new kingdom, a new kingdom, a new kingdom, and a new kingdom.",He is the one who has reigned for so long. He is both righteous and righteous and true and deceitful.,0.769226298433097
25,एवंविधं कथयतां पौराणां शुश्रुवु स्तदादिग्भ्योपि श्रुतवृत्तान्ता: प्राप्ता जानपदा जनाः,श्रुतवृत्तान्ताः दिग्भ्यः अपि प्राप्ताः जानपदाः जनाः तदा एवं विधम् पौराणाम् कथयताम् शुश्रुवुः,The crowd heard Paul say a number of things.,Those who had been healed by the spirits heard Paul's story and the parable.,3.0266181377145767
26,किं मां वक्ष्यति सुग्रीवो हरयो वा समागताः किष्किन्धां समनुप्राप्तं तौ वा दशरथात्मजौ,किष्किन्धाम् समनुप्राप्तम् माम् सुग्रीवः किम् वक्ष्यति समागताः हरयः वा तौ दशरथात्मजौ वा,What will the pigs eat? What will they eat? What will the pigs eat? What will they eat? What will they eat? What will they eat? What will they eat? What will they eat? What will they eat? What will they eat? What will they eat? What will they eat? What will they eat? What will they eat? What will they eat? What will they eat? What will they eat? What will they eat? What will they eat? What will they eat? What will they eat? What will they eat? What will they eat? What will they eat? What will they eat? What will they eat? What will they eat? What will they eat? What will they eat?,What do the pigs eat when they come to me? What do they eat when they come to me? What do they eat when they come to me? What do they eat when they come to me? What do they eat when they come to me? What do they eat when they come to me? What do they eat when they come to me? What do they eat when they come to me? What do they eat when they come to me? What do they eat when they come to me?,3.2661969792114705
27,खड्गधाराहता मेऽद्य दीप्यमाना इवाद्रयःपतिष्यन्ति द्विपा भूमौ मेघा इव सविद्युतः,अद्य हया: मे खङ्गधाराहताः दीप्यमानाः अद्रय इव सविद्युतः मेघा इव भूमौ पतिष्यन्ति,The lampstands in my hand will shine like a cloud on the earth.,"""In the day of judgment, those with bright lights will be like thunderbolts, like clouds of lightning.",2.435911095331598
28,तदवश्यं त्वया कार्यस्ससुहृत्सुहृदां वरअकृत्वा हि न ते सिद्धिमहं पश्यामि चिन्तयन्,सुहृदाम् वर तत् सः त्वया अवश्यम् सुहृत् कार्यः अकृत्वा ते सिद्धिम् अहम् चिन्तयन् न पश्यामि,"For they did not find me perfect in your work, because you gave them the strength to do so.","Surely he has done a good work for you, but I do not find it complete.",4.968018039415939
29,स्वपुरं चागमच्छ्रीमानिष्टयज्ञोमहीपति: गङ्गायाश्चागमे राजा निश्चयं नाध्यगच्छत,श्रीमान् महीपति: इष्टयज्ञ: स्वपुरम् आगमत् राजा गङ्गाया: आगमे निश्चयम् नाध्यगच्छत,"And when the king came to his palace, he saw the king, and the king's servants, and the king's servants, and the king's servants, and the king's servants, and the king's servants, and the king's servants, and the king's servants, and the king's servants, and the king's servants, and the king's servants, and the king's servants, and the king's servants, and the king's servants, and the king's servants, and the king's servants, and the king's servants, and the king's servants, and the king's servants, and the king's servants.",Richman Mahipati: Ishtaiah: The King of Ganga has come to his palace: The coming of the King of Ganga has certainly not come.,1.3910973618250244
30,नाहमस्मिन् प्रभुः कार्ये वानरेश न लक्ष्मणःत्वमस्य हेतुः कार्यस्य प्रभुश्च प्लवगेश्वर,प्लवगेश्वर वानरेश अहम् अस्मिन् कार्ये प्रभुः न लक्ष्मणः न त्वम् अस्य कार्यस्य हेतुः प्रभुश्च,"For we are not the Lord's doing, nor the serpent's doing, but the Lord's doing, and God's doing.","It is not the Lord who commands us to do this, nor is it you, but it is the Lord who commands us to do this.",4.677236312699757
31,हा हन्ताऽस्मि नृशंसोऽहं यत्सभार्यः कृते ममईदृशीं राघवश्शय्यामधिशेते ह्यनाथवत्,हा हन्त अहम् नृशंसः अस्मि यत् मम कृते राघवः सभार्यः अनाथवत् ईदृशीम् शय्याम् अधिशेते,I am a man of sorrows and acquainted with grief.,"""I am afraid that the ravens will put such a bed on me as an orphan.",4.71728363692704
32,ददर्शान्तरंतस्यविरूपाक्षस्यवानरः ततोन्यपातयत्क्रोधाच्छङ्खदेशेमहात्तलम्,सःवानरः तस्यविरूपाक्षस्य अन्तरम् ददर्श ततः क्रोधात् अन्यत् महात्तलम् शङ्खदेशे पातयत्,"When they saw him, the man with the right hand fell down and fell into a deep pit.","When he saw a hole in his arm, he was furious and threw another chain into his throat.",3.1142484770067234
33,पीड्यमानांसधर्मात्मावैदेहीमनुचिन्तयन् क्षिप्रमाज्ञापयामासवानरान्द्विषतांवधे,धर्मात्मा स: पीड्यमानां वैदेहीम अचिन्तयन् क्षिप्रमाज्ञापयामास वानरान् द्विषतां वधे,The spirit of godly devotion comforted the afflicted and helped them to obey for a little while.,"God's Spirit chose the afflicted among them. He gave them a little instruction, and the serpent began to speak in their mouths.",4.89645799671481
34,अमोघंदर्शनंराम तवास्माकंनरर्षभ प्रीतियुक्ताःस्मतेनत्वंब्रूहियन्मनसेप्सितम्,नरर्षभ राम तव अस्माकम् दर्शनम् अमोघम् प्रीतियुक्ताः स्म तेन मनसा यत् ईप्सितम् त्वम् ब्रूहि,"Our hearts are filled with joy because of you, our beloved.","When he came to see us, he told us how much he loved us. He thought he was very fond of you.",2.9189453645337293
35,अपश्यंस्तु ततस्तत्र पितरं पितुरालयेजगाम भरतो द्रष्टुं मातरं मातुरालये,ततः भरतः तत्र पितुः आलये पितरम् अपश्यन् मातुः आलये मातरम् द्रष्टुम् जगाम,"When he saw Peter and his mother coming out of the synagogue,","When they got up, they saw Peter in his father's manger and his mother in her manger.",9.913440329668468
36,तं वाली क्रोधताम्राक्षस्सुग्रीवं रणपण्डितम्आपतन्तं महावेगमिदं वचनमब्रवीत्,वाली क्रोधताम्राक्षः रणपण्डितम् महावेगम् आपतन्तम् तं सुग्रीवम् इदं वचनम् अब्रवीत्,"And he spoke the word in a fury, and in a fury of anger, and in a fury of anger, and in a fury of anger.",Then a furious fury and a furious fury came upon him.,1.943043650185126
37,ततो हलहलाशब्दस्तुमुलस्समजायत तस्य निष्क्रममाणस्य जनौघस्य समन्ततः,ततः समन्ततः निष्क्रममाणस्य तस्य जनौघस्य तुमुलः हलहलाशब्दः समजायत,"When they heard this, they shouted loudly at the sword of the people who were about to kill him.",Immediately the crowd heard the sound of his voice.,2.7156804039319287
38,न रामरामानुजशासनं त्वयाकपीन्द्र युक्तं मनसाऽप्यपोहितुम्मनो हि ते ज्ञास्यति मानुषं बलंस राघवस्यास्य सुरेन्द्रवर्चसः,कपीन्द्र रामरामानुजशासनम् त्वया मनसापि अपोहितुम् न युक्तम् अस्य सराघवस्य सुरेन्द्रवर्चसः मानुषम् बलम् ते मनः ज्ञास्यति हि,"They will know that it is not Rama Rama's rule that has brought you to the brink of extinction. They will know that man's strength is the sword's sword, and the sword's sword's sword is the sword's sword.","They will know the strength of this palace, the strength of the human heart, and the power of this palace.",6.666337489197861
39,पारिखाःपूरयन्तिस्मप्रसन्नसलिलायुताः पांसुभिःपर्वताग्रैश्चतृणैःकाष्ठैश्चवानराः,वानराः पारिखाः पर्वताग्रैश्च तृणैः काष्ठैश्च पांसुभिः प्रसन्नसलिलायुताः पूरयन्ति,We were filled with joy and gladness. We were filled with rocks and mountains and hills and mountains.,And the wild beasts and the hills and the mountains and the grasslands and the hills and the valleys will be filled with glad tidings.,5.437557267976584
40,दीर्घिकाः पुष्करिण्यश्च नानावृक्षसमन्विताःरावणो दर्शयामास सीतां शोकपरायणाम्,रावणः दीर्घिकाः नानावृक्षसमन्विताः पुष्करिण्यश्च शोकपरायणाम् सीताम् दर्शयामास,He showed them flowers and flowers and trees of various sizes.,"And Ravana showed her a sign of mourning, and a sign of many trees, and a sign of flowers, and a sign of mourning.",1.4519982640579436
41,वमुक्तास्तुरामेणहरीन्द्राहरयस्तथा ऊचुःप्राञ्जलयस्सर्वेराक्षसश्चविभीषणः,रामेण एवम् उक्ताः हरीन्द्राः तथा हरयः राक्षसः विभीषणश्च सर्वे प्राञ्जलयः ऊचुः,"They were terrified by the sound of the trumpet, and by the sound of the trumpet, and by the sound of the trumpet, and by the sound of the trumpet, and by the sound of the trumpet, and by the sound of the trumpet, and by the sound of the trumpet, and by the sound of the trumpet, and by the sound of the trumpet, and by the sound of the trumpet, and by the sound of the trumpet, and by the sound of the trumpet, and by the sound of the trumpet, and by the sound of the trumpet, and by the sound of the trumpet, and by the sound of the trumpet, and by the sound of the trumpet, and by the sound of the trumpet, and by the sound of the trumpet.","These are the words of Rameh. The green beasts, the green beasts, the terrible beasts, all the windows are high.",0.401566487765886
42,यदिन्द्रो वर्षते वर्षं न तच्चित्रं भवेत्क्वचित्आदित्यो वा सहस्रांशुः कुर्याद्वितिमिरं नभः चन्द्रमा रश्मिभिः कुर्यात्पृथिवीं सौम्य निर्मलाम्त्वद्विधो वाऽपि मित्राणां प्रतिकुर्यात्परन्तप,परन्तप सौम्य इन्द्रः वर्षम् यत् वर्षते सहस्रांशुः वा आदित्यः नभः वितिमिरम् कुर्यात् चन्द्रमाः पृथिवीं रश्मिभिः निर्मलाम् कुर्यात् त्वद्विधः मित्राणाम् प्रतिकुर्यात् तत् चित्रम् न भविष्यति,"Even if it were a dry season or a dry year, or a thousand years of darkness, or a full moon, or a cloud, or a gloomy earth, or a cold winter, or a cold winter, or a cold winter, or a cold winter, or a cold winter, or a cold winter, or a cold winter, or a cold winter, or a cold winter, or a cold winter, or a cold winter, or a cold winter, or a cold winter, or a cold winter, or a cold winter, or a cold winter, or a cold winter, or a cold winter, or a cold winter, or a cold winter, or a cold winter, or a cold winter, or a cold, or a cold, or a cold, or a cold, or a cold, or a cold, or a cold, or a cold, or a cold, or a cold, or a cold, or a cold, or a cold, or a cold, or a cold, or a cold, or a cold, or a cold, or a cold, or a cold, or a cold, or a cold, or a cold, or a cold, or a cold, or a cold, or a cold, or","But it will not be like a gentle rainy season, when a thousand years of rain will fall, and the sky will be darkened, and the moon will be darkened by the lights of the earth.",1.1628661254288495
43,नेयं जरयितुं शक्या सासुरैरमरैरपिविषसंसृष्टमत्यर्थं भुक्तमन्नमिवौजसा,अत्यर्थम् विषसंसृष्टम् भुक्तम् अन्नमिव इयम् सासुरैः अमरैरपि ओजसा जरयितुम् न शक्या,"Do not eat food that is not edible or poisonous, but that which is poisonous or poisonous.","They ate very poisonous food, and they could not keep burning their burdens forever.",3.0272532566104675
44,सहसा लक्ष्मणः श्रीमान् नदीं गोदावरीं तदास्नात्वा पद्मानि चादाय सफलः पुनरागतः,तदा श्रीमान् लक्ष्मणः सहसा गोदावरीं नदीम् गत्वा स्नात्वा पद्मानि च आदाय सफलः पुनः आगतः,"The rich man of Laxman went down to the river and washed his feet, and came back successfully to Padma.","So the rich man went down to the river, washed his clothes, and came back with good luck.",32.21135973222974
45,तस्यान्तरिक्षेचरतःसरथस्यमहायशः न गतिर्ज्ञायतेवीरसूर्यस्येवाभ्रसम्ल्पवे,महायशः वीर सरथस्य अन्तरिक्षे चरतः तस्य गतिः अभ्रसम्प्लवे सूर्यस्येव न ज्ञायते,"The sun shines brightly on the earth, and the sun shines brightly on the earth's surface.","A mighty warrior walks through the depths of the sea, and his speed is unknown even to the sun.",5.914171736486468
46,सर्वमुक्तंयथादिष्टंरावणेनदुरात्मना तंप्रापयन्तंवचनंतूर्णमाप्लुत्यवानराः प्रापद्यन्तदिवंक्षिप्रंलोप्तुंहन्तुंचमुष्टिभि:,दुरात्मना: रावणेन: यथा: आदिष्टम् सर्वम् उक्तम् तम् वचनम् प्रापयन्तम् वानराः अप्लुत्य: तदा:: क्षिप्रम् लोप्तुम् मुष्टिभिः हन्तुंच: प्रापद्यन्त:,"They will be filled with the Holy Spirit who gives them freedom, and they will be filled with joy when they come to the right hand of God.","And when they had heard all that had been said, the foxes sounded and said, ""In a little while we shall be consumed by the fleas"".",3.3963563855950367
47,एवमुक्त्वातुतंरामंसम्रब्धोवाहिनीपतिः वाक्यज्ञोवाक्यकुशलंततोमौनमुपागमत्,वाहिनीपतिः वाक्यज्ञः सम्रब्ध: वाक्यकुशलम् तंरामम् एवम् उक्त्वा: ततः मौनम् उपागमत्,"When the captain of the guard heard this, he was silent.","When the centurion heard this, he shrugged his shoulders.",23.90108882452813
48,राक्षसस्सोऽपि तान्वन्यान्मृगान्मृगवधे रतः प्रच्छादनार्थं भावस्य न भक्षयति संस्पृशन्,मृगवधे रतः सः राक्षसोऽपि वन्यान् तान् मृगान् संस्पृशन् भावस्य प्रच्छादनार्थम् न भक्षयति,"Even the devils were not willing to feed them, so that they could spend the night in the dungeons of wild beasts.","Even in the depths of the sea, he does not eat the animals he calls worms. He does not eat them in order to spread his love.",3.7528118453412476
49,त्वत्कृते मे पिता वृत्तो रामश्चारण्यमाश्रितःअयशो जीवलोके च त्वयाऽहं प्रतिपादितः,त्वत्कृते मे पिता वृत्तः रामश्च अरण्यम् आश्रितः त्वया अहम् जीवलोके अयशः च प्रतिपादितः,"For you have made known to me the name of the Father, the Son and the Holy One, and of the living One, the Son and the Holy One.","You made me a circle, a circle, a circle, a circle, a circle, a circle, a circle, a circle, a circle, a circle, a circle, a circle, a circle, circle, circle, circle, circle, circle, circle, circle, circle, circle, circle, circle, circle, circle, circle, circle, circle, circle, circle, circle, circle, circle, circle, circle, circle, circle, circle, circle, circle, circle, circle, circle, circle, circle, circle.",0.17045208238617193
50,सर्वमेतद्विचेतव्यं यन्मया परिकीर्तितम्यदन्यदपि नोक्तं च तत्रापि क्रियतां मतिः,मया यत् परिकीर्तिम् एतत् सर्वम् विचेतव्यम् अन्यदपि यत् नोक्तम् तत्रापि च मतिः क्रियताम्,"All things should be done with caution, as I have ordered you to do, not only in this way but also in another way.","You ought to consider all these matters carefully, and to do what I have already said and decided to do.",4.344109103419242
51,सा तु तत्रैव सम्भ्रान्ता सुव्रता वाक्यमब्रवीत्एकपत्नीव्रतमिदं को नाशयितुमिच्छति,तत्रैव सम्भ्रान्ता सुव्रता सा तु वाक्यम् अब्रवीत् इदम् एकपत्नीव्रतम् कः नाशयितुम् इच्छति,"The woman said to him, ""Whoever has a wife should marry her?""","The nurse answered, ""Who wants to marry a single woman?",6.917184228205474
52,अहं हि तस्याद्य मनोभवेन सम्पीडिता तद्गतसर्वभावाविचिन्तयन्ती सततं तमेव तथैव पश्यामि तथा शृणोमि,अद्य अहम् तस्य मनोभवेन सम्पीडिता तद्गतसर्वभावा सततम् तमेव विचिन्तयन्ती तथैव पश्यामि तथैव शृणोमि,"I have seen and heard him, even as I have seen and heard him, even as I have seen and heard him, even as I have seen and heard him, and as I have seen and heard him, even as I have seen and heard him, even as I have seen and heard him.","As I now see and hear, he continues to be troubled by his own spirit, even as he has always been.",2.7342249210458505
53,अथ रात्र्यां प्रपन्नायां कालरात्र्यामिवात्मनःअर्धरात्रे दशरथः कौशल्यामिदमब्रवीत्,अथ दशरथः आत्मनः कालरात्र्यामिव रात्र्याम् प्रपन्नायाम् अर्धरात्रे कौशल्याम् इदम् अब्रवीत्,"But when I was sleeping that night, at midnight the Spirit came upon him.","And it came to pass in the middle of the night, that the Spirit came upon me, and gave me wisdom.",11.86662163314891
54,व्यालैर्मृगैराचरितं कृष्णसर्पनिषेवितम्कथं कुमारौ वैदेह्या सार्धं वन मुपस्थितौ,कुमारौ वैदेह्या सार्धम् व्यालैः मृगैः आचरितम् कृष्णसर्पनिषेवितम् वनम् कथम् उपस्थितौ,The virgins stood in the forest with their bridesmaids.,The virgins came to a forest covered with vines and spices.,8.639795714750207
55,मही कृता पर्वतराजिपूर्णा शैलाः कृता वृक्षवितानपूर्णाःवृक्षाः कृताः पुष्पवितानपूर्णाःपुष्पं कृतं केसरपत्रपूर्णम्,मही पर्वतराजिपूर्णा कृता शैलाः वृक्षवितानपूर्णाः कृताः वृक्षाः पुष्पवितानपूर्णाः कृताः पुष्पम् केसरपत्रपूर्णम् कृतम्,"It was made of fine stones, made of stones, made of trees, with flowers and flowers.","The mountains were made of marble, the rocks were made of clay, the trees were made of clay, the flowers were made of clay, and the flowers were made of cedars.",3.6832227509216957
56,स विज्ञायततश्छन्दंरामस्याकारसूचितम् चितांचकारसौमित्रिर्मतेरामस्यवीर्यवान्,वीर्यवान् सःसौमित्रिः रामस्य आकारसूचितम् ततश्छन्दम् विज्ञाय रामस्य मते चिताम् चकार,"He had a friend named Ram, a man well known for his good deeds.","When he learned of his friendship with Ram, he learned that Ram was a man of great courage.",5.961815569304147
57,ऋषिस्तु दृष्ट्वा मां प्रीतः प्रविष्टश्चाश्रमं पुनःमुहूर्तमात्रान्निष्क्रम्य ततः कार्यमपृच्छत,ऋषिस्तु माम् दृष्ट्वा प्रीतः आश्रमम् प्रविष्टः ततः मुहूर्तमात्रात् पुनः निष्क्रम्य कार्यम् अपृच्छत,"When he saw me, he fell in love with me and went in. Then he opened his eyes and asked me what I wanted to do.","When he saw me, he fell in love with me and went into the barracks.",42.43285041694932
58,तामापतन्तीं ज्वलतां मृत्युपाशोपमां गदाम्अन्तरिक्षगतां रामचशिच्छेद बहुधा शरैः,आपतन्ती ज्वलताम् मृत्युपाशोपमाम् तां गदाम् अन्तरिक्षगताम् रामः शरैः बहुधा चिच्छेद,"They are burned with fire, they are burned with death, they are thrown into the air, and they are often ashamed of themselves.","She was burned at the stake, burned at the stake, and burned at the stake.",3.796469564911484
59,सम्भ्रमस्त्यज्यतामेष सर्वैर्वालिकृते महान्मलयोऽयं गिरिवरो भयं नेहास्ति वालिनः,सर्वैः वालिकृते एषः महान् सम्भ्रमः त्यज्यताम् अयम् गिरिवरः मलयः इह वालिनः भयम् नास्ति,"He is the greatest of all, the greatest of all, the greatest of all, the greatest of all, the greatest of all, the greatest of all, the greatest of all, the greatest of all, the greatest of all, the greatest of all, the greatest of all, the greatest of all, the greatest of all, the greatest of all, the greatest of all, the greatest of all, the greatest of all, the greatest of all, the greatest of all, the greatest of all, the greatest of all, the greatest of all, the greatest of all, the greatest of all, the greatest of all, the greatest of all.","This great feast is celebrated by all, and no one is afraid of it.",0.6813581137765354
60,शरान्धकारमाकाशंचक्रतुःप्रथमंतदा गतेऽस्तं तपने चापि महामेघाविवोथतितौ,तदा प्रथमम् आकाशम् शरान्धकारम् चक्रतुः तपने अस्तंगतेचापि उथतितौ महामेघाविव,"On the first day of the storm he was taken up into the sky, and on the second day a great cloud overwhelmed him.","The first heaven was shaken with a roar, and there was a great thunderstorm.",4.699443186217679
61,तुवैहायसंप्राप्यसरथोरामलक्ष्मणौ आचक्षुर्विषयेतिष्ठवनिव्याधनिशितैश्शरैः,सरथः सः वैहायसम् प्राप्य आचक्षुर्विषये तिष्ठन् निशितैः शरैः रामलक्ष्मणौ विव्याध,"You were given the first lamb, the first lamb, the second lamb, the first lamb, the first lamb, the first lamb, the second lamb, the first lamb, the first lamb, the second lamb, the first lamb, the second lamb, the first lamb, the second lamb, the second lamb, the second lamb, the third lamb, the third lamb, the third lamb, the third lamb, the third lamb, the third lamb, the third lamb, the third lamb, the third lamb, the third lamb, the third lamb, the third lamb, the third lamb, the third lamb, the third lamb, the third lamb, the third lamb, the third lamb, the third lamb, the third lamb, the third lamb, the third lamb, the third lamb, and the third lamb.","When he got the help, he put on a pair of scissors that covered his eyes and covered his body with linen.",0.30769959071937425
62,सोऽङ्गदेन तदा वीरः प्रत्युक्तः प्लवगर्षभःजाम्बवानुत्तरं वाक्यं प्रोवाचेदं ततोऽङ्गदम्,अङ्गदेन तदा प्रत्युक्तः वीरः प्लवगर्षभः सः जाम्बवान् ततः अङ्गदम् उत्तरम् इदं वाक्यम् प्रोवाच,"Then he began to speak boldly and boldly,","""Courage! "" he replied. ""Pleasure! "" he shouted.",2.7354882120611315
63,चन्द्रोदये समुद्भूतं प्रतिचन्द्रसमाकुलम् चण्डानिलमहाग्राहैः कीर्णं तिमितिमिङ्गिलैः,चन्द्रोदये समुद्भूतम् प्रति चन्द्रसमाकुलम् चण्डानिलमहाग्राहैः तिमितिमिङ्गिलैः कीर्णम्,"The moon was like the sea, and the moon was full of lights and stars.",The moon was surrounded by a crescent moon and a crescent moon.,10.123734869668828
64,सा बहून्यमनोज्ञानि वाक्यानि हृदयच्छिदाम्अहं श्रोष्ये सपत्नीनामवराणां वरा सती,सा अहम् वरा सती अवराणाम् हृदयच्छिदाम् सपत्नीनाम् अमनोज्ञानि बहूनि वाक्यानि श्रोष्ये,"I have heard her speak many words of wisdom, and I have heard her speak many words of wisdom.","""I am the man and I am the man and I am the man and I am the woman and I am the man and I am the woman and I am the man and I am the woman and I am the man and I am the woman and I am the man and I am the woman and I am the man and I am the woman and I am the man and I am the woman and I am the woman and I am the man and I am the woman and I am the woman and I am the man and I am the woman and I am the woman and I am the man and I am the woman and I am the woman and I am the man and I am the woman and I am the woman and I am the man and I am the woman and I am the woman and I am the man and I am the woman and I am the woman and I am the man and I am the woman and I am the woman and I am the man and I am the woman.",0.000818275449539768
65,तस्मादेकैकशस्तावद्ब्रुवन्तुसचिवास्तव हेतुतोमतिसम्पन्नास्समर्थाश्चपुन: पुनः,तस्मात् मतिसम्पन्नाः समर्थाश्च: पुनःपुनः तवसचिवाः एकैकशः हेतुतः ब्रुवन्तु: तावत्,"Then one of the centurions was sent to the secretary of the treasury, and he was given authority to do so.","Therefore, let your ministers rise again, and let your ministers rise again, and let your ministers rise again, and let your ministers rise again, and let your ministers rise again, and let your ministers rise again, and let your ministers rise again, and let your ministers rise again, and let your ministers rise again, and let your ministers rise again, and let your ministers rise again, and let your ministers rise again.",0.24600900296048345
66,अनुज्ञातश्च भवता पूर्वमेव यदस्म्यहम्किमिदानीं पुनरिदं क्रियते मन्निवारणम्,अहम् भवता पूर्वमेव अनुज्ञातः अस्मि यत् इदानीम् पुनः इदम् मत् निवारणम् किम् क्रियते,"As you already did and now do, so do we.",I have already been asked why I am being tried again.,4.02724819242185
67,परिवादो हि ते देवि महाल्लोके चरिष्यति यदि रामो वनं याति विहाय पितरं नृपम्,देवि रामः नृपम् पितरम् विहाय वनम् याति यदि लोके ते महान् परिवादे चरिष्यति हि,This means that they will be saved in the great wilderness.,"And he left Peter and Mary in the wilderness, and went out into the wilderness.",6.314512913091053
68,सम्भाषणार्थं च मया जानक्याश्चिन्तितो विधिः इक्ष्वाकूणां हि वंशस्तु ततो मम पुरस्कृतः,मया जानक्याः सम्भाषणार्थम् विधि चिन्तितः ततः इक्ष्वाकूणाम् वंशस्तु मम पुरस्कृतः,"I have knowledge of speech and of the law, and I have been given the gift of speech.",I have studied the law and learned how to speak. Then I was rewarded by the descendants of Isaac.,6.308914614479052
69,भुञ्जाना मानुषान्भोगान्दिव्यांश्च वरवर्णिनिन स्मरिष्यसि रामस्य मानुषस्य गतायुषः,वरवर्णिनि मानुषान् भोगान् दिव्यांश्च भुञ्जाना मानुषस्य गतायुषः रामस्य न स्मरिष्यिसि,"You will remember the days of the famine and the days of man's grief, and the days of the widows and the widows.","They will no longer remember Ram, nor the bridegroom, nor the bridegroom, nor the woman, nor the man, nor the woman, nor the man, nor the woman, nor the man, nor the woman, nor the man, nor the woman.",0.946702019425034
70,ततोविमुक्त्वासशरंशरासनंमहेन्द्रदत्तंकवचं च तन्महत् विम्युचरोषंरिपुनिग्रहात्ततोरामःसुसौम्यत्वमुपागतोऽरिहा,ततः अरिहा सःरामः सशरम् शरासनम् महेन्द्रदत्तम् महत् तत् कवचम् विमुच्य रिपुनिग्रहात् रोषम् विमुक्त्वा ततः सुसौम्यत्वम् उपागतः,"When he was released, he was given the throne and the throne, and his glory was restored to him.","Then she took off her great shield, which she had given to him, and loosened her wrath from her anger, and went forth to be gentle.",4.038553492875281
71,न कथञ्चिदृते रामाद्भरतो राज्यमावसेत् रामादपि हि तं मन्ये धर्मतो बलवत्तरम्,रामादृते भरतः कथञ्चित् राज्यम् न आवसेत् हि तम् रामादपि धर्मतः बलवत्तरम् मन्ये,"He did not say a word, but the king's voice was heard, and the king's voice was heard, and his heart was filled with righteousness.","He thought that righteousness was stronger than Ramah, because no kingdom came to him.",1.9240848598265397
72,अधोमुखंस्थितंरामंततःकृत्वाप्रदक्षिणम् उपावर्ततवैदेहीदीप्यमानंहुताशनम्,ततः वैदेही अधोमुखम् स्थितम् रामम् प्रदक्षिणंकृत्वा दीप्यमानम् हुताशनम् उपावर्तत,"Then he turned his face to the right, with a bright lamp shining on his face.","Then he turned to Ram, who was standing in front of him, and turned the lamp and the lampstand.",8.180492387404001
73,एवमुक्ता वसिष्ठेन शबला शत्रुसूदनविदधे कामधुक्कामान्यस्य यस्य यथेप्सितम्,शत्रुसूदन वसिष्ठेन एवम् उक्ता कामधुक् शबला यस्य यस्य यथा ईप्सितम् कामान् विदधे,"Therefore, he who is faithful will be put to death in the hands of his enemies and will be put to death in the hands of his enemies.",This is what the wicked witch has to say. He is like a weeping wilderness.,1.7557381354086663
74,रामोऽथ सहसौमित्रिर्वनं गत्वा स वीर्यवान् स्थूलान्हत्वा महारोहीननुतस्तार तं द्विजम्,अथ वीर्यवान् रामः सहसौमित्रिः वनम् गत्वा स्थूलान् महारोहीन् हत्वा तं द्विजम् अनुतस्तार,"Ramah went to his friend's house, where he had a feast.","When he had done this, his companions went into the woods and killed him. Then they gave him two more.",3.7675872331976903
75,भ्रामयन्तं कपिं दृष्ट्वा सालवृक्षं महाबलम्चिक्षेप सुबहून्बाणान्जम्बुमाली महाबलः,महाबलः जम्बुमाली सालवृक्षम् भ्रामयन्तम् महाबलम् कपिम् दृष्ट्वा सुबहून् बाणान् चिक्षेप,"When he looked at his brother, he saw that the tree was growing stronger, and that it was beautiful, and that it was beautiful, and that it was beautiful, and that it was very strong.","When the mighty saw that the fig tree was burning, they cut down its fine arrows.",4.7138124442899105
76,तां तु सीतामहं मन्ये रामस्य परिकीर्तनात्श्रूयतां मे कथयतो निलयं तस्य रक्षसः,रामस्य परिकीर्तनात् ताम् सीताम् अहम् मन्ये तस्य रक्षसः निलयम् कथयतः मे श्रूयताम्,"But she said to him, ""Go and protect him.","When I heard Ram's cry, I thought to myself that his guard would come and say, ""Listen to me!",3.2205875954015766
77,न हि शक्यं क्वचित् स्थातुमविज्ञातेन राक्षसैःअपि राक्षसरूपेण किमुतान्येन केनचित्,राक्षसैः अविज्ञातेन राक्षसरूपेणापि क्वचित् स्थातुम् न शक्यं हि अन्येन केनचित् किमुत,"It is not possible for an unknown demon to stand still, nor for a demon to act like a demon.",Others say that the demons can't stay in the form of demons if they don't know what they are doing.,1.727223799216787
78,एवमुक्तस्तु सुग्रीवश्शैलस्य गहनां गुहाम्प्रविवेश ततशशीघ्रं राघवप्रियकाम्यया,एवम् उक्तः सुग्रीवः ततः राघवप्रियकाम्यया शैलस्य गहनाम् गुहाम् शीघ्रम् प्रविवेश,"When he had opened the door, he entered the pit of the pit of the hill, and there was a raging furnace.","After he had said this, the ravens rushed into the den of fine linen.",4.1202784939919095
79,आश्रमं तमुपागम्य राघवस्सह लक्ष्मणःकृत्वा पौर्वाह्णिकं कर्म पर्णशालामुपागमत्,सहलक्ष्मणः राघवः तम् आश्रमम् उपागम्य पौर्वाह्णिकम् कर्म कृत्वा पर्णशालाम् उपागमत्,"When he came to the tabernacle, he made a ram and a ram, and went to the tabernacle.",Then the ravens went up to the tent and made their way to the tent.,6.108557268562174
80,एतावदेवशेषंवोजेतव्यमिहवानराः हतास्सर्वेसमागम्यराक्षसाबलदर्पिताः,वानराः वः इह जेतव्यम् एतावदेव शेषम् बलदर्पिताः सर्वे राक्षसाः समागम्य हताः,Then the rest of the guests were gathered together.,"And the rest of the beasts of the earth were slain, because of the beast.",14.436497957551317
81,शरभङ्गे दिवं प्राप्ते मुनिसङ्घास्समागताःअभ्यगच्छन्त काकुत्स्थं रामं ज्वलिततेजसम्,शरभङ्गे दिवम् प्राप्ते मुनिसङ्घा: समागताः काकुत्स्थम् ज्वलिततेजसम् रामम् अभ्यगच्छन्त,"When the sun came up, they came to the harbor, and there was a fire burning at the stake.","In the middle of the day, as the sun was setting, they came to the temple in a blazing fire.",20.745270424850897
82,ततस्स्वलङ्कृतं राजा नगरं प्रविवेश हशङ्खदुन्दुभिनिर्घोषै: पुरस्कृत्य द्विजर्षभम्,तत: राजा द्विजर्षभम् पुरस्कृत्य स्वलङ्कृतम् तत् नगरम् शङ्खदुन्दुभिनिर्घोषै: प्रविवेश ह,"""The king, wearing a cloak, went into the city and gave him two loaves of bread.","""The king, who has appointed him two years, will enter the city in chains of robes.",17.5376708746474
83,तेषुतेषुचदेशेषुपुण्येष्वेवदृढव्रतैः चर्यमाणंतपस्तीव्रंसन्तापयतिराक्षसान्,पुण्येष्वेव दृढव्रतैः तेषुतेषु देशेषु चर्यमाणम् तीव्रम् तपः राक्षसान् सन्तापयति,"They will go through all the countries and places, and will destroy the living creatures of the earth.","When they come back, they will be filled with fierce heat. They will pass through all the countries.",15.005212294966274
84,प्राज्यकामा जनपदास्सम्पन्नतरगोरसाःविचरन्ति महीपाला यात्रास्था विजिगीषवः,सम्पन्नतरगोरसाः जनपदाः प्राज्यकामाः महीपालाः विजिगीषव: यात्रास्थाः विचरन्ति,"The rich in wealth, the rich in wealth, the rich in wealth, the rich in wealth, the rich in travel,","the rich, the rich, the rich, the wealthy, the wealthy, the wealthy, the wealthy,",12.897168673108649
85,विषण्णा हरयस्सर्वे हनुमन्किमुपेक्षसेविक्रमस्व महावेगो विष्णुस्त्रीन्विक्रमानिव,हनुमन् सर्वे हरयः विषण्णाः किम् उपेक्षसे महावेग विष्णुः त्रीन् विक्रमानिव विक्रमस्व,Vishanna greysarve Hanumanki opposite Servikramswam very fast Vishnu woman Vishwanimaniv,Why do you forget all the green things? Why do you forget all the green things? Why do you forget all the green things? Why do you forget all the green things? Why do you forget all the green things? Why do you forget all the green things? Why do you forget all the green things? Why do you forget all the green things? Why do you forget all the green things? Why do you miss all the green things? Why do you miss all the green things? Why do you miss all the green things? Why do you miss all the green things? Why do you miss all the green things? Why do you miss all the green things?,0.0
86,कुमाराश्च महात्मानो वीर्येणाप्रतिमा भुवि कृतदारा: कृतास्त्राश्च सधना: ससुहृज्जना: शुश्रूषमाणा: पितरं वर्तयन्ति नरर्षभा:,महात्मान: वीर्येण भुवि अप्रतिमा: कृतदारा: कृतास्त्राश्च सधना: ससुहृज्जना: नरर्षभा: कुमारा: पितरम् शुश्रूषमाणा: वर्तयन्ति,"And the virgins, and the mighty, and the mighty, and the wise, and the wise, and the wise, and the wise, and the wise, and the wise,","The mighty and the earthly, the rich and the poor, the rich and the poor, the rich and the needy, the rich and the poor, the poor and the needy,",5.844941052207698
87,आसीनं सूर्यसङ्काशे काञ्चने परमासनेरुक्मवेदिगतं प्राज्यं ज्वलन्तमिव पावकम्,सूर्यसङ्काशे काञ्चने परमासने आसीनम् रुक्मवेदिगतम् प्राज्यम् ज्वलन्तम् पावकम् इव,"The sun was shining on the horizon, and the moon was shining on the horizon.","And the moon was seated in a mirror in the sun, and the sun was shining like a bright cloud in the sky.",12.744942343613422
88,तमृत्विजो नैगमयूथवल्लभास्तदा विसंज्ञाश्रुकलाश्च मातरःतथा ब्रुवाणं भरतं प्रतुष्टुवुः प्रणम्य रामं च ययाचिरे सह,ऋत्विजः नैगमयूथवल्लभाः विसंज्ञाश्रुकलाः मातरः तदा तथा ब्रुवाणम् तं भरतम् प्रतुष्टुवुः रामम् प्रणम्य सह ययाचिरे च,"I prayed for your strength, your strength, your courage, your patience, your love, your love, your love, your love, your love, your love, your love, your love, your love, your love, your love, your love, your love, your love, your love, your love, your love, your love, your love, your love, your love, your love, your love, your love, your love, your love, your love, your love, your love, your love, your love, your love, your love, your love, your love, your love, your love, your love, your love, your love, your love, your love, your love, your love, your love, your love, your love, your love, your love, your love, your love, your love, your love, your love, your love, your love, your love, your love, your love, your love, your love, your love, your love, your love, your love, your love, your love, your love, your love, your love, your love, your love, your love, your love, your love, your love, your love, your love, your love,","He was born to a wealthy Jewish family. He was born to a wealthy Jewish family. He was raised by a wealthy Jewish family, and he was raised by a wealthy Jewish family. He was raised by a wealthy Jewish family.",0.14114048387322065
89,यथोक्तकारी वचनमुत्तरं चैव सोत्तरम्बृहस्पतिसमो बुद्ध्या मत्वा रामानुजस्तदा कामक्रोधसमुत्थेन भ्रातुः कोपाग्निना वृतःप्रभञ्जन इवाप्रीतः प्रययौ लक्ष्मणस्तदा,तदा यथोक्तकारी रामानुजः भ्रातुः कामक्रोधसमुत्थेन कोपाग्निना वृतः अप्रीतः बुद्ध्या बृहस्पतिसमः लक्ष्मणः सोत्तरम् उत्तरं वचनम् मत्वा तदा प्रभञ्जन इव प्रययौ,"When he heard the truth, he was seventy-seven years old, and his anger was kindled, and he was angry with his brother, and he burned at the stake.","Then Ramanujan, the righteous man, was filled with fury and anger because of his brother's wrath. He spoke a word of wisdom, wisdom, and wisdom.",3.5154918713109624
90,अथायान्तंहनूमन्तंददर्शर्क्षपतिपथि वानरैःकृतसङ्ग्रामैश्श्वसद्भिरभिसम्वृतम्,अथ ऋक्षपतिः कृतसङ्ग्रामैः श्वसद्भिः वानरैः अभिसम्वृतम् आयान्तम् हनूमन्तम् ददर्श,"When I saw him, there was a great crowd of monkeys and wild beasts sitting on the threshing floor of the temple.",Then the ruler of the vineyard saw a man named Hanun. He was surrounded by birds of prey.,4.449945957170705
91,शृणु लक्ष्मण सन्नादं वने मद्विवर्धनम् पुष्पिताग्रेषु वृक्षेषु द्विजानामुपकूजताम्,लक्ष्मण वने पुष्पिताग्रेषु वृक्षेषु उपकूजताम् द्विजानाम् मद्विवर्धनम् शृणु,"When they heard the sound of laughter, they cried out in the woods, and they cried out in the bushes, and cried out in the bushes.","""Listen to the sound of the trees growing in the woods of Lakshman, and the flowers of the trees growing in the fields of Lakshman and Lakshman.",10.43550303311796
92,गतायुस्त्वं गतश्रीको गतसत्त्व गतेन्द्रियःलङ्का वैधव्यसंयुक्ता त्वत्कृतेन भविष्यति,त्वम् गतायुः गतश्रीकः गतसत्त्व गतेन्द्रियः त्वत्कृतेन लङ्का वैधव्यसंयुक्ता भविष्यति,"Go away, you people! Go away, you people! Go away, you people! Go away, you people! Go! Go! Go! Go! Go! Go! Go! Go! Go! Go! Go! Go! Go! Go! Go! Go! Go! Go! Go! Go! Go! Go! Go! Go! Go! Go! Go! Go! Go! Go! Go! Go! Go! Go! Go! Go! Go! Go! Go! Go! Go! Go! Go! Go! Go! Go! Go! Go! Go! Go! Go! Go! Go! Go! Go! Go! Go! Go! Go! Go! Go! Go! Go! Go! Go! Go! Go! Go! Go! Go! Go! Go! Go! Go! Go! Go! Go! Go! Go! Go! Go! Go! Go! Go! Go! Go! Go! Go! Go! Go! Go! Go! Go! Go! Go! Go! Go! Go! Go! Go! Go! Go! Go! Go! Go! Go! Go! Go! Go! Go! Go! Go! Go! Go! Go!","You are gone, you are gone, you are gone, you are gone, you are gone, you are gone, you are gone, you are gone, you are gone, you are gone, you are gone, you are gone, you are gone, you are gone, you are gone, you are gone, you are gone, you are gone, you are gone, you are gone, you are gone, you are gone, you are gone, you are gone, you are gone, you are gone, you are gone, you are gone, you are gone, you are gone, you are gone.",0.5600900697598484
93,वृतो हि राजा कैकेय्या मया तद्वचनं कृतम्अनृतान्मोचयानेन पितरं तं महीपतिम्,राजा कैकेय्या वृतो हि मया तद्वचनं कृतम् अनेन महीपतिम् तं पितरम् अनृतात् मोचय,"I did the same thing to Caiaphas the king, and he was anointed by Peter.","I did the same thing at the behest of King Caiaphas, who freed Peter from the hands of the Gentiles.",18.972392012925287
94,राक्षसैर्धर्षितानां च तापसानां तपस्विनाम्गतिं मृगयमाणानां भवान्नः परमा गतिः,राक्षसैः धर्षितानाम् तपस्विनाम् तापसानाम् गतिम् मृगयमाणानाम् नः भवान् परमा गतिः,For the fire of the devils and of the devils and of the devils and of the devils and of the devils and of the devils and of the devils and of the devils and of the devils and of the devils and of the devils and of the devils and of the devils and of the devils and of the devils and of the devils and of the devils and of the devils and of devils and of devils and of devils and of devils and of devils and of devils and of devils and of devils and of devils and of devils and of devils and of devils and of devils and of devils and of devils and of devils and of devils and of devils and of devils.,"The devils, the devils, the devils, the devils, the devils, the devils, the devils, the devils, the devils, the devils, the devils, the devils, the devils, the devils, the devils, the devils, the devils, the devils, the devils, the devils, the devils, the devils, the devils, the devils, the devils, the devils, the devils, the devils, the devils, the devils, the devils, the devils, the devils, the devils, the devils, the devils, the devils, the devils, the devils, the devils, the devils, the devils.",2.6139064778899455
95,न क्षमं चापराद्धानां गमनं स्वामिपार्श्वतःइहैव सीतामन्विष्य प्रवृत्तिमुपलभ्य वा नो चेद्गच्छाम तं वीरं गमिष्यामो यमक्षयम्,अपराद्धानाम् स्वामिपार्श्वतः गमनम् नक्षमम् इहैव सीताम् अन्विष्य प्रवृत्तिम् उपलभ्य वा तं वीरम् नो गच्छाम चेत् यमक्षयम् गमिष्यामः,"We will not tolerate the way of the wicked, for we will not let Satan's temptation overtake us, whether we know it or not.","We will not be able to help those who are unfaithful. But if we do not put up with the temptation that is coming, or if we do not put up with it, we will be in danger.",4.9051108537980115
96,अभ्यषिञ्चंस्तदासर्वेराक्षसावानरास्तथा प्रहर्षमतुलंगत्वातुष्टुवूराममवे ह,तदा सर्वे राक्षसाः स्तथा वानराः अभ्यषिञ्चन् अतुलम् प्रहर्षम् गत्वा राममेवहि तुष्टुवुः,"We were glad to see him come, and we were glad to see him come, and we were glad to see him.","And all the beasts of the earth and all the wild beasts of the earth came to him, rejoicing exceedingly, and mourning for Ram.",3.8034964294692415
97,सुसंरर्ब्धस्तुसौमित्रिरस्त्रंवारुमाददे रौद्रंमहेन्द्रजिद्युद्धेऽप्यसृजद्युद्धनिष्ठितः,सःसौमित्रिः सुसंरब्धः वारुणम् अस्त्रम् आददे युद्धे युद्धविष्ठितः महेन्द्रजिदपि रौद्रम् असृजत्,"And he stood up against the sea, with his weapons of war, and his shields, and his shields, and his shields, and his shields, and his shields, and his shields, and his shields, and his shields, and his shields, and his shields, and his shields, and his shields, and his shields, and his shields, and his shields, and his shields, and his shields, and his shields.","He was a friend of his. He was well equipped with weapons of war. He was a warrior, and he was a warrior.",2.268635654415491
98,एकसाले स्थाणुमतीं विनते गोमतीं नदीम् कलिङ्गनगरे चापि प्राप्य सालवनं तदा भरतः क्षिप्रमागच्छत्सुपरिश्रान्तवाहनः,भरतः एकसाले स्थाणुमतीम् विनते गोमतीं नदीम् सुपरिश्रान्तवाहनः तदा कलिङ्गनगरे चापि सालवनम् प्राप्य क्षिप्रम् आगच्छत्,"Once they reached the town of Kaling, where they asked for a place to stay, and a ship ran aground.","When they had completed a year's journey, the ship sailed along the Sweet River, reaching the town of Kaliningrad.",8.066974340737671
99,एवं मे निश्चिता बुद्धिर्हृदि मारीच वर्ततेन व्यावर्तयितुं शक्या सेन्द्रैरपि सुरासुरैः,मारीच मे बुद्धि एवम् निश्चिता हृदि वर्तते सेन्द्रैः सुरासुरैरपि व्यावर्तयितुम् न शक्या,"And I will speak to you as one of the elders, and as one of the wise, and as one of the wise.",Mary had such a strong heart that she could not speak to the senses or the pigs.,3.632928877985223
100,मम चाप्यल्पभाग्यायास्सान्निध्यात्तव वीर्यवन्अस्य शोकविपाकस्य मुहूर्तं स्याद्विमोक्षणम्,वीर्यवन् तव सान्निध्यात् अल्पभाग्यायाः मम अस्य शोकपाकस्य मुहूर्तम् विमोक्षणम् स्यात्,"For I have been blessed with a very short time, and I have tasted the fruit of the fruit of the vine, and the fruit of the tree of life.","I pray you, O Lord, save the poor and needy from this painful affliction.",1.7577459356554814
101,अथ रक्षांसि भीमानि महान्ति बलवन्ति चकथञ्चित्सांपराये त्वां जयेयुः कपिसत्तम,कपिसत्तम अथ भीमानि महान्ति बलवन्ति च रक्षांसि सांपराये कथञ्चित् त्वाम् जयेयुः,"Those who guard you will be greatly strengthened, and you will be overcome by a few snares.","You are a hypocrite. These men are great and mighty, and the serpents that guard you.",6.336859268415405
102,तमापतन्तं सहसा वालिपुत्रोऽङ्गदस्तदारावणोऽयमिति ज्ञात्वा तलेनाभिजघान ह,तदा वालिपुत्रः अङ्गदः आपतन्तम् तम् अयम् रावणः इति ज्ञात्वा सहसा तलेन अभिजघान ह,"When he realized that he was a slave, he was furious.","When he saw that the man had been crippled, he immediately fell down on the ground.",6.581989038465537
103,मुक्तामणिसुवर्णानि वस्त्राण्याभरणानि च यद्यदिच्छेत्तदेवास्या देयं मच्छन्दतो यथा,मुक्तामणिसुवर्णानि वस्त्राणि आभरणानि च यत् यत् इच्छेत् तदेव अस्याः मच्छन्दतो यथा देयम्,"gold and precious stones, and fine garments, and clothing that God wills to give as he pleases.","and gold and fine jewelry and ornaments, and give them to each one as he pleases.",18.759202316167215
104,अहं च रघुवंशश्च लक्ष्मणश्च महाबलः वैदेह्या दर्शनेनाद्य धर्मतः परिरक्षिताः,वैदेह्या: दर्शनेन: अद्य: अहं च: रघुवंशश्च: महाबलः लक्ष्मणश्च: धर्मतः परिरक्षिताः,"I, Ragusa, Laxman, the mighty, have kept the truth until I saw them testify.","Vedaiah: The vision: Today: I: Raghuvan, the great, the mighty, and Laxman: the righteous.",12.575326514292932
105,ततस्समुक्षितो रामो मुक्तैश्शोणितबिन्दुभिः वायसेन ततस्तेन बलवत्क्लिश्यमानया स मया बोधितश्श्रीमान्सुखसुप्तः परन्तपः,ततः रामः मुक्तै: शोणितबिन्दुभिः समुक्षितः ततः तेन वायसेन बलवत् क्लिश्यमानया मया श्रीमान् परन्तपः सुखसुप्तः सः बोधितः,"When he reached the top of the hill, he was struck by lightning, but the woman I spoke to fell asleep.",Then Ram was released. He was covered with fine spots. Then he put his hands on the rich man's wrists and put him to sleep.,1.9914519429181756
106,मन्निमित्तेन मानार्हः कच्चिच्छोकेन राघवःकच्चिन्नान्यमना रामः कच्चिन्मां तारयिष्यति,मानार्हः राघवः मन्निमित्तेन शोकेन कच्चित् रामः नअन्यमनाः न कच्चित् माम् कच्चित् तारयिष्यति,And the raisin and the grain of wheat and the lamb shall be delivered from the stall.,A wolf in sheep's clothing and a lamb in sheep's clothing will save me.,2.8265205879007453
107,मां हि शोकसमाक्रान्तं सन्तापयति मन्मथः हृष्टः प्रवदमानश्च ममाह्वयति कोकिलः,शोकसमाक्रान्तम् माम् मन्मथः सन्तापयति हृष्ट: प्रवदमानः कोकिलः ममाह्वयति,"He makes me sad in the midst of mourning; he makes me cry out loud, and I cry out loud.",My breast groaneth at the time of sorrow; and the cup that is poured out rejoices in me.,2.769348116298872
108,कश्चिन्न दुष्टस्तत्रासीत्परदाररतो नर: प्रशान्तं सर्वमेवासीद्राष्ट्रं पुरवरं च तत्,तत्र दुष्ट: परदाररत: नर: कश्चित् नासीत् सर्वम् राष्ट्रम् तत् पुरवरं च प्रशान्तम् आसीत्,"He is a gentle man, slow to anger, slow to anger, and gentle in all things.","There were evildoers, men and women, men and women, and all the nations were at peace.",5.039518688486958
109,अनुरक्तजनाकीर्णा सुखालोकप्रियावहाराजव्यसनसंसृष्टा सा पुरी विनशिष्यति,अनुरक्तजनाकीर्णा सुखा लोकप्रियावहा सा पुरी राजव्यसनसंसृष्टा विनशिष्यति,"The fruit of the vine, the fruit of the vine, the fruit of the vine, the fruit of the vine, the fruit of the vine, the fruit of the vine, the fruit of the vine, the fruit of the vine, the fruit of the vine, the fruit of the vine, the fruit of the fig tree, the fruit of the fig tree, the fruit of the fig tree, the fruit of the fig tree, the fruit of the fig tree, the fruit of the fig tree, the fruit of the fig tree, the fruit of the fig tree.",She will destroy all the kingdoms of the wicked and the proud.,0.7765782506252724
110,कथंत्रैलोक्यमाक्रम्यश्रियावीर्येणचान्वितम् अविषह्यंजघानत्वांमानुषोवनगोचरः,त्रैलोक्यम् आक्रम्य श्रिया वीर्येण च अन्वितम् अविषह्यम् त्वाम् वनगोचरः मानुषः कथम् जघान,"For the word of the Lord is against us, and against our works, and against our sins, and against our sins, and against our sins, and against our sins, and against our sins, and against our sins, and against our sins, and against our sins, and against our sins, and against our sins, and against our sins, and against our sins, and against our sins, and against our sins, and against our sins, and against our sins, and against our sins.","You are a man of great courage, a man of great courage, a man of great courage.",0.5076469172229491
111,कच्चिज्जीवति वैदेहि प्राणैः प्रियतरा ममकच्चित्प्रव्राजनं सौम्य न मे मिथ्या भविष्यति,सौम्य मम प्राणैः प्रियतरा वैदेही जीवति कच्चित् मे प्रव्राजनम् मिथ्या न भविष्यति कच्चित्,"I will not lie to you, my beloved, but I will not lie to you, my beloved, but I will not lie to you.","I am a gentle man, my beloved stranger, and I will not lie to you.",25.214324243688417
112,ममर्दाश्वान्गजांश्चापिरथांश्चापिनगोत्तमः तानिचान्यानिरक्षांसिएवंचान्यगदिरेःशिरः,नगोत्तमः अश्वान् गजांश्चापि रथांश्चापि ममर्ध अन्यत् गिरेःशिरः तानि अन्यानि रक्षांसि,"I am a servant of God, a servant of God, a servant of God, a servant of God, a servant of God, a servant of God, a servant of God, a servant of God, a servant of God, a servant of God, a servant of God, a servant of God, a servant of God, a servant of God, a servant of God, a servant of God, a servant of God, a servant of God, a servant of God, a servant of God, a servant of God, a servant of God, a servant of God, a servant of God, a servant of God, a servant of God, a servant of God, a servant of God, a servant of God, a servant of God, a servant of God, a servant of God.","horses, chariots, and horsemen, and all that fell.",0.3115340384569149
113,त्वां तु धर्मे स्थिता नित्यं सर्वभूतनमस्कृतम् दृष्ट्वा देवोपमं राम स्वर्गलोकं गमिष्यति,राम नित्यम् धर्मे स्थिता सर्वभूतनमस्कृतम् देवोपमम् त्वाम् दृष्ट्वा स्वर्गलोकम् गमिष्यति,"But he will see that you are righteous and have been perfected forever, and will go up to heaven.",He will see you go to heaven. You are God's perfect and perfect bread.,9.84610795142858
114,ततो गुह स्सन्त्वरितं श्रुत्वा भरतशासनम्प्रति प्रविश्य नगरं तं ज्ञातिजनमब्रवीत्,ततः गुहः सन्त्वरितम् भरतशासनम् श्रुत्वा नगरम् प्रति प्रविश्य तम् ज्ञातिजनम् अब्रवीत्,"When the man heard that the cave was closed, he went to the governor's office and told the people who had come to the city about Jesus.","When the ruler heard that the cave was closed, he went into the city and brought Jesus back.",32.95103291209691
115,तुष्टाव प्रणतश्चैव शिरसा मधुसूदनम्विमलक्षौमसंवीतो वाचयामास स द्विजान्,शिरसा प्रणत: मधुसूदनम् तुष्टाव विमलक्षौमसंवीतः द्विजान् वाचयामास,He bowed his head to the ground and read the book.,"He fell to his knees and read two books, one on the left and the other on the right.",4.524546213252249
116,सङ्ग्रामेतंतथादृष्टवारावणंतलताडितम् ऋषयोवानराःसिद्धानेदुर्देवास्सहासुरैः,सङ्ग्रामे तथा तलताडितम् तंरावणम् दृष्टवा ऋषयः वानराः सिद्धाः असुरैःसह देवा नेदुः,"When they saw him in the synagogue, there was a loud noise, and there was a loud noise, and there was a loud noise, and there was a loud noise, and there was a loud noise, and there was a loud noise, and there was a loud noise, and there was a loud noise, and there was a loud noise, and there was a loud noise, and there was a loud noise, and there was a loud noise.","In the synagogue, and in the tent of meeting, and in the tent of meeting, and in the tent of meeting, and in the tent of meeting, and in the tent of meeting, and in the tent of meeting, and in the tent of meeting, and in the tent of meeting, and in the tent of meeting, and in the tent of meeting, and in the tent of meeting, and in the tent of meeting, and in the tent of meeting, and in the tent of meeting, and in the tent of meeting, and in the tent of meeting, and in the tent of meeting, and in the tent of meeting,",2.6736373238836317
117,अम्बरीषस्य पुत्रोऽभून्नहुष: पृथिवीपति:नहुषस्य ययातिस्तु नाभागस्तु ययातिज:,पृथिवीपति: नहुष: अम्बरीषस्य पुत्र: अभूत् नहुषस्य ययाति: नाभाग: ययातिज:,"The son of Amharic, the ruler of the earth, the ruler of the world, the ruler of the world, the ruler of the world,","And the ruler of the earth was Noah, the son of Ammarish, the son of Abut, the son of Noah, the son of Jahath, the son of Nagah, the son of Jahath, the son of Jahath, the son of Jahath, the son of Gad, the son of Gad, the son of Gad, the son of Gad, the son of Gad, the son of Gad, the son of Gad, the son of Gad, the son of Gad, the son of Gad, the son of Gad, the son of Gad, the son of Gad, the son of Gad, the son of Gad, the son of Gad, the son of Gad, the son of Gad, the son of Gad, the son of Gad, the son of Gad, the son of Gad, the son of Gad, the son of Gad, the son of Gad, the son of Gad, the son of Gad, the son of Gad, the son of Gad, the son of Gad, the son of Gad, the son of Gad,",0.042565629070021975
118,प्रसीदन्तु भवन्तो मे ह्रीरेषा हि ममातुलायदीदृशैरहं विप्रैरुपस्थेयैरुपस्थितः,भवन्तः मे प्रसीदस्तु अहम् यत् उपस्थेयैः ईदृशैः विप्रैः उपस्थितः एषा मम अतुला ह्रीः हि,"For I am in the midst of you, as if I were in the midst of you; and I am in the midst of you, as if I were in the midst of you.",For you know that I am very pleased to be present at your meetings.,2.4371431437250504
119,भृत्यानां भरणात्सम्यक्प्रजानां परिपालनात्अर्थादानाच्च धर्मेण पिता न स्त्रिदिवंगतः,नः पिता भृत्यानाम् भरणात् सम्यक् प्रजानाम् परिपालनात् धर्मेण अर्थानाम् आदानात् त्रिदिवम् गतः,"He was not a father to a righteous man, but a father to a righteous man, and a father to a wicked man, and a father to a wicked man,","For three days the father of the dog was eating the food that he had been given, and he spoke righteous words.",2.7374353552268267
120,जीवितान्तकरं घोरं सादृश्यात्तु विशङ्कितःमूलघातो न नौ स्याद्धि द्वयोरपि कृतो मया,सादृश्यात् विशङ्कितः जीवितान्तकरम् घोरम् नौ द्वयोः मूलघातः स्याद्धि मया न कृतः,"For I was like a living dove, with a twisted horn, with a twisted horn, and a twisted horn.",I could not see what it was like to live in a sea of deep waters. I could not see what it was like to live in a sea of deep waters.,2.6866389546980374
121,लङ्घनार्थंचघोरस्यसमुद्रस्यनदींपतेः सहास्माभिरिहोपेतस्सूक्ष्मबुद्धिर्विचारय,सूक्ष्मबुद्धिः इह: अस्माभिःसह: उपेतः नदीपतेः घोरस्य: समुद्रस्य: लङ्घनार्थम्: विचारय:,"The waters of the sea are very rough, and the waters of the sea are very shallow, and the waters of the sea are very shallow, and the waters of the sea are very shallow, and the waters of the sea are very shallow, and the waters of the sea are very shallow, and the waters of the sea are very shallow, and the waters of the sea are very shallow, and the waters of the sea are very shallow.","This is the subtle wisdom: We are farmers: upstream, upstream, deep. At sea, deep.",0.657289842391054
122,मयाप्याचरितं पूर्वैः पन्थानमनुगच्छता प्रजा नित्यमनिद्रेण यथाशक्त्यभिरक्षिताः,पूर्वै: आचरितम् पन्थानम् अनुगच्छता नित्यम् अनिद्रेण मयापि प्रजा: यथाशक्ति अभिरक्षिता:,"They have kept it as strongly as they can, following the paths I have walked before.","For I have walked in the way of righteousness, and I have not ceased to walk in it; I have kept it as far as I could.",11.177847092997345
123,आपततनींशिलांदृष्टवागदामुद्यम्यसम्भ्रमात् रथादाप्लुत्यवेगेनवसुधायांव्यतिष्ठत,आपतन्तीम् शिलाम् दृष्टवा सम्भ्रमात् गदाम् उद्यम्य वेगेन रथात् आप्लुत्य वसुधायाम् व्यतिष्ठत,"and the chariot was filled with water, and the raft was about to be filled with water.","But when he saw that there was a steep hill, he got up and ran away from the carriage.",2.7247931978069366
124,ईदृशैस्तैरमात्यैस्तु राजा दशरथोऽनघ: उपपन्नो गुणोपेतैरन्वशासद्वसुन्धराम्,अनघ: दशरथ: राजा गुणोपेतै: ईदृशै: अमात्यै: उपपन्न: वसुन्धराम् अन्वशासत्,"These are the names of the kings of Judah, and the names of the kings of Judah, and the names of the kings of Judah, and the names of the kings of Judah, and the names of the kings of Judah, and the names of the kings of Judah, and the names of the kings of Judah, and the names of the kings of Judah, and the names of the kings of Judah, and the names of the kings of Judah, and the names of the kings of Judah, and the names of the kings of Judah, and the names of the kings of Judah, and the names of the kings of Judah.","And it came to pass in the days of David the king of Judah, that the king of Judah, and the king of Judah, and the king of Judah, and the king of Judah, and the king of Judah, and the king of Judah, and the king of Judah, and the king of Judah, that the king of Judah, and the king of Judah, and the king of Judah, and the king of Judah, and the king of Judah, and the king of Judah, and the king of Judah, and the king of Judah, and the king of Judah, and the king of Judah, and the king of Judah, and the king of Judah,",34.487733499020464
125,ननोदेवकृतंकिञ्चिद्भयमस्तिकदाचन मानुषान्नोभयंराजंस्तुमुलंसम्प्रबाधते,राजन् नः कदाचन देवकृतम् भयम् किंचित् नास्ति मानुषात् तुमुलम् भयम् सम्प्रबाधते,The fear of men and the fear of kings will destroy the children.,"Fear of God is not fear of kingship, but fear of man.",8.493098745313143
126,ते गत्वा पर्वतं राम कैलासं धातुमण्डितम्अग्निं नियोजयामासु: पुत्रार्थं सर्वदेवता:,ते सर्वदेवता: धातुमण्डितम् कैलासं पर्वतम् गत्वा पुत्रार्थम् अग्निम् नियोजयामासु:,"And they went up to Mount Rama, and to Mount Kailash, and set it on fire; and they said, All the gods are for the son of man.",All these gods came to the mountains of Calvary and set fire to their sons.,3.358851369497101
127,अहं तु तं नरव्याघ्रमुपयातः प्रसादकःप्रतिनेतुमयोध्यां च पादौ तस्याभिवन्दितुम्,अहं तु नरव्याघ्रम् तम् प्रसादकः अयोध्याम् प्रतिनेतुम् तस्य पादौ अभिवन्दितुम् च उपयातः,"I put him in the mouth of the dragon, and put him under the feet of the beast.","But I went to the dragon, to bring him to his sacrifice, and to kiss his feet.",10.079037376973918
128,गुहस्य वचनं श्रुत्वा तत्तु स्नेहादुदीरितम्रामस्यानुवशो वाक्यं भरतोऽपीदमब्रवीत्,रामस्य अनुवशः भरतोऽपि स्नेहात् उदीरितम् तत् गुहस्य वचनम् श्रुत्वा इदं वाक्यम् अब्रवीत्,"When he heard this, he was deeply moved, and his heart was filled with grief.","And when she heard the voice of the cave, her heart was filled with love.",15.464260451973765
129,राक्षसानांवरिष्ठश्चतवभ्रातावीभीषणः प्रतिगृह्यपुरींलङ्कांराघवस्यहितेरतः,राक्षसानाम् वरिष्ठश्च तव भ्राता विभीषण राघवस्य हिते रत लङ्कापुरीम् प्रतिगृह्य,He was terrified of evil spirits and was thrown into prison.,"And the elders of the demons and the elders of thy brother came back to Lankapuri in the night, for the sake of the fearsome raven.",1.1748215406375926
130,प्रीत्या च रममाणोऽथ राघवः परवीरहा बहुमानेन महता हनुमन्तमवैक्षत,परवीरहा राघवः रममाणः उपेतः महता बहुमानेन हनुमन्तम् अवैक्षत,"Love and be kind to the poor and needy, and show great respect for the poor and needy.",The Lord's Prayer and the Righteousness of the LORD,2.5197593442434796
131,दिशः पर्याकुलाश्चासन्रजसा तेन मूर्छताचचाल च मही सर्वा सशैलवनकानना,तेन रजसा मूर्छता दिशः पर्याकुलाश्च सशैलवनकानना सर्वा मही च चचाल,"And he made a great deal of silver, and silver, and gold, and silver, and gold, and silver, and gold, and silver, and gold, and silver, and gold, and silver, and gold, and silver.","And he made a stone, and cast it into the sea, and into the sea, and into the sea, and into the sea, and into the sea, and into the sea, and into the sea, and into the sea, and into the sea, and into the sea, and into the sea, and into the sea, and into the sea, and into the sea, and into the sea, and into the sea, and into the sea, and into the sea, and into the sea, and into the sea, and into the sea, and into the sea, and into the sea, and into the sea, and into the sea, and into the sea.",1.8513920916488449
132,एवमुक्तस्तु रामेण लक्ष्मणः परवीरहा नदीं गोदावरीं रम्यां जगाम लघुविक्रमः,रामेण एवम् उक्तः परवीरहा लक्ष्मणः लघुविक्रमः रम्याम् गोदावरीं नदीम् जगाम,"This is free of Ramen, Lakshman, Parviharha, Godavari and Rami.",Ramayana says: Parviraha Lakshman small business Ramya Godavari and Jagam river,6.285596338261262
133,स राजभवनप्रख्यात्तस्माद्रामनिवेशानात्निर्गत्य ददृशे मार्गं वसिष्ठो जनसंवृतम्,सः वसिष्ठः राजभवनप्रख्यात् तस्मात् रामनिवेशनात् निर्गत्य जनसंवृतम् मार्गम् ददृशे,"He went out of the palace hall, the palace hall, the palace hall, the palace hall, the palace hall, the palace hall, the palace hall, the palace hall, the palace hall, the palace hall, the palace hall, and the palace hall.",He went out of the palace and found a way out.,9.090870283740552
134,नाहमर्थपरो देवि लोकमावस्तुमुत्सहेविद्धिमामृषिभिस्तुल्यं केवलं धर्ममास्थितम्,देवि अहम् अर्थपरः न लोकम् आवस्तुम् उत्सहे केवलम् धर्मम् आस्थितम् माम् ऋषिभिः तुल्यम् विद्धि,For God's righteousness is the righteousness of a man's conscience.,"For I am not worthy of anyone's respect, nor am I worthy of anyone's respect.",2.8586838330063995
135,महार्हवस्त्रसंवीतो भूत्वा चिरसुखोषितः काषायपरिधानस्तु कथं भूमौनिवत्स्यति,महार्हवस्त्र संवीतः भूत्वा चिरसुखोषितः काषायपरिधानः कथं वा भूमौ निवत्स्यति,"""How can a man put on a garment of fine linen and put it on a garment of fine linen?",and a piece of fine linen wrapped around his waist was thrown to the ground.,7.305267243289862
136,ततो नान्दीमुखीं रात्रिं भरतं सूतमागधाःतुष्टुवुर्वाग्विशेषज्ञास्स्तवैर्मङ्गलसंहितैः,ततः वाग्विशेषज्ञाः सूतमागधाः नान्दीमुखीम् रात्रिम् मङ्गलसंहितैः स्तवैः भरतम् तुष्टुवुः,"At night they set out on a ship carrying torpedoes and other torpedoes, along with the rest of the ship's crew.","Then the rest of the merchants went out and loaded them with figs of the sea, and by night they were full of dung.",12.520555852584678
137,दुर्वृत्तमपि कः पुत्रं त्यजेद्भुवि विचक्षणःकश्च प्रव्राज्यमानो वा नासूयेत्पितरं सुतः,भुवि विचक्षणः कः दुर्वृत्तमपि पुत्रम् त्यजेत् प्रव्राज्यमानो अपि कः सुतः पितरम् ना सूयेत्,Who is the one who rejects the Son? Who is the one who rejects the Son? Who is the one who rejects the Son? Who is the one who rejects the Son? Who is the one who rejects the Father?,Anyone who rejects the Son of God or rejects the Son of God will not reject the Father.,8.204139183432648
138,स दूरं सहसोत्पत्य दुर्धरस्य रथे हरिः निपपात महावेगो विद्युद्राशिर्गिराविव,सः हरिः दूरं सहसा उत्पत्य महावेगः गिरौ विद्युद्राशिरिव दुर्धरस्य रथे निपपात,He stood at a distance and saw a chariot of lightning flashing.,"Coming from a long distance, he hurried to the chariot and fell down on the chariot of an electrocutor.",4.3941800929564945
139,धर्मात्मा तस्य तथ्येन भ्रातुर्वाक्येन विस्मितःउवाच राम स्सम्प्रेक्ष्य पौरजानपदं जनम्,धर्मात्मा रामः तस्य भ्रातुः तथ्येन वाक्येन विस्मितः पौरजानपदम् जनम् सम्प्रेक्ष उवाच,The Spirit of Righteousness marveled at him and his brother's words.,The godly Ram was astonished by his brother's words.,22.416933501922298
140,अत्येति रजनी या तु सा न प्रतिनिवर्ततेयात्येव यमुना पूर्णा समुद्रमुदकाकुलम्,या रजनी अत्येति सा न प्रतिनिवर्तते पूर्णा यमुना उदकाकुलम् समुद्रम् यात्येव,"So the sea is full of salt, and it does not sink.",This is not a representation of the fullness of Yamuna's waves in the sea.,6.959578721753987
141,स रामस्य वचश्श्रृत्वा भृशं दुःखहतः पिताशोकादशक्नुवन्वकतुं प्ररुरोद महास्वनम्,रामस्य वचः श्रुत्वा पिता सः भृशम् दुःखहतः शोकात् वक्तुम् अशक्नुवन् महास्वनम् प्ररुरोद,"When he heard the voice of Ramah, his heart was troubled, and he went to his father's house.","When his father heard this, he was greatly distressed, and he couldn't say a word.",9.134423666564473
142,कदाचिदप्यहं वीर्यात्पर्यटन्पृथिवीमिमाम्बलं नागसहस्रस्य धारयन्पर्वतोपमः नीलजीमूतसङ्काशस्तप्तकाञ्चनकुण्डलःभयं लोकस्य जनयन्किरीटी परिघायुधः व्यचरं दण्डकारण्ये ऋषिमांसानि भक्षयन्,कदाचित् अहमपि वीर्यात् इमाम् पृथिवीम् पर्यटन् नागसहस्रस्य बलम् धारयन् पर्वतोपमः नीलजीमूतसङ्काशः तप्तकाञ्चनकुण्डलः किरीटी परिघायुधः लोकस्य भयम् जनयन् ऋषिमांसानि भक्षयन् दण्डकारण्ये व्यचरम्,"I have walked the earth, and I have seen many dragons. I have seen mountains of blue, blue, purple, and green. I have been afraid of men. I have lived in depravity. I have lived in immorality. I have eaten the flesh of wild beasts.","I was afraid that I might go around the earth with the power of dragons. I was afraid of mountains, of lions, of lions, of devils, of devils, of evil spirits, of the fear of men, of wild beasts, of evil deeds, of sexual immorality.",6.686871661060281
143,त्वद्दर्शन विशुद्धात्मा न स कोपं करिष्यतिन हि स्त्रीषु महात्मानः क्वचित्कुर्वन्ति दारुणम्,विशुद्धात्मा सः त्वद्दर्शन कोपम् न करिष्यति महात्मानः क्वचित् स्त्रीषु दारुणम् न कुर्वन्ति हि,You will not be offended by the holy spirit.,"The Holy Spirit will not be angry with you, for there are very few women who do not drink wine.",5.05538208918013
144,एष वै सुमहाञ्छ्रीमान्विटपी सम्प्रकाशतेविराजत्युद्गतस्कन्धं कोविदारध्वजो रथे,एषः सुमहान् श्रीमान् उद्गतस्कन्धः विटपी सम्प्रकाशते रथे कोविदारध्वजः विराजति,It was like a chariot carrying a white flag.,This is a rich man who is sitting on a chariot carrying a white flag.,35.065941041239306
145,भित्त्वा तु तां गदां बाणै राघवो धर्मवत्सलःस्मयमानः खरं वाक्यं संरब्धमिदमब्रवीत्,धर्मवत्सलः राघवः तां गदाम् बाणैः भित्त्वा स्मयमानः संरब्धम् खरम् इदं वाक्यम् अब्रवीत्,He built it into a wall and buried it with the sound of God's holy word.,This was the story of the righteous rabbi who covered the walls with thorns.,3.234245292096216
146,राजा दशरथो नाम ज्येष्ठस्तस्य सुतो बली रामः प्राप्तो मुनिं द्रष्टुं भार्यया सह सीतया,दशरथो नाम राजा तस्य ज्येष्ठः सुतः बली रामः भार्यया सीतया सह मुनिम् द्रष्टुम् पाप्तः,"The king and his wife went down to see Ram, the son of their eldest son, who was named Deshartus.","The king's firstborn, whose name was Bala Ram, and his wife, Sita, committed a sinful act.",8.9275746495808
147,हनुमानपिसङ्क्रुद्धःसानुमुत्पाट्यपर्वतात् स लक्ष्मणंस्वयंपृष्ठादवरोप्यमहामनाः रक्षसांकदनंचक्रेसमासाद्यसहस्रशः,महामनाः सःहनुमानपि सङ्क्रुद्धः लक्ष्मणम् स्वयम् पृष्ठात् अवरोप्य पर्वतात् सानुम् उत्पाट्य समासाद्य सहस्रशः रक्षसाम् कदनम् चक्रे,"And Hanuman was angry; and he went up from the hill of Hanan, and set himself upon the hill of Hanan, and set himself upon the hill of Hanan, and upon the hill of Hanan, and upon the hill of Hanan, and upon the hill of Hanan, and upon the hill of Hanan, and upon the hill of Hanan, and upon the hill of Hanan, and upon the hill of Hanan, and on the hill of Hanan, and on the hill of Hanan, and on the hill of Hanan, and on the hill of Hanan, and on the hill of Hanan, and on the hill of Hanan, and on the hill of Hanan, and on the hill of Hanan, and on the hill of Hanan, and on the hill of Hanan, and on the hill.","And the great angel came down from the mountain, and brought forth a dragon, a dragon, and a dragon, and he gathered a thousand men.",1.085767092691337
148,स यथैवाऽगतः पूर्वं तथैव त्वरितं गतःनिपत्य गगनाद्भूमौतद्वनं प्रविवेश ह स प्रविष्टो मधुवनं ददर्श हरियूथपान्विमदानुत्थितान्सर्वान् मेहमानान्मधूदकम्,मधुवनम् प्रविष्टः सः विमदान् मदूदकम् मेहमानान् सर्वान् हरियूथपान् ददर्श,"When he had gone away as quickly as he had gone before, he went into the inner courtyard of the temple. When he came in, he saw a mirage of green wine and wine, and all his guests were drinking.","When he entered the garden, he saw a pool of vines and a tablecloth, and all the guests were covered with green bread.",9.995886586466389
149,ते समन्तादतिक्रुद्धा राघवं पुनरभ्ययुः तैश्च सर्वा दिशो दृष्ट्वा प्रदिशश्च समावृताःराक्षसैरुद्यतप्रासैश्शरवर्षाभिवर्षिभिः स कृत्वा भैरवं नादमस्त्रं परमभास्वरम्संयोजयत गान्धर्वं राक्षसेषु महाबलः,ते अतिक्रुद्धाः पुनः राघवम् समन्तात् अभ्ययुः महाबलः सः उद्यतप्रासैः शरवर्षिभिः तैः सर्वाः दिशः प्रदिशश्च समावृताः दृष्ट्वा भैरवम् नादम् कृत्वा राक्षसेषु परमभास्वरम् गान्धर्वम् अस्त्रम् संयोजयत,"Then they went out again, hurrying and hurrying, and they saw the beast, the dragon, the dragon, the dragon, the dragon, the dragon, the dragon, the dragon, the dragon, the dragon, the dragon, the dragon, the dragon, the harlot, the dragon, the dragon, the dragon, the dragon, the dragon, the dragon, the dragon, the dragon, the dragon, the dragon, the dragon, the dragon, the dragon, the dragon, the dragon, the dragon, the dragon, the dragon, the dragon, the dragon, the dragon, the dragon, the dragon, the dragon, the dragon, and the dragon.","And they were furious again. And the mighty one, the mighty one, and the mighty one, and the great one, and the great one, and the great one, and the great one, and the great one, and the great one, and the great one, and the great one, and the great one, and the great one, and the great one, and the great one, and the great one, and the great one, and the great one, and the great one, and the great one, and the great one, and the great one, and the great one, and the great one, and the great one, and the great one, and the great one, and the great one, and the great one and the great one, and the great one and the great one, and the great one and the great one and the great one and the great one and the great one and the great one and the great one and the great one and the great one and the great one and the great one and the great one and the great one and the great one and the great one and the great, and the great and the great one and the great one and the great one and the great one and the great one",1.1187250081911677
150,आज्ञाप्याथ यथाऽज्ञप्ति युक्तास्तेऽधिकृता नराःरमणीयेषु देशेषु बहुस्वादुफलेषु च यो निवेशस्त्वभिप्रेतो भरतस्य महात्मनःभूयस्तं शोभयामासुर्भूषाभिर्भूषणोपमम्,अधिकृता ते नराः यथाज्ञप्ति युक्ताः आज्ञप्य अथ बहुस्वादुफलेषु रमणीयेषु देशेषु महात्मनः भरतस्य यः निवेशः अभिप्रेतः तम् भूषाभिः भूषणोपमम् भूयः शोभयामासुः,We have been obedient to the wisdom and wisdom of God and to the richness and splendor of the earth and to the abundance of the good things we have invested in you.,"The rulers of these nations, according to the word of the prophets, have given orders to the rich and prosperous land of the rich to invest in.",5.007816165264321
151,कर्तुमर्हसि रामस्य साहाय्यं विषये सतीअथवा मैथिलीं दृष्ट्वा रामं चाक्लिष्टकारिणम् आगमिष्यामि ते वक्त्रं सत्यं प्रतिशृणोमि ते,विषये सती रामस्य साहाय्यम् कर्तुम् अर्हसि अथवा मैथिलीम् अक्लिष्टकारिणम् रामं च दृष्ट्वा ते वक्त्रम् आगमिष्यामि सत्यम् ते प्रतिशृणोमि,"If you do, I will come to you with the help of Ramah and Mitylae, and I will tell them the truth.","In this case, I will come and tell them the truth, and I will answer them.",29.39918700508725
152,इत्युक्तो मुनिना तेन राजोवाच मुनिं तदान हि शक्तोऽस्मि सङ्ग्रामे स्थातुं तस्य दुरात्मन:,इति तेन मुनिना उक्त: राजा तदा मुनिम् उवाच सङ्ग्रामे तस्य दुरात्मन: स्थातुम् शक्त: न अस्मि,This is why the king and his demons have authority to come to him in the synagogues.,"""The king was speechless, "" he replied"". I am not able to stand.",2.8265205879007453
153,अपि चातिपरिक्लिष्टं चिराद्दारैस्समागतम्आत्मकार्यगरीयस्त्वाद्वक्तुं नेच्छामि वानरम्,अपिच अतिपरिक्लिष्टम् चिरात् दारैः समागतम् वानरम् आत्मकार्यगरीयस्त्वात् वक्तुम् नेच्छामि,"In addition, I would like to give a clear and thorough testimony to the work of the Spirit.","Moreover, I do not want to speak of the monkey who came through the door of a cleansed door.",6.1258522674673195
154,कतरेण गमिष्यामि भरद्वाजाश्रमं गुहगहनोऽयं भृशं देशो गङ्गाऽनूपो दुरत्ययः,गुह कतरेण भरद्वाजाश्रमम् गमिष्यामि गङ्गनूपः अयम् देशः भृशम् गहनः दुरत्ययः,"I will go by the sea, I will go by the sea, I will go by the sea, I will go by the sea, I will go by the sea, I will go by the sea, I will go by the sea, I will go by the sea, I will go by the sea, I will go by the sea, I will go by the sea, I will go by the sea, I will go by the sea, I will go by the sea, I will go by the sea, I will go by the sea, I will go by the sea, I will go by the sea.",I will go to work through the caves of the valley of the shadow of death.,1.306539882782759
155,राक्षसैस्त्सूयमानस्सञ्जयाशीर्भिररिन्दमः आससादमहातेजास्सभांविरचितांतदा,तदा: अरिन्दमः महातेजाः राक्षसैः जयाशीर्भि: स्तूयमानः विरचिताम् सभाम् आससाद:,"When the devil came to the throne of heaven, he made a covenant with them.","They said, ""We are in great distress, we are in great distress, we are in great distress, we are in great distress, we are in great distress, we are in great distress"".",0.6628172983659925
156,इति तस्य ब्रुवाणस्य लक्ष्मणश्शुभलक्षणःशशंस राघवं तस्य कबन्धस्य महात्मनः,तस्य इति ब्रुवाणस्य शुभलक्षणः सः लक्ष्मणः महात्मनः कबन्धस्य राघवम् शशंस,"The beauty of his brow, the beauty of his brow, and the beauty of his countenance.","He was greeted with the good news of his brilliance, and laid a wreath in the tomb of Laxman the Great.",5.516686809951126
157,मुहूर्तं भव सौमित्रे सीतायाः प्रत्यनन्तरःइमानस्या वधिष्यामि पदवीमागतानिह,सौमित्रे मुहूर्तम् सीतायाः प्रत्यनन्तरः भव अस्याः पदवीम् इह आगतान् इमान् वधिष्यामि,"I am going to say this to you, dear friends: I am going to graduate.",I will give you this title as soon as you come to this place.,3.211547431691929
158,ततः पुष्पातिभाराग्रान् लताशतसमावृतान्द्रुमान्वासन्तिकान्दृष्टवा बभूवुर्भयशङ्किताः,ततः पुष्पातिभाराग्रान् लताशतसमावृतान् वासन्तिकान् द्रुमान् दृष्ट्वा भयशङ्किताः बभूवुः,"When he saw them, he was amazed and amazed.","When he saw them, he was terrified.",59.00468726392806
159,मृत्युकालोपमस्याऽज्ञां राजराजस्य वानराःसुग्रीवस्याययु श्श्रुत्वा सुग्रीवभयदर्शिनः,वानराः मृत्युकालोपमस्य राजराजस्य सुग्रीवस्य आज्ञाम् श्रुत्वा सुग्रीवभयदर्शिनः आययुः,"When the king's officials heard this, they were terrified.","When the monkeys heard about the king's ruler, who was about to die, they were terrified.",21.732236614350327
160,त्वंवैमहाराजकुलप्रसूतोमहाबलश्चर् क्षरजस्सुतश्च नकश्चिदार्थस्तवनास्त्यनर्थस्तथाहिमेभ्रातृसमोहरीश,महाराज: हरीश: त्वम् कुलप्रसूतःवै: महाबलश्च: ऋक्षरजस्सुतश्च: तव: अर्थः कश्चन: नास्ति: अनर्थः न: तथापि: मे: भ्रातृसमः,"Therefore, brothers and sisters, do not be afraid to be overwhelmed by the glory of your father, the king, the mighty, the mighty, and the mighty.","The king said to him, ""You are the father of the king, the great and the mighty, the wise and the wise.",18.376711147874328
161,पूर्णेचतुर्दशेवर्षेपञ्चम्यांलक्ष्मणाग्रजः भरद्वाजाश्रमंप्राप्यववन्देनियतोमुनिम्,चतुर्दशे वर्षे पूर्णे पञ्चम्याम् लक्ष्मणाग्रजः भरद्वाजाश्रमम् प्राप्य नियतः मुनिम् ववन्दे,"When he had completed fourteen and a half years of hard labor, he was sentenced to death.","And it came to pass at the end of the fifth year, when he was fourteen years old, that the fifth year of his age came to him, and he was called to his father's house.",2.0047907978339268
162,जघनंकपिसेनायाःकपिराजोऽभिरक्षतु पश्चार्धमिवलोकस्यप्रचेतास्तेजसावृतः,तेजसा आवृतः प्रचेताः लोकस्य पश्चार्धमिव कपिराजः कपिसेनायाः जघम् अभिरक्षु,He has been entrusted with guarding the treasures of the world and the treasures of the world to come.,"The king's men will follow him, and the king's men will watch over him.",4.237713199752784
163,निदर्शयित्वा रामाय सीतायाः प्रतिपादनेवाक्यमन्वर्थमर्थज्ञः कबन्धः पुनरब्रवीत्,अर्थज्ञः कबन्धः सीतायाः प्रतिपादने नि दर्शयित्वा अन्वर्थम् वाक्यम् पुनः अब्रवीत्,"Then he turned and said to him, ""A wise man, who understands the words of Rama Sita,",The economist pointed to Sith's account and said another word.,4.019656738893367
164,विक्षिपन्विविधाश्शाखा नगानां कुसुमोत्कचाः मारुतश्चलितस्थानैष्षट्पदैरनुगीयते,नगानाम् कुसुमोत्कचाः विविधाः शाखाः विक्षिपन् मारुतः चलितस्थानैः षट्पदैः अनुगीयते,"And the branches of the tree, and the branches of the tree, and the branches of the tree, and the branches of the tree, and the branches of the tree, and the branches of the tree, and the branches of the tree, and the branches of the tree, and the branches of the tree, and the branches of the tree, and the branches of the tree, and the branches of the tree, shall be gathered together.","The branches of the vine were broken, and the branches of the vine were cut down, and the branches of the vine were cut down, and the branches of the vine were cut down, and the branches of the vine were cut down, and the branches were cut down, and the branches were cut down, and the branches were cut down, and the branches were cut down, and the branches were cut down, and the branches were cut down, and the branches were cut down, and the branches were cut down.",33.81276579394406
165,रावणं सगणं हत्वा परितोष्यात्मपौरुषम्तथाऽस्मि कर्ता न चिराद्यथा प्रीतो भविष्यसि,सगणम् रावणम् हत्वा आत्मपौरुषम् परितोष्य यथा प्रीतः भविष्यसि तथा न चिरात् कर्तास्मि,"I will kill the ox and the ox, and I will give it to you. But I say to you, Do not be afraid to kill, for you will love me.","They will kill the serpent and the serpent, and kill their own flesh. As you will, I will do this forever.",7.511251053510193
166,इदं शरीरं निस्संज्ञं बन्ध वा खातयस्व वानेदं शरीरं रक्षयं मे जीवितं वापि राक्षस न तु शक्ष्याम्युपक्रोशं पृथिव्यां दातुमात्मनः,राक्षस निस्संज्ञम् इदम् शरीरम् बन्ध वा वा खातयस्व मे इदम् शरीरम् जीवितं वा रक्षयम् न तु पृथिव्याम् आत्मन: उपक्रोशम् दातुम् न शक्ष्यामि,"It is a body that is bound to be eaten and kept alive, not a beast, but a beast to be sacrificed to the earth.","I don't know if it will bind the body or eat it, but I don't know if it will save the world's spirit.",3.3582360261774302
167,रामास्त्रविद्धोघोरंवैनदन्राक्षसपुङ्गवः अभ्यधावतसङ्कृद्धोहरीन् निद्रावयन् रणे,रामास्त्रविद्दः राक्षसपुङ्गवः घोरम् नर्दन् हरीन् रणे विद्रावयन् सङ्कृद्धः तम् अभ्यधावत,The rams and the foxes and the scorpions and the scorpions and the scorpions slept together.,"And the dragon saddled with his wings, and slept in the grass.",3.4197980307804725
168,इन्द्रोऽप्यश्रुनिपातं तं स्वगात्रे पुण्यगन्धिनम् सुरभिं मन्यते दृष्ट्वा भूयसीं तां सुरेश्वरः,सुरेश्वरः इन्द्रोऽपि स्वगात्रे पुण्यगन्धिनम् तम् अश्रुपातम् दृष्ट्वा ताम् भूयसीम् सुरभिम् मन्यते,"The woman looked at him, and when she saw that she was smelling like a perfume, she cried out.","And when the Lord saw the fragrance of heaven, he remembered her tears and thought of them as the earth.",2.5828020030551087
169,एवं सीतावचः श्रुत्वा तं दृष्ट्वा मृगमद्भुतम् लोभितस्तेन रूपेण सीतया च प्रचोदितःउवाच राघवो हृष्टो भ्रातरं लक्ष्मणं वचः,राघवः एवम् सीतावचः श्रुत्वा अद्भुतम् तं मृगम् दृष्ट्वा तेन रूपेण लोभितः सीतया च प्रचोदितः हृष्टः भ्रातरम् लक्ष्मणम् वचः उवाच,"When he heard this, he called out in a loud voice and said, ""Get up! Get up!""","When the raven heard this, and saw that he was dead, he grew greedy and grew weary.",8.668528067348738
170,ऊचुस्ते वचनमिदं निशम्य हृष्टा स्सामात्या स्सपरिषदो वियातशोकाःपन्थानं नरवर भक्तिमान् जनश्च व्यादिष्टस्तव वचनाच्च शिल्पिवर्गः,इदम् वचनम् निशम्य हृष्टाः सामात्याः सपरिषदः ते वियातशोकाः इदं वचनम् ऊचुः नरवर भक्तिमान् जनश्च शिल्पि वर्गः तव वचनात् पन्थानम् व्यादिष्टः,"""Those who speak the word loud and clear, those who speak the word of God, those who live in harmony with it, those who live in harmony with it, those who live in harmony with it, those who live in harmony with it, those who live in harmony with it, those who do not live in harmony with it, those who do not live in harmony with it, those who do not live in harmony with it, those who do not live in harmony with it, those who do not live in harmony with it, those who do not live in harmony with it, those who do not live in harmony with it, those who do not live in harmony with it"".","These are the words of the wise and foolish, the proud and the godly, the foolish and the foolish.",0.41825503327763164
171,सुग्रीवस्तु ततो राममुवाच प्रणतात्मवान्श्रूयतां सर्वमाख्यास्ये विस्तरेण नरर्षभ,ततः सुग्रीवः प्रणतात्मवान् रामम् उवाच सर्वम् विस्तरेण आख्यास्ये नरर्षभ श्रूयताम्,"When he heard this, he fell to his knees and began to speak loudly.",Then they fell on their faces and heard the noise of the people.,3.4585921141027365
172,स मातरं चैव विसंज्ञकल्पा मार्तं च सौमित्रिमभिप्रतप्तम्धर्मे स्थितो धर्म्यमुवाच वाक्यं यथा स एवार्हति तत्र वक्तुम्,धर्मे स्थितः सः विसंज्ञकल्पाम् मातरं चैव अभिप्रतप्तम् सौमित्रिम् तत्र यथा वक्तुम् स एव अर्हति धर्म्यम् वाक्यम् उवाच,"He said, ""This is what he said. "" He said, ""This is what he said"".",He who lives in righteousness is worthy of the word of righteousness. He who lives in righteousness is worthy of the word of righteousness.,2.2538436884214907
173,मेथावी तु ततो ध्यात्वा स किञ्चिदिदमुत्तरम्लब्धसंज्ञस्ततस्तं तु वेदज्ञो नृपमब्रवीत्,तत: मेथावी वेदज्ञ: स: किञ्चित् ध्यात्वा तत: लब्धसंज्ञ: तम् नृपम् अब्रवीत्,"Matthew looked at him, and he realized that he had found a better answer. Then the king said to him,","And he said, Behold, I have, and behold, I have. And the king said, Come down.",8.668528067348738
174,राक्षसेन्द्रसुतासाधोपारुष्यंत्यजगौरवात् कुलेयद्यप्यहंजातोरक्षसांक्रूरकर्मणाम् गुणोयःप्रथमोनृणंतन्मेशीलमराक्षसम्,असाधो राक्षसेन्द्रसुत गौरवात् पारुष्यम् त्यज अहम् क्रूरकर्मणाम् रक्षसाम् कुले जातःयद्यपि नृणाम् यः प्रथमः गुणः तत् मे अराक्षसम् शीलम्,The dragon will rise from the throne of heaven and rise from the throne of heaven. He will be the first to see the glory of the beast. He will be the first to see the glory of the beast.,"I was taken away from the work of wickedness, and I was sealed with the crown of thorns, and the crown of thorns, and the crown of thorns, and the crown of thorns, and the crown of thorns, and the crown of thorns, and the crown of thorns, and the crown of thorns, and the crown of thorns, and the crown of thorns, and the crown of thorns, and the crown of thorns, and the crown of thorns, and the crown of thorns, and the crown of thorns, and the crown of thorns, and the crown of thorns.",0.5164987650307027
175,तस्य वर्षसहस्रस्य व्रते पूर्णे महाव्रत: भोक्तुमारब्धवानन्नं तस्मिन् काले रघूत्तम इन्द्रो द्विजातिर्भूत्वा तं सिद्धमन्नमयाचत,रघूत्तम तस्य वर्षसहस्रस्य व्रते पूर्णे महाव्रत: अन्नम् भोक्तुम् आरब्धवान् तस्मिन् काले इन्द्र: द्विजाति: भूत्वा तम् सिद्धम् अन्नम् अयाचत,"And it came to pass at the end of the thousand years, when he was fasting, that two nations came to him, and said to him, Amen, Amen, Amen.","And it came to pass at the end of the thousand years of his fasting, that he began to eat.",35.77848216493281
176,प्राप्ते यूपोच्छ्रये तस्मिन्षड्बैल्वा: खादिरास्तथा तावन्तो बिल्वसहिता: पर्णिनश्च तथापरे श्लेष्मातकमयस्त्वेको देवदारुमयस्तथा द्वावेव विहितौ तत्र बाहुव्यस्तपरिग्रहौ,तस्मिन् यूपोच्छ्रये प्राप्ते सति बैल्वा: षट् तथा बिल्वसहिता: तावन्त: खादिरा: तथा पर्णिन: च अपरे एक: श्लेष्मातकमय: तथा देवदारुमय: तत्र द्वौ बाहुव्यस्तपरिग्रहावेव विहितौ,"And he took the cup, and put it on it, and put it on it, and put it on it, and put it on it, and put it on it, and put it on it, and put it on it, and put it on it, and put it on it, and put it on it, and put it on it, and put it on it, and put it on it, and put it on it, and put it on it, and put it on it, and put it on it, and put it on it, and put it on it, and put it on it, and put it on it, and put it on it, and put it on it, and put it on it.","In it were six oxen, six oxen, seven calves, seven calves, nine calves, nine calves, nine calves, nine calves, nine calves, nine calves, nine calves, nine calves, nine calves, nine calves, nine calves, nine calves, nine calves, nine calves, nine calves, nine calves, nine calves, nine calves, nine calves, nine calves, nine calves, nine calves, nine calves, nine calves, four calves, four calves, four calves, four calves, four calves, four calves, four calves, four calves, four calves, four calves, four calves, four calves, four calves, four calves, four calves, four calves, four calves, four calves, four calves, four calves, four calves, four calves, and five calves.",0.8711385325788791
177,प्रियमाख्यामितेदेवशोकंत्यजसुदारुणम् अस्मिन्मुहूर्तेभ्रात्रात्वंरामेणसहसङ्गतः,देव ते प्रियम् आख्यामि सुदारुणम् शोकम् त्यज अस्मिन् मुहूर्ते त्वम् भ्रात्रा रामेण सह सङ्गतः,"He who is called by God's name, the beloved, and our beloved brother, is sent with you in peace.","God has mercy on him, my dear friend, and he has compassion on you and on your dear brother Ramah.",4.334264033674369
178,स्तनौचाविरळौमामकौमग्नचूचुकौ मग्नाचोत्सङ्गिनीनाभःपार्श्वोरस्कंचमेचितम्,मामकौ स्तनौ अविरळौ पीनौ मग्नचूचुकौ उत्सङ्गिनी नाभिः मग्ना मे पार्श्वोरस्कंच चितम्,"They were made of bronze, bronze, bronze, bronze, bronze, and sapphires.","My breasts were uncovered, and my lips were covered with magenta, and my lips were covered with magenta, and my lips were covered with magenta, and my lips were covered with magenta.",1.9291690194779503
179,रामस्य च सखा देवि सुग्रीवो नाम वानरःराजा वानरमुख्यानां स त्वां कौशलमब्रवीत्,देवि रामस्य सखा वानरमुख्यानाम् राजा सुग्रीवो नाम सः वानरः त्वाम् कौशलम् अब्रवीत्,"The god of Ramah and Sakha, the god of Sugrivo, the king of the monkeys, the king of the monkeys, has taught you wisdom.","And the king of the serpent, whose name is Succubus, and whose name is Ram, and whose name is Ram, and whose name is Ram, and whose name is Ram, and whose name is Ram, and whose name is Ram, and whose name is Ram, and whose name is Ram, and whose name is Ram, and whose name is Ram, and whose name is Ram, and whose name is Ram, and whose name is Ram, and whose name is Ram, and whose name is Ram, and whose name is Ram, and whose name is Ram, and whose name is Ram,",0.42789678334183134
180,श्रुत्वा ते वचनं सर्वे समायान्ति द्विजातय:सर्वदेशेषु चागच्छन् वर्जयित्वा महोदयम्,ते वचनम् श्रुत्वा सर्वे द्विजातय: समायान्ति महोदयं वर्जयित्वा सर्वदेशेषु आगच्छन्,"When they heard this, they were all astonished.","When they heard this, they went out to all the nations,",39.80304924457956
181,आकाशेचापिदेवानांशुश्रुवेदुन्दुभिस्वनः नृत्यद्भिरप्सरोभिश्चगन्धर्वैश्चमहात्मभिः,आकाशे देवानाम् दुन्दुभिस्वनः नृत्यद्भिः अप्सरोभिः महात्मभिः गन्धर्वैश्च शुश्रुवे,"The heavens were filled with the sounds of the gods, the thunders, the trumpets, the trumpets, the trumpets, and the trumpets.","And there came to be a noise from heaven, and a noise from heaven, and a noise from heaven, and a noise from heaven, and a noise from heaven, and a noise from heaven, and a noise from heaven, and a noise from heaven, and a noise from heaven, and a noise from heaven, and a noise from heaven, and a noise from heaven, and a noise from heaven, and a noise from heaven, and a noise from heaven, and a noise from heaven, and a noise from heaven.",0.20354781207900466
182,सतुपवनसुतोनिहत्यशत्रून्क्षतजवहरिस्सरितश्चसन्निकीर्य रिपुवधजनितश्रमोमहात्मामुदमगमत्कपिभिःसुपूज्यमानः,महात्मा सः पवनसुतः शत्रुम् निहत्य क्षतजवहाः परितश्च संनिकीर्य रिपुवधजनितश्रमः कपिभिः सुपूज्यमानः मुदम् आगमत्,"and worshiped the seven deadly sins, the seven deadly sins, the seven deadly sins, the seven deadly sins, the seven deadly sins, the seven deadly sins, the seven deadly sins, the seven deadly sins, the seven deadly sins, the seven deadly sins, the seven deadly sins, the seven deadly sins, the seven deadly sins, and the seven deadly sins.","The time has come when the wind will blow against us, and the waters will be shaken, and the waters will be filled with water, and the waters will be filled with water.",2.4874082113819163
183,तमुवाच ततो रामो राक्षसं ज्वलिताननम्पृच्छन्तं सुमहातेजा इक्ष्वाकुकुलमात्मनः,ततः सुमहातेजाः रामः पृच्छन्तम् ज्वलिताननम् तं राक्षसम् आत्मनः इक्ष्वाकुकुलम् उवाच,"When he heard this, he asked for a ram and a torch, and the spirit of Ishmael fell upon him.","As they were walking around, a demon - possessed spirit came into him and made him hiss.",2.577168813572977
184,शत्रुघ्नविक्षेपविमूढसंज्ञां समीक्ष्य कुब्जां भरतस्य माताशनैस्समाश्वासयदार्तरूपां क्रौञ्चीं विलग्नामिव वीक्षमाणाम्,भरतस्य माता शत्रुघ्नविक्षेपविमूढसंज्ञाम् आर्तरूपाम् विलग्नाम् क्रौञ्चीमिव वीक्षमाणाम् कुब्जाम् समीक्ष्य शनैः समाश्वासयत्,"I will give you a crown of thorns, a crown of thorns, a crown of thorns, a crown of thorns, a crown of thorns, a crown of thorns, a crown of thorns, a crown of thorns, a crown of thorns, a crown of thorns, a crown of thorns, a crown of thorns, a crown of thorns, a crown of thorns, a crown of thorns, and a crown of thorns.","And his mother put her hand on a coat of fine linen, and put it on it, and put it on it, and put it on it, and put it on it, and put it on it, and put it on it, and put it on it, and put it on it, and put it on it, and put it on it, and put it on it, and put it on it, and put it on it, and put it on it, and put it on it, and put it on it, and put it on it, and put it on it, and put it on it, and put it on it, and put it on it, and put it on it, and on it, and on it, and on it, and on it, and on it, and on it, and on it, and on it, and on it, and on it.",0.45849402432198905
185,कामी वा न कदर्यो वा नृशंस: पुरुष: क्वचित् द्रष्टुं शक्यमयोध्यायान्नाविद्वान्न च नास्तिक:,कामी न कदर्यो वा नृशंस: पुरुष: अयोध्यायाम् क्वचित् द्रष्टुम् न शक्यम् अविद्वान् न नास्तिक: न,"neither foolish nor foolish nor ignorant, men of few minds, philosophers and atheists,","We are not blind, we are not violent, we are not atheists, we are not Christians, we are not Christians, we are Christians, we are Christians, we are Christians, we are Christians, we are Christians, we are Christians, we are Christians, we are Christians, we are Christians, we are Christians, we are Christians, we are Christians, we are Christians, we are Christians, we are Christians, we are Christians, we are Christians, we are Christians, we are Christians, we are Christians, we are Christians, we are Christians, we are Christians, we are Christians, we are Christians, we are Christians, we are Christians, we are Christians, we are Christians, we are Christians, and we are Christians.",0.0014180223009821846
186,मुक्तस्तु वज्रनिर्घोष: प्रदीप्ताशनिसन्निभःराघवेण महाबाणो वालिवक्षसि पातितः,राघवेण मुक्तः वज्रनिर्घोषः प्रदीप्ताशनिसन्निभः महाबाणः वालिवक्षसि पातितः,"It was open, and there was no sound of thunder, and there was no sound of lightning, and there was no sound of lightning, and there was no sound of lightning, and there was no sound of lightning, and there was no sound of lightning, and there was no sound of lightning, and there was no sound of lightning, and there was no sound of lightning.","And there was a thunderbolt unleashed, and there was lightning, and there was lightning, and there was a great flame, and there was lightning, and there was lightning, and there was lightning, and there was lightning, and there was lightning, and there was lightning, and there was lightning, and there was lightning, and there was lightning, and there was lightning, and there was lightning, and there was lightning, and there was lightning, and there was lightning.",30.0092325190834
187,माता च मम कौशल्या वृद्धा सन्तापकर्शिताधर्ममेवाग्रतः कृत्वा त्वत्त स्सम्मानमर्हति,सन्तापकर्शिता वृद्धा मम माता च कौशल्या धर्ममेव अग्रतः कृत्वा त्वत्तः सम्मानम् अर्हति,My mother and grandmother have always respected me for my skill and for the hard work they have given me.,"My mother, who was well trained, and my mother, who was well trained, were worthy of your honor.",4.152310064211309
188,भगीरथात्ककुत्स्थस्तु काकुत्स्था येन विश्रुताःककुत्स्थस्य च पुत्रोऽभूद्रघुर्येन च राघवाः,भगीरथात् ककुत्स्थ: येन काकुत्स्थाः विश्रुताः ककुत्स्थस्य च रघुः पुत्रः अभूत् येन राघवाः,"And what is the sound of a roaring thunderbolt? How is it that the sound of a roaring thunderbolt, and the sound of a roaring thunderbolt, will strike those who hear it?","and the son of a weaned woman, a weaned woman, and the son of a weaned woman, a weaned man, a weaned man,",6.1329108036808515
189,तेषां तु वचनं श्रुत्वा राजा चिन्तां प्रपत्स्यते केनोपायेन वै शक्य इहानेतुं स वीर्यवान्,तेषाम् वचनम् श्रुत्वा राजा वीर्यवान् सः इह आनेतुम् केन उपायेन शक्य: चिन्ताम् प्रपत्स्यते,"When the king heard this, he was troubled and dared to bring anyone he could.","When the king heard this, he was troubled, wondering how he might come here.",50.43545474510804
190,अरिष्टनेमिनः पुत्रो वैनतेयो महाबलःगरुत्मानिति विख्यात उत्तमस्सर्वपक्षिणाम्,अरिष्टनेमिनः पुत्रः सर्वपक्षिणाम् उत्तमः वैनतेयः महाबलः गरुत्मान् इति विख्यातः,"Aristarchus, the son of Vennetius, and the great and mighty Spirit.","the son of Aristarchus, who was called the greatest of all birds, the mighty and the mighty,",11.396148327515572
191,तद्भवांश्चतुरङ्गेणबलेनमहातावृतः व्यूह्येदंवानरानीकंनिर्मथिष्यतिरावणम्,तत् भवान् इदम् वानरानीकम् व्यूह्य चतुरङ्गेणबलेन वृतः रावणम् निर्मथिष्यति,"And he will make a fine wine, and a fine wine, and a fine wine, and a fine wine, and a fine wine, and a fine wine, and a fine wine, and a fine wine, and a fine wine, and a fine wine.",Then you will make a four-piece wooden ram out of this monkey's claw.,2.7466931815855444
192,अनुमन्यस्व मां देवि गमिष्यन्तमितो वनम्शापिताऽसि मम प्राणैः कुरु स्वस्त्ययनानि मे,देवि इतः वनम् गमिष्यन्तम् अनुमन्यस्व मम प्राणैः शापिता असि मे स्वस्त्ययनानि कुरु,"For you have said to me, ""I will go to God, "" and you have given me your life.","Let them go out of the forest, O God, and make your dwelling in the land cursed by my soul.",4.504556737153658
193,त्रयाणामपि लोकानां न तं पश्यामि शोभनेविक्रमेण नयेद्यस्त्वां मद्बाहुपरिपालिताम्,शोभने त्रयाणाम् लोकानामपि यः मद्बाहुपरिपालिताम् त्वाम् विक्रमेण नयेत् तम् न पश्यामि,"I did not find him among the people, nor did I find him among the people.","Sadly, I do not find you worthy of any of these three men.",5.401157445454033
194,इमे शूराश्च विक्रान्ता भृत्या मेऽस्त्रविशारदा:योग्या रक्षोगणैर्योद्धुं न रामं नेतुमर्हसि,मे भृत्या: इमे शूराश्च विक्रान्ता: अस्त्रविशारदा: रक्षोगणै: योद्धुम् योग्या: रामम् नेतुम् नार्हसि,"""These shoes are for sale, they are for sale, they are for sale, they are for sale, they are for sale, they are for sale, they are for sale, they are for sale, they are for sale, they are for sale, they are for sale, they are for sale, they are for sale, they are for sale, they are for sale, they are for sale, they are for sale, they are for sale, they are for sale, they are for sale, they are for sale, they are for sale, they are for sale, they are for sale, they are for sale, they are not for sale, they are for sale, they are for sale, they are for sale, and they are not for sale.","I sold these shoes, I sold these shoes, I sold these weapons, I sold them, I sold them, I sold them, I sold them, I sold them, I sold them, I sold them, I sold them, I sold them, I sold them, I sold them, I sold them, I sold them, I sold them, I sold them, I sold them, I sold them, I sold them, I sold them, I sold them, I sold them, I sold them, I sold them, I sold them, I sold them, I sold them.",0.5390616803524118
195,पीत्वा तैलं प्रनृत्ताश्च प्रहसन्त्यो महास्वनाः लङ्कायां भस्मरूक्षायां सर्वा राक्षसस्त्रियः,भस्मरूक्षायाम् लङ्कायाम् सर्वाः राक्षसस्त्रियः तैलम् पीत्वा प्रहसन्त्यः महास्वनाः प्रनृत्ताः च,"and they drank the oil and the spices, and all the monsters, and all the women of war, and all the women of war, and all the women of war, and all the women of war, and all the women of war, and all the women of war, and all the women of war, and all the women of war, and all the women of war, and all the women of war, and all the women of war, and all the women of war, and all the women of war, and all the men of war, and all the women of war, and all the men of war, and all the women of war, and all the women of war,","All the wicked women, who were clothed with shame, were drunken with oil, and were drunken with wild horses.",0.6983391514830756
196,विससर्जैकवेगेनपञ्चबाणशतानियः इष्वस्त्रष्वधिकस्तस्मात्कार्तवीर्याच्चलक्ष्मणः,यः एकवेगेन पञ्च बाणशतानि विससर्ज तस्मात् कार्तवीर्यात् च लक्ष्मणः इष्वस्त्रषु अधिकः,"and two hundred and forty-five, and twenty-five, and twenty-five, and twenty-five, and twenty-five, and twenty-five, and twenty-five.","who made five hundred gallons of firearms at one time, and more than a thousand weapons of war.",3.7419436034576052
197,अस्मिन्कार्येविनिर्वृत्ते कृते दाशरथेः प्रियेऋणान्मुक्ता भविष्यामः कृतार्थार्थविदां वराः,कृतार्थविदां वराः अस्मिन् कार्ये विनिवृत्ते दाशरथेः प्रिये कृते ऋणान् मुक्ताः कृतार्थाः भविष्यामः,"For this reason we have been freed from our debts to the tax collector and loved by him, so that we may be thankful.","Let us be thankful to the slaves who have been entrusted to us for this work,",5.377336385080629
198,संञ्जातपरिशङ्कास्ते तद्बिलं प्लवगोत्तमाः अभ्यपद्यन्त संहृष्टास्तेजोवन्तो महाबलाः,तेजोवन्तः महाबलाः ते प्लवगोत्तमाः सञ्जातपरिशङ्काः संहृष्टाः तत् बिलम् अभ्यपद्यन्त,"They were astonished at the sight of the storm, and the rocks fell.","When they got up, the sailors and the sailors came forward, shaking their heads.",5.783997547556231
199,कुतो वा ते भयं जातं या त्वमेवंविधं वरम् राष्ट्रे भरतमासीनं वृणीषे राघवं वने,ते कुतः वा भयम् जातम् या भरतम् राष्ट्रे आसीनम् राघवम् वने एवं विधम् वरम् वृणीषे,Why should they be afraid of you? Why should they be afraid of you? Why should they be afraid of you? Why should they be afraid of you? Why should they be afraid of you? Why should they be afraid of you? Why should they be afraid of you? Why should they be afraid of you? Why should they be afraid of you? Why should they be afraid of you? Why should they be afraid of you? Why should they be afraid of you? Why should they be afraid of you? Why should they be afraid of you? Why should they be afraid of you? Why should they be afraid of you?,They were terrified. They went into the wilderness to dwell among the nations and to tell the stories of the widows.,0.27949976322926645
200,प्रियं चेद्भरतस्यैतद्रामप्रव्राजनं भवेत् मा स्म मे भरतः कार्षीत्प्रेतकृत्यं गतायुषः,तत् रामप्रव्राजनम् भरतस्य प्रियं भवेत् चेत् गतायुषः मे भरतः प्रेतकृत्यम् मा स्म कार्षीत्,"My dear friends, do not become like a garment wrapped around your waist, but like a garment wrapped around your waist.","I wish that Sarah and Sarah would have liked to have gone, so that I would not become a demon - possessed woman.",3.7951516771231115
201,दिव्याङ्गरागावैदेहीदिव्याभरणभूषिता यानमारोहभद्रंतेभर्तात्वांद्रष्टुमिच्छति,वैदेही दिव्याङ्गरागा दिव्याभरणभूषिता यानम् आरोह ते भद्रम् भर्ता त्वाम् द्रष्टुम् इच्छति,"And they will see a lamp shining on them, and they will see a lamp shining on them, and they will see a lamp shining on them, and they will see a lamp shining on them, and they will see a lamp shining on them, and they will see a lamp shining on them, and they will see a lamp shining on them, and they will see a lamp shining on them, and they will see a lamp shining on them, and they will see a lamp shining on them, and they will see a lamp shining on them, and they will see a lamp shining on them, and they will see a lamp shining on them.","They want to see you, and they want to see you, and they want to see you, and they want to see you, and they want to see you, and they want to see you, and they want to see you, and they want to see you.",4.81884153930414
202,वसिष्ठस्य च ये शिष्यास्तथैव मृगपक्षिण:विद्रवन्ति भयाद्भीता नानादिग्भ्यस्सहस्रश:,वसिष्ठस्य ये शिष्या: तथैव मृगपक्षिण: भयात् भीता: सहस्रश: नानादिग्भ्य: विद्रवन्ति,"And his disciples and his disciples, and the birds of the air, and the birds of the air, and the birds of the air, and the birds of the air, and the birds of the air, and the birds of the air, and the birds of the air, and the birds of the air, and the birds of the air, and the birds of the air, and the birds of the air, and the birds of the air, and the birds of the air, and the birds of the air, and the birds of the air.",His disciples were like birds of prey. They were terrified. Thousands of birds scattered among them.,0.8422194558635179
203,क्षिप्रमुत्पततो मन्ये सीतामादाय रक्षसः बिभ्यतो रामबाणानामन्तरा पतिता भवेत्,रामबाणानाम् बिभ्यतः रक्षसः सीताम् आदाय क्षिप्रम् उत्पततः अन्तरा पतिता भवेत् मन्ये,"She should be a wife to a husband, a wife to a husband, a wife to a husband, a wife to a husband, a wife to a husband, a wife to a husband, a wife to a husband, a wife to a husband, a wife to a wife, a wife to a husband, a wife to a wife, a wife to a husband, and a wife to a husband.","When you have planted a seed, it will grow quickly. Then you will be able to make a marriage that lasts forever.",0.6874463837095038
204,नक्षत्राणि गतार्चींषि ग्रहाश्च गततेजसःविशाखास्तु सधूमाश्च नभसि प्रचकाशिरे,नक्षत्राणि गतार्चींषि ग्रहाश्च गततेजसः विशाखास्तु सधूमाः नभसि प्रचकाशिरे,and the stars and the stars and the stars and the stars and the stars and the stars and the stars and the stars and the stars and the stars and the stars and the stars and the stars and the stars and the stars and the stars and the stars and the stars and the stars and the stars and the stars and the stars and the stars and the stars and the stars and the stars and the stars and the stars and the stars and the stars and the stars and the stars and the stars and the stars and the stars and the stars and the stars and the stars and the stars and the stars and the stars and the stars and the stars and the stars and the stars and the stars and the stars and the stars and the stars and the stars and the stars and the stars and the stars and the stars and the stars and the stars and the stars and the stars and the stars and the stars and the stars and the stars and the stars and the stars and the stars and the stars and the stars and the stars.,"The stars and the stars are gone, and the stars and the planets are gone, and the stars and the stars are gone, and the stars and the stars are gone.",7.107330432295197
205,न हन्तव्याःस्त्रियश्चेतियद् ब्रवीषिप्लवङ्गम पीडाकरममित्राणांयत्स्यात्कर्तव्यमेवतत्,प्लवङ्गम स्त्रियः न हन्तव्याःइति यत् यत् अमित्राणाम् पीडाकरम् स्यात् तत् कर्तव्यमेव,"They ought not to be put to death because of their conscience, but because of their sinful nature.","A virgin should not commit murder, for she deserves to be tormented by her husband.",4.814971807094068
206,मांनिवर्तयितुंयोऽसौचित्रकूटमुपागतः शिरसायाचतोयस्यवचनं न कृतंमया कौसल्यां च सुमित्रां च कैकेयीं च यशस्विनीम् गुहं च सुहृदंचैवपौरान्जनपदैस्सह,यःअसौ माम् निवर्तयितुम् चित्रकूटम् उपागतः शिरसा याचतः यस्य वचनम् मया न कृतम् कौसल्यांच सुमित्रां च यशस्विनीम् कैकेयीं च सुहृदम् गुहंच जानपदैःसह पौरान्,"I did not want to be tempted by the use of fine arts; I did not want to be tempted by words, I did not want to be tempted by wisdom, I did not want to be tempted by friends, I did not want to be tempted by successes, I did not want to be tempted by men, I did not want to be tempted by men, I did not want to be tempted by men, I did not want to be tempted by men, I did not want to be tempted by men, I did not want to be tempted by men, I did not want to be tempted by men, I did not want to be tempted by men, I did not want to be tempted by men, I did not want to be tempted by men, I did not want to be tempted by men, I did not want to be tempted by men.","And he who seizes a club to lead me, whose words I have not spoken, who is wise, who is wise, who is wise, who is wise, who is wise, who is wise, who is wise, who is wise, who is wise, who is wise, who is wise, who is wise, who is wise, who is wise, who is wise, who is wise, who is wise, who is wise, who is wise, who is wise, who is wise, who is wise, who is wise, who is wise, who is wise, who is wise, who is wise, who is wise, who is wise, and who is wise, who is wise, who is wise, and who is wise.",0.4334435336014601
207,तं मन्मथशरैर्विद्धमं कामवेगवशानुगम्उवाच पृथिवीपालं कैकेयी दारुणं वचः,कैकेयी मन्मथशरैः विद्धम् कामवेगवशानुगम् तं पृथिवीपालम् दारुणम् वचः उवाच,"And he spoke to her with a voice like a serpent, like a serpent, saying, ""Let the waters of the earth and the waters of the sea be like wine"".","And the ruler of the earth spoke to him, saying:",5.973478099277328
208,स तेऽम्बा मध्यमा तात गर्हितव्या कथञ्चनतामेवेक्ष्वाकुनाथस्य भरतस्य कथां कुरु,तात मध्यमा अम्बा कथञ्चन ते न गर्हितव्या इक्ष्वाकुनाथस्य भरतस्य तां कथामेव कुरु,"""Tell me what happened to Beelzebub, the son of Zebedee, when he was standing in the midst of them.","Tell them what happened to Ishbaal, and tell them what happened to Ishbaal.",7.575731225158963
209,तमहं भ्रातरं दृष्ट्वा सूर्यरश्मिभिरर्दितम्पक्षाभ्यां छादयामास स्नेहात्परमविह्वलः,भ्रातरम् तम् सूर्यरश्मिभिः अर्दितम् दृष्ट्वा परमविह्वल: अहम् स्नेहात् पक्षाभ्याम् छादयामास,"When I saw my brother, the sun shone brightly over him, and the moon shone brightly in love.","When my brother saw the sun shining on him in the glory of the Most High, I was moved by love.",6.939264261997659
210,ततोऽस्य युगमेकेन चतुर्भिश्चतुरो हयान्षष्ठेन तु शिरस्सङ्ख्ये खरस्य रथसारथेः त्रिभिस्त्रिवेणुं बलवान्द्वाभ्यामक्षं महाबलःद्वादशेन तु बाणेन खरस्य सशरं धनुः छित्वा वज्रनिकाशेन राघवः प्रहसन्निवत्रयोदशेनेन्द्रसमो बिभेद समरे खरम्,इन्द्रसमः बलवान् महाबलः राघवः सङ्ख्ये एकेन अस्य रथस्य युगम् चतुर्भिः चतुरः हयान् षष्ठेन खरस्य रथसारथेः शिरः त्रिभिः त्रिवेणुम् द्वाभ्याम् अक्षम् द्वादशेन बाणेन खरस्य सशरम् धनुः छित्वा प्रहसन्निव समरे वज्रनिकाशेन त्रयोदशेन खरम् बिभेद,"He had four horsemen, four chariots, three chariots, four horsemen, two horsemen, a great horseman, a great horseman, a golden eagle, six horsemen, four horsemen, four horsemen, and twenty-three horsemen.","The chariot had four horsemen, six horsemen, six chariot heads, three triangles, two axes, twelve arrows, an arrow, and a bow.",14.610191825967917
211,शङ्खशब्दप्रणादैश्चदुन्दुभीनां च निस्स्वनैः प्रययौपुरुषव्याघ्रस्तांपुरींहर्म्यमालिनीम्,पुरुषव्याघ्रः शङ्खशब्दप्रणादैश्च दुन्दुभीनाम् निःस्वनैः च हर्म्यमालिनीम् तांपुरीम् प्रययौ,"They were driven by wild talk and bad habits. They were driven by wild beasts, snakes, and snakes.","And a man came to the tent of meeting with a lion, and a lion, and a horn, and a serpent, and a serpent, and a serpent, and a serpent, and a serpent, and a serpent, and a serpent.",1.2731097320820035
212,निवर्तयरथंशीघ्रंयावन्नापैतिमेरिपुः यदिवाध्युषितोऽसित्वंस्मर्यतेयदिमेगुणः,त्वम् अध्युषितः असियदि मे गुणः यदिस्मर्यते मेरिपुः यावत् नापैति शीघ्रम् रथम् निवर्तय,"If you are thirsty, you will forget your sins. If you are thirsty, you will forget your sins.","As soon as you recall the good things you were told to do in Asia, set out quickly and leave until you reach Meribah.",2.153418706857618
213,द्वार्स्थैरावेदितं तस्य रामायाऽऽगमनं पुनःश्रुत्वैव चापि रामस्तं प्राप्तं शङ्कान्वितोऽभवत्,पुनः तस्य आगमनम् द्वाः स्धैः रामाय आवेदितम् तम् प्राप्तम् श्रुत्वा एव रामः शङ्कान्वितः अभवत्,"When he heard that he was coming to Ramah by the stairs, he was terrified.","When she heard that he was coming again, she was terrified.",30.277029197532105
214,बलिर्वैरोचनिर्विष्णो यजते यज्ञमुत्तमम्असमाप्ते क्रतौ तस्मिन् स्वकार्यमभिपद्यताम्,विष्णो वैरोचनि: बलि: उत्तमम् यज्ञम् यजते तस्मिन् क्रतौ असमाप्ते स्वकार्यम् अभिपद्यताम्,"Let us offer sacrifices that are better than those that are imperishable, and by them we redeem ourselves to eternal life.","Vishno Vairochni: Sacrifices: Good sacrifices. By these sacrifices, we are able to accomplish our work without fail.",2.577168813572977
215,इत्युक्तोभ्रातृपुत्रेणप्रत्युवाचविभीषणः अजानन्निवमछचीलंकिंराक्षसविकत्थसे,भ्रातृपुत्रेण इति उक्तः विभीषणः प्रत्युवाच राक्षस मछचीलम् अजानन्निव किम् विकत्थसे,"When he heard this, he was terrified. He saw the fish, but he was afraid.","""It's my brother, "" he replied"". I don't know how he got up.",3.0272532566104675
216,खरोष्ट्राश्वतराराजभनभिन्नरोमास्स्रवन्तिच नस्वभावेऽवतिष्ठन्तिविधानैरपिचिन्तिताः,राजन् खरोष्ट्रातराः भिन्नरोमाः स्रवन्तिच: विधानैः चिन्तिताःअपि: स्वभावे: नअवतिष्ठन्ति:,"For they have come from outside the kingdoms of God, and they do not obey the law.","The kings and the Gentiles proclaim Rome differently. They are concerned about the law, yet by nature they do not live.",8.436196132161365
217,रक्षितुं सुमहद्राज्यमहमेकस्तु नोत्सहेपौरजानपदांश्चापि रक्तान्रञ्जयितुं तथा,अहम् एकस्तु सुमहत् राज्यम् रक्षितुम् रक्तान् पौरजानपदान् रञ्जयितुम् नोत्सहे,and to shed blood on the streets and on the hills and on the streets.,For I am not willing to sacrifice blood for the sake of the kingdom.,3.657015913414383
218,ये चैनमुपजीवन्ति रमते यैश्च वीर्यतः तेषां बहुविधं दत्त्वा तानप्यत्र नियोजय,ये च एनम् उपजीवन्ति वीर्यतः यैश्च रमते तेषाम् बहुविधम् दत्त्वा तान् अत्र नियोजय,"to those who live peaceably, to those who work hard, to those who work hard,","And to those who live by it, and to those who love it, he will give abundantly.",18.52871633916659
219,ते च सर्वे महात्मानो मुनयस्संश्रितव्रता:उपस्थाप्य शुभां नावं विश्वामित्रमथाब्रुवन्,महात्मान: संश्रितव्रता: ते सर्वे मुनय: शुभाम् नावम् उपस्थाप्य अथ विश्वामित्रम् अब्रुवन्,"All of them, great and small, were humble and welcomed the good news of the faith.",All of them became obedient and joined the faith.,13.171667387201806
220,हन्त लक्ष्मण पश्येह सुमित्रासुप्रजास्त्वयाभीमस्तनितगम्भीरस्तुमुलः श्रूयते स्वनः,हन्त लक्ष्मण सुमित्रा त्वया सुप्रजाः इह भीमस्तनितगम्भीरः तुमुलः स्वनः इह श्रूयते पश्य,"But when he and his friends heard this, they were terrified and trembled.","But you, my dear friend, who are beautiful, hear this.",3.716499092256818
221,अङ्गदाभिहतास्तत्रराक्षसाभीमविक्रमाः विभिन्नशिरसःपेतुर्विकृताइवपादपाः,तत्र अङ्गदाभिहताः भीमविक्रमाः राक्षसाः विभिन्नशिरसः विकृताः पादपाःइव पेतुः,They were made of various kinds of fibers. They were made of various kinds of fibers.,"There were crippled animals, beasts of various kinds, beasts of various kinds,",13.973536728747975
222,तस्मिंस्तथा जल्पति विप्रमुख्येगुरौ नृपस्याप्रतिमप्रभावेनैव स्म सीता विनिवृत्तभावाप्रियस्य भर्तुः प्रतिकारकामा,नृपस्य गुरौ अप्रतिमप्रभावे विप्रमुख्ये तस्मिन् तथा जल्पति सीता प्रियस्य भर्तुः प्रतिकारकामा विनिवृत्तभावा नैव स्म,"But when the king's great power overwhelmed him, Satan, the rebellious and arrogant tyrant,","The king's counsel was very influential, and he and his beloved wife, Silas, were strong in their opposition.",2.5483952489823305
223,तस्यकाञ्चनचित्राङ्गंरथंसाश्वंससारथिम् जघानसमरेश्रीमानङ्गदोवेगवान्कपिः,कपिः अङ्गदः वेगवान् समरे तस्य काञ्चनचित्राङ्गम् साश्वम् ससारथिम् रथम् जघान,"He was like a dragon, with a crown of thorns on his head.","A man was about to throw a spear into the sea, and a horse was about to throw a chariot into the sea.",2.0175851825372435
224,विभीषणस्य च तथासफलोऽद्यपरिश्रमः विगुणंभ्रातरंत्यक्त्वायोमांस्वयमुपस्थितः,तथा विभीषणस्य परिश्रमश्च अद्य सफलः यः विगुणम् भ्रातरम् त्यक्त्वा स्वयम् माम् उपस्थितः,"We are not to be afraid, but we are to be fruitful in our labor. We are not to be afraid, but we are to be unfaithful to our brothers and sisters.",and the hard work he has put into it has come to fruition. This man has left his brother who is not a believer and is now here with me.,1.533227700920213
225,किन्नरोरगन्धर्वयक्षविद्याधरास्तदा पीडितं तं नगवरं त्यक्त्वा गगनमास्थिता:,तदा किन्नरोरगगन्धर्वयक्षविद्याधराः पीडितम् तं नगवरम् त्यक्त्वा गगनम् आस्थिताः,"But when the ruler of the vineyard had come to him, he struck him and left him on the lake.","Then the men who were carrying out the work of smoking oil left him by the sea, hurting him badly.",5.0313176545008735
226,तान्दृष्टवाराक्षसास्सर्वेद्रवमाणान्वलीमुखान् नेदुस्तेसिम्हवद्दृष्टाराक्षसाजितकाशिनः,सर्वे राक्षसाः तान् द्रवमाणान् वलीमुखान् दृष्टवा नेदुः ते राक्षसाः सिम्हवत् दृष्टा जितकाशिनः,"Their faces were covered with black clouds, and their faces were covered with black clouds.",All the beasts looked down on their faces and saw that they were like the beasts of the sky.,4.820951384145839
227,ते गत्वा दूरमध्वानं तस्मात्सप्तजनाश्रमात्ददृशुस्तां दुराधर्षां किष्किन्धां वालिपालिताम्,ते तस्मात् सप्तजनाश्रमात् दूरम् अध्वानम् गत्वा वालिपालिताम् दुराधर्षाम् तां किष्किन्धाम् ददृशुः,"They went and cried out at a distance. Seven evil spirits fell upon him,",Seven of them went on their way and saw the woman lying in wait for Pilate.,3.249046610931786
228,यथेष्टं च प्रयच्छ त्वं पृथिवीं वा धनानि चललस्व मयि विस्रब्धा धृष्टमाज्ञापयस्व च,त्वम् पृथिवीम् धनानि च यथेच्छम् प्रयच्छ विस्रब्धा मयि ललस्व धृष्टम् आज्ञापयस्व च,"Go ahead and do your best. Go to the land and its riches, and obey me faithfully.","Whatever you want, earth and riches, do as you please, and obey me gently and gently.",15.77454598068419
229,आरक्षो मे हतस्तात रामेणाक्लिष्टकर्मणाजनस्थानमवध्य तत्सर्वं युधि निपातितम् तस्य मे कुरु साचिव्यं तस्य भार्यापहारणे,तात अक्लिष्टकर्मणा रामेण मे आरक्षः हतः तत् सर्वम् अवध्यम् जनस्थानम् युधि निपातितम् तस्य मे तस्य भार्यापहारणे साचिव्यम् कुरु,"And thou shalt write in the book of the kings, and in the book of the kings, and in the book of the kings, and in the book of the kings, and in the book of the kings, and in the book of the kings, and in the book of the kings, and in the book of the kings, and in the book of the kings, and in the book of the kings, and in the book of the kings, and in the book of the kings, and in the book of the kings, and in the book of the kings, and in the book of the kings, and in the book of the kings.","And thou shalt write upon her the burden of her iniquity, and the burden of her iniquity, and the burden of her iniquity, and the burden of her iniquity, and the burden of her iniquity, and the burden of her iniquity, and the burden of her iniquity, and the burden of her iniquity, and the burden of her iniquity, and the burden of her iniquity, and the burden of her iniquity, and the burden of her iniquity.",4.747100977640613
230,अपरासां च वैडूर्याः कादम्बा इव पक्षिणःहेमसूत्राणि चान्यासां चक्रवाका इवाभवन्,परासां च वैडूर्याः कादम्बाः पक्षिणः इव अन्यासाम् हेमसूत्राणि चक्रवाकाः इव अभवन्,"They were reptiles and amphibians, birds of prey, seals, birds of prey, and birds of prey.","And the birds of the air, and the birds of the air, and the birds of the air, and the birds of the air, and the birds of the air, and the birds of the air, and the birds of the air, and the birds of the air, and the birds of the air, and the birds of the air, and the birds of the air, and the birds of the air, and the birds of the air.",0.29259117098417164
231,उभौहिपरमेष्वासावुभौयुद्धविशारदौ उभावस्त्रविदां मुख्यावुभौ युद्धेविचेरतुः,उभौ परमेष्वासौ उभौ युद्धविशारदौ उभौ अस्त्रविदाम् मुख्यौ उभौ युद्धे विचेरतुः,"Armed with all the weapons of war, prepare yourselves for the battle. Armed with the power of God,","Two gods, two warriors, two weapons of war, and two leaders in battle.",14.051676978912429
232,अन्त:पुरं प्रविश्यास्मै कन्यां दत्त्वा यथाविधि शान्तां शान्तेन मनसा राजा हर्षमवाप स: एवं स न्यवसत्तत्र सर्वकामैस्सुपूजित:,स: राजा अन्त:पुरम् प्रविश्य कन्याम् शान्ताम् अस्मै यथाविधि दत्वा शान्तेन मनसा हर्षम् अवाप स: एवम् सर्वकामै: सुपूजित: तत्र न्यवसत्,"He entered the inner courtyard and gave her a virgin. The king was pleased with her peace and quietness, and he worshipped the seventy-three.","""The king came in and gave the virgin her peace, just as we had given her. He was very pleased and was pleased.",6.601618238283769
233,अथवा राक्षसेन्द्रेण रावणेन दुरात्मना छद्मना घातितौ शूरौ भ्रातरौ रामलक्ष्मणौ,अथवा शूरौ भ्रातरौ रामलक्ष्मणौ दुरात्मना राक्षसेन्द्रेण रावणेन छद्मना घातितौ,"or a brother or a sister who has been cursed by evil spirits, or who has been killed by wolves, or who has been cursed by evil spirits,","or if the cowardice and the brotherhood were killed by evil spirits in the face of evil demons,",6.106432774355545
234,विचित्राणि च माल्यानि पादपप्रच्युतानि चसुरादीनि च पेयानि मांसानि विविधानि च,पादपप्रच्युतानि विचित्राणि माल्यानि च सुरादीनि पेयानि विविधानि मांसानि च,"all kinds of foods, all kinds of foods, all kinds of foods, all kinds of foods, all kinds of drinks, all kinds of meats,","vegetables, and various kinds of meats, and spices, and various kinds of meats,",10.22875701616399
235,सर्वमन्तःपुरं वाच्यं सूत मद्वचनात्त्वयाआरोग्यमविशेषेण यथार्हं चाभिवादनम्,सूत त्वया मद्वचनात् सर्वम् अन्तःपुरम् अविशेषेण आरोग्यम् यथार्हम् अभिवादनं च वाच्यम्,"I greet you in every way, and in every way I care for you, especially in my health.","Since you have taught me everything, keep your heart healthy and greet me as you greet me.",2.8423265381137037
236,तस्याश्च भर्ता द्विगुणं हृदये परिवर्ततेअन्तर्जातमपि व्यक्तमाख्याति हृदयं हृदा,भर्ता तस्या: हृदये द्विगुणम् परिवर्तते हृदयम् अन्तर्जातम् अपि हृदा व्यक्तम् आख्याति,And what is inside a person's heart is the same as what is inside a person's heart.,The heart is a double heart. The heart is a double heart. The heart is also called the inner heart.,5.635404655139126
237,क्षत्रियेण वधो राजन् वानप्रस्थे विशेषतःज्ञानपूर्वं कृत स्स्थानाच्च्यावयेदपि वज्रिणम्,राजन् क्षत्रियेण ज्ञानपूर्वम् कृतः वधः विशेषतः वानप्रस्थे वज्रिणम् अपि स्थानात् च्वावयेत्,"and thunderstorms in the valley, and thunderstorms in the wilderness, especially in places of unknown origin.",And the king made a wise cattle in the wilderness; and he slew the wild goats in the wilderness.,9.27755128237612
238,तस्याश्शरीरविवरं विवेश च पुरन्दर:गर्भं च सप्तधा राम बिभेद परमात्मवान्,राम पुरन्दर: तस्या: शरीरविवरं विवेश च परम् आत्मवान् गर्भम् सप्तधा बिभेद,"And God divided her flesh and her womb, and her womb and her womb seven times.","Rama Purandar: She: Fleshly and sexually, but spiritually, seven times divided.",5.653041175801492
239,ब्राह्मणान्भोजयामास पौराञ्जानपदानपिअददाद्ब्रह्मणानां च रत्नौघममितं बहु तेषां जन्मक्रियादीनि सर्वकर्माण्यकारयत्,ब्राह्मणान् पौरान् जानपदानपि भोजयामास ब्राह्मणानाम् अमितम् बहु रत्नौघम् अददात् तेषाम् जन्मक्रियादीनि सर्वकर्माणि अकारयत्,"And when they had eaten Paul's bread, he gave them bread, and gave them silver, and gave them silver, and gave them silver, and gave them silver, and gave them silver, and gave them silver, and gave them silver, and gave them silver, and gave them silver, and gave them silver, and gave them silver, and gave them silver.","And he gave them plenty of precious stones for the feast, and put away all the work of their labor.",2.5179342680727124
240,ततश्शाखान्तरे लीनं दृष्ट्वा चलितमानसावेष्टितार्जुनवस्त्रं तं विद्युत्सङ्घातपिङ्गलम्,ततः शाखान्तरे लीनम् वेष्टितार्जुनवस्त्रम् विद्युत्सङ्घातपिङ्गलम् तम् दृष्ट्वा चलितमानसा,"When they saw him lying there, they struck him with lightning. He was wearing a purple robe.","As they reached the top of the hill, they saw a man walking by, dressed in purple.",6.228496954013446
241,ततस्सरामोहरिवाहिनीपतिर्विभीषणेनप्रतिनन्द्यसत्कृतः सलक्ष्मणोयूथपयूथसम्वृतस्सुवेलपृष्ठेन्यवसद्यथासुखम्,ततः सलक्ष्मणः सः रामः यूथपयूथसम्वृतः हरिवाहिनीपतिः विभीषणेन प्रतिनन्द्य सत्कृतः सुवेलपृष्ठे यथासुखम् न्यवसत्,"The captain of the ship was astonished and filled with awe. He brought a young man dressed in a white robe,","And the king of the vineyard, who was a young man, was afraid; and he put it on the top of the well, as if it had been made.",5.533850646427981
242,राक्षसानां वधं कृत्वा सूदयित्वा च रावणम्लङ्कामुन्मूलितां कृत्वा कदा द्रक्ष्यति मां पतिः,पतिः राक्षसानाम् वधम् कृत्वा रावणं च सूदयित्वा लङ्काम् उन्मूलिताम् कृत्वा माम् कदा द्रक्ष्यति,When will my husband see me slaughtering monsters and burning fire?,When will the husband kill the demons and weep and throw off his clothes and see me?,6.682025998431126
243,सदा सुखमहं मन्ये यं पुरा सह सीतया मारुतस्स विना सीतां शोकं वर्धयते मम,पुरा सीतया सह अहम् यम् सदा सुखम् मन्ये सः मारुतः सीतां विना मम शोकं वर्धयते,"I am always glad, for though I am not with Martha, yet my grief grows even more.","But now I am grieving more and more because of him, who is always pleasing to me.",5.039518688486958
244,वृद्धिकामो हि लोकस्य सर्वभूतानुकम्पनः मत्तः प्रियतरो लोके पर्जन्य इव वृष्टिमान्,लोकस्य वृद्धिकामः सर्वभूतानुकम्पन: वृष्टिमान् पर्जन्य: इव लोके मत्तः प्रियतरः हि,"The elderly are like the earth shaking, the beloved like the rain falling on them.","The people grow old, the earth trembles, the rain falls, and the people love wine.",7.568151121820013
245,यत्नैश्च खलु भाव्यं स्यात्तमासाद्य वनालयम्कर्म चापि समाधेयं देशकालाविरोधिनम्,तम् वनालयम् आसाद्य यत्नैः च भाव्यम् देशकालाविरोधिनम् कर्म चापि समाधेयम्,They worked hard and worked tirelessly to overcome the temptation.,Let us work hard now and in the future against a future nation.,4.035011337465491
246,प्लवैः क्रौञ्चैश्च सम्पूर्णां महामृगनिषेविताम् अधिकं शोभते पम्पा विकूजद्भिःर्विहङ्गमैः दीपयन्तीव मे कामं विविधा मुदिता द्विजाः श्यामां चन्द्रमुखीं स्मृत्वा प्रियां पद्मनिभेक्षणाम्,प्लवैः क्रौञ्चैश्च सम्पूर्णां महामृगनिषेविताम् पम्पा विकूजद्भिः विहङ्गमैः अधिकं शोभते मुदिताः विविधाः द्विजाः श्यामाम् चन्द्रमुखीम् पद्मनिभेक्षणाम् प्रियाम् स्मृत्वा मे कामम् दीपयन्तीव,"They were made of bronze, bronze, bronze, bronze, bronze, bronze, bronze, bronze, bronze, bronze, bronze, bronze, bronze, bronze, bronze, bronze, bronze, bronze, bronze, bronze, bronze, bronze, bronze, bronze, bronze, bronze, bronze, bronze, bronze, and bronze.","They were full of thorns and thistles, and thorns, and thorns, and thorns, and thorns, and thorns, and thorns, and thorns, and twigs, and thorns, and thorns, and thorns, and thorns, and thorns, and thorns, and thorns, and thorns, and thorns, and thorns, and thorns, and thorns, and thorns, and thorns, and thorns, and thorns, and thorns, and thorns, and thorns, and thorns, and thorns, and thorns, and thorns, and thorns, and thorns, and thorns, and thorns, and thorns, and thorns, and thorns, and thorns, and thorns, and thorns, and thorns, and thorns, and thorns and thorns.",0.8225767201403709
247,धर्मात्मा स शुभैः कृत्स्नैः क्रतुभिश्चाप्तदक्षिणैःस्वर्गं दशरथः प्राप्तः पिता नः पृथिवीपतिः,न: पिता धर्मात्मा स: पृथिवीपतिः दशरथ: शुभैः कृत्स्नैः आप्तदक्षिणैः क्रतुभिः स्वर्गं गतः,He was given a rightful place in heaven and a rightful place on earth.,"No, he is the Father of righteousness. He is the ruler of the earth.",5.090564127188443
248,यदि जीवति सा देवी ताराधिपनिभाननाआगमिष्यति साऽवश्यमिमां शिवजलां नदीम्,ताराधिपनिभानना सा देवी जीवति यदि सा अवश्यम् इमाम् शिवजलाम् नदीम् आगमिष्यति,"If she comes to the temple of the goddess of the living, she will go to the river Shiva.","If the goddess is alive, she must come to the river Shivalam.",10.580331550093845
249,स तु संविश्य मेदिन्यां महार्हशयनोचितःइमाः सौमित्रये रामो व्याजहार कथाः शुभाः,महार्हशयनोचितः सः मेदिन्याम् संविश्य सौमित्रये शुभाः इमाः कथाः व्याजहार,Then he came to Medina and told the story of his friend Rama.,My dear friend came to me and greeted me with these words.,7.141816289329644
250,ऋषिमध्ये स तेजस्स्वी प्रजापतिरिवापर: सृजन् दक्षिणमार्गस्थान् सप्तर्षीनपरान् पुन:नक्षत्रमालामपरामसृजत्क्रोधमूर्च्छित: दक्षिणां दिशमास्थाय मुनिमध्ये महायशा:,ऋषिमध्ये स: तेजस्वी अपर: प्रजापति इव दक्षिणमार्गस्थान् अपरान् सप्तर्षीन् सृजन् ऋषिमध्ये क्रोधमूर्च्छित: दक्षिणां दिशम् आस्थाय महायशा: अपराम् नक्षत्रमालाम् असृजत्,"In the midst of it there was a bright star, resplendent in brightness. On the right side of the road there were seven stars, seven seals of gold, and on the south side there was a great star.","And in the midst of it he made seven other stars, like the stars of the south, and in the midst of them he made a great star.",15.245427154206864
251,परवानस्मि काकुत्स्थ त्वयि वर्षशतं स्थितेस्वयं तु रुचिरे देशे क्रियतामिति मां वद,काकुत्स्थ त्वयि वर्षशतम् स्थिते परवान् अस्मि रुचिरे देशे क्रियताम् इति माम् वद,Tell me why you have spent the last hundred years working in a foreign country.,Why don't you tell me that you've been here for a number of years and that you're willing to work hard for the country?,2.180878723700167
252,शुश्रुवुस्तस्यतेसर्वेवानराःपरिदेवनम् वर्तयाञ्चक्रूरश्रूणिनेत्रैःकृष्णेतरेक्षणाः,सर्वे ये वानराः तस्य परिदेवतम् शुश्रुवुः कृष्णेतरेक्षणाः नेत्रैः अश्रूणि वर्तयाञ्चक्रु:,They were filled with tears and tears. They were filled with joy and joy.,All the monkeys wore her clothes and wept.,2.908317710573758
253,गत स्स नृपतिस्तत्र गन्तव्यं यत्र तेन वैप्रवृततिरेषा मर्त्यानां त्वं तु मिथ्या विहन्यसे,सः नृपतिः तेन यत्र गन्तव्यम् तत्र गतः मर्त्यानाम् प्रवृत्ति: एषा त्वं तु मिथ्या विहन्यसे,"You will go to your master's house, where you will be spoken to by him, and you will lie to the dead.","When the king came to the place where he was going, he said to her, ""This is a false witness.",4.1202784939919095
254,रक्षिता जीवलोकस्य स्वजनस्याभिरक्षितारक्षिता स्वस्य वृत्तस्य धर्मस्य च परन्तपः,परन्तपः जीवलोकस्य रक्षिता स्वजनस्य अभिरक्षिता स्वस्य वृत्तस्य धर्मस्य च,and to save his own people from their evil ways and from the destruction of the world.,He will save his people and keep them safe and sound in the sight of God.,6.0745880708766835
255,आर्येणकिंतेकैकेयी कृतंरामेणविप्रियम् यन्मयाचीरवसनस्त्वयाप्रस्थापितोवनम्,आर्येण रामेण कैकेयी किमं विप्रियम् कृतंनु यत् चीरवसनम् त्वया मया वनम् प्रस्थापितः,"For you have received the gift of eternal life, which is given to you by grace through faith in others.","And thou didst that which Ramah and Caiaphas despised: thou didst that which I despised, and thou didst that which I despised.",1.9833846708190694
256,हतशेषास्ततो भग्ना राक्षसाः खरसंश्रया द्रवन्ति स्म न तिष्ठन्ति व्याघ्रत्रस्ता मृगा इव,ततः खरसंश्रया हतशेषाः राक्षसाः भग्नाः व्याघ्रतस्ताः मृगाः यथा द्रवन्ति स्म न तिष्ठन्ति,"For the raven is like a wolf in sheep's clothing, and the raven is like a wolf in sheep's clothing.","Then the grass fell, and the wild beasts, and the wild beasts, and the wolves, and the leopards, and the beasts of the field.",5.078212169504162
257,रावणेनप्रणिहितंतमवेहिविभीषणम् तस्याहंनिग्रहंमन्येक्षमंक्षमवतांवर,क्षमवताम् वर: तम् विभीषणम् रावणेन: प्रणितम् अवेहि: तस्य: निग्रहम् क्षमम् अहम् मन्ये:,"I was afraid of her, and I was afraid of her, and I was afraid of her, and I was afraid of her, and I was afraid of her.","And the bridegroom said to him, Fear him, and fall down; and he said, I am sorry, I am sorry.",3.1707499796910508
258,भगीरथ महाभाग प्रीतस्तेऽहं जनेश्वरतपसा च सुतप्तेन वरं वरय सुव्रत,महाभाग जनेश्वर भगीरथ ते सुतप्तेन तपसा अहम् प्रीत: सुव्रत वरम् वरय,"I have loved Bhagirath and Bhagirath, and I have loved the Lord and the beautiful bride.",Blessed is the God who gives glory to them. I love them so much that they are asleep in their sleep.,2.1409907800309074
259,देहीत्यन्योददात्यन्योददामीत्यपरःपुनः किंक्लेशयसितिष्ठेतितत्रान्योन्यंबभाषिरे,तत्र अन्यः देहीति अन्यः ददाति अपरःपुनः ददामीति किंक्लेशयसि तष्ठइति अन्योन्यम् बभाषिरे,"When he had given up his body, he said, ""No, no, no, no. "" Then Cenchreaus sat down and began to speak in tongues.","""There is one body, another body, another body, another body, another body, another body, another body, another body, another body, another body, another body, another body, another body, another body, another body, another body, another body, another body, another body, another body, another body, another body, another body, another body, another body, another body, another body, another body, another body, another body, another body, another body, another body, another body, another body, another body, another body, another body, another body, another body, another body, another body, another body, another body, another body, another body, another body, another body, another body, another body, another body, another body, another body, another body, another body, another body, another body, another body, another body, another body, another body, another body, another body, another body, another body, another body"".",0.016656776725338055
260,शराणां धनुषश्चाहमनृणोऽस्मिन्महावनेससैन्यं भरतं हत्वा भविष्यामि न संशयः,अस्मिन् महावने अहम् ससैन्यम् भरतम् हत्वा शराणाम् धनुषश्च अनृणः भविष्यामि संशंयः न,I am not going to strike a great army with my bows and arrows.,For I know that in the greatness of our power I will lay down my armies and lay down my bows and my arrows.,6.609901678965131
261,तेराक्षसबलंघोरंप्रविश्यहरियूथपाः विचेरुरुद्यतैश्शैलैर्नगाश्शिखरिणोयथा,ते हरियूथपाः घोरम् राक्षसबलम् प्रविश्य उद्यतैः शैलैः शिखरिणः नगाःयथा विचेरुः,"They went into a pool of water, filled with blood and spices.",Then they came in with a violent force of green grass and threw themselves into the mountains.,3.3400068047108444
262,शरण्यं सर्वभूतानां सुसम्मृष्टाजिरं सदामृगैर्बहुभिराकीर्णं पक्षिसङ्घैस्समावृतम्,सर्वभूतानाम् शरण्यम् सदा सुसम्मृष्टाजिरं बहुभिः मृगैः आकीर्णम् पक्षिसङ्घै समावृतम्,"His shelter was a refuge for every living creature, for every living creature, for every living creature, for every living creature, for every living creature, for every living creature, for every living creature, for every living creature, for every living creature, for every living creature, for every living creature, for every living creature, for every living creature, for every living creature, for every living creature, for every living creature.",The shelter of all the worlds was always a place of refuge for the birds of the air and for the birds of the air.,1.1583891314603219
263,त्वयालोकास्त्रयःक्रान्ताःपुरास्वैर्विक्रमैस्त्रिभिः महेन्ध्रश्चकृतोराजाबलिंबद्ध्वासुदारुणम्,पुरा त्वया स्वैः त्रिभिः विक्रमैः त्रयः लोकाः क्रान्ताः सुदारुणम् बलिम् बद्ध्वा महेन्द्रः राजा कृतः,"women who sell flowers, men who sell flowers, women who sell flowers, men who sell flowers, men who sell flowers, women who sell flowers, women who sell flowers, women who sell flowers, men who sell flowers, men who sell flowers, men who sell flowers, men who sell flowers, men who sell flowers, men who sell flowers, men who sell flowers, men who sell flowers, men who sell flowers, men who sell flowers, men who sell flowers, men who sell flowers, men who sell flowers, men who sell flowers, men who sell flowers, men who sell flowers, men who sell flowers, men who sell flowers, men who sell flowers, men who sell flowers, men who sell flowers, men who sell flowers, men who sell flowers, men who sell flowers, men who sell flowers, men who sell flowers, men who sell flowers, men, men, men, and women who sell things, and women who sell things, and men who are all things,","And three men, who had been sold by the king of Perga, made him king, and made him king, and made him king.",0.6630200953539476
264,अन्या वक्षसि चान्यस्यास्तस्याः काचित्पुनर्भुजम्अपरा त्वङ्कमन्यस्यास्तस्याश्चाप्यपरा भुजौ,अन्याः अन्यस्याः वक्षसि काचित् पुनः तस्याः भुजम् अपरा तु अन्यस्याः अङ्कम् अपरा तस्याः भुजौ,Then you will put some of the new bread on the other side of the table and put it on the other side of the table.,"The other man put his hand on the other man's shoulder, and the other man put his finger on his shoulder.",7.7250397735730845
265,राज्यं गतजनं साधो पीतमण्डां सुरामिव निरास्वाद्यतमं शून्यं भरतो नाभिपत्स्यते,साधो गतजनम् शून्यम् निरास्वाद्यतमम् राज्यम् पीतमण्डाम् सुराम् इव भरतः नाभिपत्स्यते,"A man who enters a kingdom will not be satisfied with nothing, nor will he be satisfied with nothing.","""A foolish man will fall like a pig in a pit.",2.7156804039319287
266,यौवने वर्तमानस्य ममासीद्यः पराक्रमः तमेवाद्यावगच्छामि बलं पौरुषमेव च,यौवने वर्तमानस्य मम यः पराक्रमः आसीत् तमेव अद्य अवगच्छामि बलम् पौरुषमेव च,"As a young man, I use my strength now, my strength now, my strength now, my strength now.",I have become as strong as I was when I was young and as strong as I am now.,3.9164496650022476
267,तमुवाच महातेजा स्सूतपुत्रं विशारदम् वसिष्ठः क्षिप्रमाचक्ष्व नृपतेर्मामिहागतम्,महातेजाः वसिष्ठः विशारदम् तं सूतपुत्रम् उवाच आह माम् इह आगतम् नृपतेः क्षिप्रम् आचक्ष्व,"""Her Majesty gave birth to her son, a son, and she sat down to see him as king for a short time.","When the king's son was at his bedside, the queen said to him, ""My son, come and see the king"".",4.424483358384046
268,एवमाधर्षितश्शूरश्शूर्पणख्या खरस्ततःउवाच रक्षसां मध्ये खरः खरतरं वचः,ततः शूर्पणख्या एवम् रक्षसाम् मध्ये आधर्षितः शूरः खरः खरतरम् वचः उवाच,"And there was a thunderstorm among the guards, like a thunderstorm.","He heard a loud voice, like a trumpet, sounding in the midst of the guard.",9.30833816558901
269,अथ काले गते तस्मिन् षष्ठेऽहनि समागतेसौमित्रिमब्रवीद्रामो यत्तो भव समाहित:,अथ तस्मिन् काले गते षष्ठे अहनि समागते राम: सौमित्रिम् यत्त: समाहित: भव अब्रनवीत्,"At this very hour, my friend Marvias comes to me.","And it came to pass in that day, in the sixth hour, that Ahanni came to Rama, saying,",3.2575541112894566
270,अथसंस्मारयामासमातलिराघवंतदा अजानन्निवकिंवीरत्वमेनमनुवर्तसे,अथ तदा मातलिः राघवम् संस्मारयामास वीर अजानन्निव त्वम् एनम् किम् अनुवर्तसे,"For in the month of Remembrance, the Lord's Prayer was celebrated with great joy.","Then he remembered the rags of the battle, and he knew not what he was doing.",3.377811044913357
271,नावस्त्वारुरुहुश्चान्ये प्लवैस्तेरु स्तथापरेअन्ये कुम्भघटैस्तेरुरन्येतेरुश्च बाहुभिः,अन्ये नावः आरुरुहुश्च अपरे तथा प्लवैः तेरुः अन्ये कुम्भघटैः तेरुः अन्ये बाहुभिः तेरुः च,"the sailors, the sailors, the sailors, the sailors, the sailors, the sailors, the sailors, the sailors,","and other boats, sailors, sailors, seamen, sailors,",5.856458233275369
272,यात सेनाग्रगास्सर्वे महाबलपरिग्रहाःसवाजिरथमातङ्गास्स कपिश्शास्यतामिति,सेनाग्रगाः सर्वे महाबलपरिग्रहाः सवाजिरथमातङ्गाः यात सः कपिः शास्यताम् इति,"and a great multitude of armies will be gathered together, and a great multitude of mighty men will be gathered together, and a great multitude of them will be gathered together.",He will come down from heaven with all his mighty men and with all his mighty warriors.,2.7374353552268267
273,सौवर्णींशिबिकांदिव्यामारोप्यक्षौमवासनम् रावणंराक्षसाधीशमश्रुपूर्यमुखाद्विजाः तूर्यघोषैश्चविविधैस्स्तुवद्भिश्चाभिनन्दितम् प्ताकाभिश्चचित्राभिस्सुमनोभिश्चचित्रिताम् उत्क्षिप्यशिबिकांतांतुविभीषणपुरोगमाः दक्षिणाभिमुखास्सर्वेगृह्यकाष्ठानिभेजिरे,अश्रुपूर्णमुखाः सर्वे द्विजाः क्षौमवासनम् विविधैः तूर्यघोषैः स्तुवद्भिः च अभिनन्दितम् राक्षसाधीशम् रावणम् सौवर्णीम् दिव्याम् शिबिकाम् आरोप्य चित्राभिः प्ताकाभिश्च सुमनोभिः चित्रिताम् तांशिबिकाम् उत्क्षिप्य विभीषणपुरोगमाः काष्ठानि गृह्य दक्षिणाभिमुखाः भेजिरे,"and gold leaf, and silver, and bronze, and sapphires, and sapphires, and roses, and horsemen, and horsemen, and all sorts of sorcerers, and blasphemers, and blasphemers, and blasphemers, and blasphemers, and blasphemers, and blasphemers, and blasphemers, and blasphemers, and blasphemers, and blasphemers, and blasphemers, and blasphemers, and blasphemers, and blasphemers, and blasphemers, and blasphemers, and blasphemers, and blasphemers, and blasphemers, and blasphemers, and blasphemers, and blasphemers, and blasphemers, and blasphemers, and blasphemers, and blasphemers, and blasphemers, and blasphemers, and blasphemers, and blasphemers, and blasphemers, and blasphemies, and blasphemies, and blasphemies, and blasphemies, and blasph","They were all filled with tears and tears, with trumpets and trumpets and trumpets. They were cheering and cheering. They were wearing golden lanterns, golden lanterns, statues, and bronze plaques.",1.3342281173664348
274,तमेनंमायिनंक्षुद्रमन्तर्हितरथंबलात् राक्षसंनिहनिष्यन्तिदृष्टवावानरयूथपाः,मायिनम् क्षुद्रम् अन्तर्हितरथम् तमेनं एनम् राक्षसम् दृष्टवा वानरयूथपाः बलात् निहनिष्यन्ति,"And they will cast out demons out of their tents, and they will cast out evil spirits out of their tents, and they will cast out evil spirits out of their tents.","When they see the beast in the depths of the sea, the foxes will come out of his mouth and kill him.",2.9867390496386643
275,मयातुमोक्षितस्यास्यसुग्रीवस्यमहात्मनः अप्रीतिश्चभवेत्कष्टाकीर्तिनाशश्चशाश्वतः,मया मेक्षितस्य महात्मनः अस्य सुग्रीवस्य कष्टा अप्रीतिश्च शाश्वतः कीर्तिनाशश्च भवेत्,"For the grace and love of him that redeemed me, and the fear and persecution and destruction and destruction of him, shall be with me forever and ever.","May the glory of the Lamb be poured out on him, that he may be despised, and that he may be despised forever.",4.368410366177579
276,किं निमित्तं तु केनापि भ्रातुरालम्ब्य मे स्वरम्राक्षसेनेरितं वाक्यं त्राहि त्राहीति शोभने,शोभने किं निमित्तं तु केनापि राक्षसेन मे भ्रातुः स्वरम् आलम्ब्य त्राहि त्राहि इति वाक्यम् ईरितम्,"Why, then, does anyone criticize or criticize a brother or sister?",Why are you grieving? Why do you listen to your brother's voice when he is talking to a demon?,2.266870701656303
277,ततो ददर्श रुचिरं कैलासशिखरप्रभम् रामवेश्म सुमन्त्रस्तु शक्रवेश्मसमप्रभम्,तत: सुमन्त्र: तु कैलासशिखरप्रभम् शक्रवेश्मसमप्रभम् रुचिरम् रामवेश्म ददर्श,"When he saw the king, he was very happy. He remembered the king of Caiaphas, the king of Chalcedon, and the king of Chalcedon, the king of Chalcedon.","And he said to her, ""You have seen the Lord of Calvary, the Lord of the vineyard, the Lord of the vineyard, the Lord of the vineyard, the Lord of the vineyard, the Lord of the vineyard, the Lord of the vineyard, the Lord of the vineyard, the Lord of the vineyard, the Lord of the vineyard, the Lord of the vineyard, the Lord of the vineyard"".",1.0441431968198105
278,यदन्तरं वायसवैनतेययोर्यदन्तरं मद्गुमयूरयोरपियदन्तरं सारसगृध्रयोर्वने तदन्तरं दाशरथेस्तवैव च,वायसवैनतेययोः यत् अन्तरम् मद्गुमयूरयोरपि यत् अन्तरम् वने सारसगृध्रयोः यत् अन्तरम् दाशरथेः तवैव च तत् अन्तरम्,"When he had finished his work, and had come to the door of the synagogue, and had come to the door of the synagogue, and had come to the door of the synagogue, and to the door of the synagogue, and to the door of the synagogue, and to the door of the synagogue, and to the door of the synagogue, and to the door of the synagogue, and to the door of the synagogue, and to the door of the synagogue,","And he saw the difference between the throne and the throne, and between the throne and the throne, and between the throne and the throne.",1.520964745064661
279,जीवेयं खलु सौमित्रे मया सह सुमध्यमा सेवते यदि वैदेही पम्पायाः पवनं सुखम्,सौमित्रे सुमध्यमा वैदेही सह पम्पायाः सुखम् पवनम् सेवते यदि जीवेयं खलु,"If a stranger's pipe is a breath of fresh air, it serves me well.",The sweetness of the pumpka and the sweetness of the vibe serve as the wind if the life is consumed.,2.3547653529958312
280,ववर्षरुधिरंदेवश्चस्खलुश्चतुरङ्गमाः ध्वजाग्रेन्यपतद्गृध्रोविनेदुश्चाशिवाःशिवाः,देवः रुधिरम् ववर्ष तुरङ्गमाः चस्खलुश्च ध्वजाग्रे गृध्रः न्यपतत् अशिवाः शिवाश्च विनेदुः,"They were filled with blood, scarlet, blue, blue, green, blue, blue, and purple.","God turned to blood, thunder, trumpets, and drums. He made the houses to fall under the flags, the Asherahs, the Hivites, and the Hivites.",3.725968634545711
281,त्वया ह्यनुक्तैर्हरिभिर्नैव शक्यं पदात्पदम्क्वचिद्गन्तुं हरिश्रेष्ठ ब्रूमः सत्यमिदं तु ते,हरिश्रेष्ठ त्वया अनुक्तै: हरिभिः पदात् पदम् क्वचित् गन्तुम् न शक्यम् सत्यम् इदम् ते ब्रूमः,"They must be green, green, and true, so that they may be thoroughly cleansed.",Greener thyself says: Green words can hardly go from word to word. It is true that they are broom.,4.090246193702001
282,तस्य विद्युत्प्रभाकारे वायुमार्गानुसारिणः नयने विप्रकाशेते पर्वतस्थाविवानलौ,वायुमार्गानुसारिणः तस्य विद्युत्प्रभाकारे नयने पर्वतस्थौ अनलौ इव विप्रकाशेते,"His lightning shines through the air, and the mountains are made to shine brightly.","His lightning flashes through the wind, and it glows like a cloud on a new mountain.",7.7700687105282995
283,तथैव मत्ता मदिरोत्कटा नरास्तथैव दिव्यागरुचन्दनोक्षिताःतथैव दिव्या विविधास्स्रगुत्तमाः पृथक्प्रकीर्णा मनुजैः प्रमर्दिताः,नराः मदिरोत्कटाः तथैव मत्ताः तथैव दिव्यागरु चंदनोक्षिताः मनुजैः प्रमर्दिताः पृथक् प्रकीर्णाः दिव्याः विविधाः स्रगुत्तमाः तथैव,"In the same way, people use lamps to illuminate the world, and they do not use them in the same way. These lamps are made of different kinds of materials.","These are the kinds of flowers, the kinds of flowers, the kinds of flowers, the kinds of flowers, the kinds of flowers, the kinds of flowers, the kinds of flowers, the kinds of flowers, the kinds of flowers, the kinds of flowers, the kinds of flowers, the kinds of flowers, the kinds of flowers, the kinds of flowers, the kinds of flowers, the kinds of flowers, the kinds of flowers, the kinds of flowers, the kinds of flowers, the kinds of flowers, the kinds of flowers, the kinds of flowers, the kinds of flowers, the kinds of flowers, the kinds of flowers, the kinds of flowers, and the kinds of flowers.",0.19020590756533767
284,अभिवादये त्वां भगवन् सुखमध्युषितो निशाम्आमन्त्रये त्वां गच्छामि गुरुं ते द्रष्टुमग्रजम्,भगवन् निशाम् सुखम् अध्युषितः त्वाम् अभिवादये त्वाम् आमन्त्रये ते गुरुम् अग्रजम् द्रष्टुम् गच्छामि,I greet you with good tidings from the Lord.,I am on my way to see the man whom the Lord has chosen to be with you. Give him my greetings.,2.72361305419738
285,क्रोधलोभौ विमोक्तव्यौ कर्तव्या तपसे मतिःन भेतव्यं च भेतव्ये नित्यं दुःखमतो वनम्,क्रोधलोभौ विमोक्तव्यौ तपसे मतिः कर्तव्या भेतव्ये न भेतव्यम् अतः वनम् नित्यम् दुःखम्,"Rather, keep on mourning all the time, for fear of anger and anger.","If you are angry, let your anger go free, for you do not deserve to be angry, for you are always grieving.",3.2920414572635375
286,तौ तु तत्र स्थितौ दृष्ट्वा भ्रातरौ रामलक्ष्मणौबाहुपाशपरिक्षिप्तौ कबन्धो वाक्यमब्रवीत्,बाहुपाशपरिक्षिप्तौ तत्र स्थितौ भ्रातरौ तौ रामलक्ष्मणौ दृष्ट्वा कबन्धः वाक्यम् अब्रवीत्,"When he saw them standing there, he told them what had happened.","When the brothers saw a large crowd of sheep and goats lying there, they reported what had happened.",14.799854887758066
287,हन्त ते कथयिष्यामि श्रुणु तत्त्वेन राघव यस्येदमाश्रमपदं शप्तं कोपान्महात्मना,राघव महात्मना कोपात् शप्तम् इदम् आश्रमपदम् यस्य तत्त्वेन ते कथयिष्यामि श्रृणु हन्त,"But I will say to them, ""Get out of your way, O my people, because I have sworn an oath in my anger against you.","And the Lord swore in his anger, and in his anger, and in his wrath, and in his anger, and in his anger, and in his anger, and in his anger, and in his anger, and in his anger, and in his anger, and in his anger, and in his anger, and in his anger, and in his anger, and in his anger, and in his anger, and in his anger, and in his anger, and in his anger, and in his anger, and in his anger, and in his anger, and in his anger, and in his anger, and in his anger, and in his anger, and in his anger, and in his anger, and in his anger, and in his anger, and in his anger, and in his anger, and in his anger, and in his anger, and in his anger, and in his anger, and in his anger, and in his anger, and in his anger,",0.006864962146919035
288,वानराहिमहात्मानश्शीघ्रास्सव्यवसायिनः एकाकिनंप्रमत्तंवानयेयुद्धशनैःक्ष्यम्,महात्मानः शीघ्रा: सुव्यवसायिनः वानराः एकाकिनम् प्रमत्तंवा दशनैः क्ष्यम्,"And the merchants of the great empire, and the merchants of the great empire, and all the merchants of the great empire, and all the merchants of the great empire, and all the merchants of the great empire, and all the merchants of the great empire, and all the merchants of the great empire, and all the merchants of the great empire, and all the merchants of the great empire, and all the merchants of the great empire, and all the merchants of the great empire.","Big Brother Quick: The Good Business: The Monkeys are Lonely, They're Great, They're Gone With The Wind",0.44029007819264104
289,उद्यन्तभास्करंदृष्टवाबालःकिलपिपासितः त्रियोजनसहस्रंतुअध्वानमवतीर्यहि आदित्यमाहरिष्यामिनमेक्षुत्प्रतियास्यति इतिसञ्चिन्त्यमनसापुरैषबलदर्पितः,बालकः पिपासितः उद्यन्तम् भास्करम् दृष्टवा त्रियोजनसहस्रम् अध्वानम् अवतीर्य मे क्षुत् नप्रतिस्यति आदित्यम् आहरिष्यामि इति मनसा सञ्चिन्त्य बलदर्पितः पुरैष,"When the rains came, there was a thunderstorm, and there was a thunderstorm, and there were three thousand waves of lightning, and there was a thunderstorm.","When he saw a young boy crawling upstairs with a rooster, he said, ""I'd rather spend three thousand cubits of bread on him. "" And he replied, ""No, I won't"".",2.83785325740826
290,इयमादित्यसङ्काशैः पद्मैस्सुरभिगन्धिभिःअदूरे दृश्यते रम्या पद्मिनी पद्मशोभिता,पद्मशोभिता रम्या इयं पद्मिनी आदित्यसङ्काशैः सुरभिगन्धिभिः पद्मैः अदूरे दृश्यते,"From a distance it was visible with the lights of Padmashur, and from a distance it was visible with the rays of Padmashur.","The beauty of Padma Shri is that the padma shrines, the candles, and the fragrance of the sunshine are visible at the far end of the padma.",3.4879131457496997
291,रक्षांसि वक्षांसि च विक्षिपन्ति गात्राणि कान्तासु च विक्षिपन्तिरूपाणि चित्राणि च विक्षिपन्ति दृढानि चापानि च विक्षिपन्ति,वक्षांसि विक्षिपन्ति कान्तासु गात्राणि विक्षिपन्ति चित्राणि रूपाणि विक्षिपन्ति दृढानि चापानि विक्षपन्ति रक्षांसि,"They put on robes and cloaks, and they put on robes and cloaks, and they put on images and images, and they put on strong spears.","They spread loose garments, they spread bowls, they spread images, they spread strong spears,",4.415447650464083
292,भ्रातातुगृध्रराजस्यसम्पातिर्नामवीर्यवान् समाख्यातिस्मवसतींसीतांरावणमन्दिरे,गृध्रराजस्य भ्राता वीर्यवान् सम्पातिर्नाम सीताम् रावणमन्दिरे वसतीम् समाख्यातिस्म,"Our brothers and sisters were in the temple of the Lord, and we were in the temple of the Lord.","We were living in the temple of Seth and Ravana, the brothers of Viraiah, the king of Goth.",14.23071532720465
293,शिथिलां वलितां वृद्धां जरापाण्डुरमूर्धजाम्सततं वेपमानाङ्गीं प्रवाते कदलीं यथा तां तु सीता महाभागामनसूयां पतिव्रताम्अभ्यवादयदव्यग्रा स्वंनाम समुदाहरत्,सीता शिथिलाम् वलिताम् वृद्धाम् जरापाण्डुरमूर्धजाम् प्रवाते कदलीं यथा सततम् वेपमानाङ्गीम् महाभागाम् पतिव्रताम् ताम् अनसूयाम् अव्यग्रा अभ्यवादयत् स्वनाम समुदाहरत्,"She went to her mother-in-law, an elderly woman, wearing a white robe, and cried out in a loud voice.","And he called them to his name, and said to them, Behold, I am an old woman, and a woman of old age, and a woman of old age, and a woman of old age, and a woman of old age, and a woman of old age, and a woman of old age, and a woman of old age, and a woman of old age, and a woman of old age, and a woman of old age, and a woman of old age, and a woman of old age, and a woman of old age, and a woman of old age, and a woman of old age, and a woman of old age, and a woman of old age, and a woman of old age.",0.026682180750212746
294,श्रुत्वा तु वचनं तासां सर्वासां हृदयङ्गमम्गमनाय मतिं चक्रे तं च निन्युस्तदा स्त्रिय:,तासां सर्वासाम् हृदयङ्गमम् वचनम् श्रुत्वा गमनाय मतिम् चक्रे तदा स्त्रिय: तं निन्यु:,"When the woman heard this, she persuaded him, and they were all amazed.","When the woman heard what they were saying, she was shocked and moved to go.",20.54877502919074
295,उत्पेतुश्च विना रात्रिं ताराः खद्योतसप्रभाःसंलीनमीनविहगा नलिन्यश्शुष्कपङ्कजाः तस्मिन् क्षणे बभूवुश्च विना पुष्पफलैर्द्रुमाः,खद्योतसम्प्रभाः ताराः विना रात्रिम् उत्पेतुः संलीनमीनविहगाः नलिन्यः शुष्कपङ्कजाः तस्मिन् क्षणे द्रुमाः पुष्पफलैः विना बभूवुश्च,"without the sun, without the stars, without the stars, without the stars, without the stars, without the stars, without the stars, without the stars, without the stars, without the stars, without the stars, without the stars, without the stars, without the stars, without the stars, without the stars, without the stars, without the stars, without the stars, without the stars, without the stars, without the stars, without the stars, without the stars, without the stars, without the stars, without the stars, without the stars, without the stars, without the stars, without the stars, without the stars, without the stars, without the stars, without the stars, without the stars, without the stars, without the stars, without the stars, without the stars, without the stars, without the stars, without the stars, without the stars, without the stars, without the stars, without the stars, without the stars, without the stars.","The stars of the night, the stars of the night, the stars of the night, the stars of the night, the stars of the night, the stars of the night, the stars of the night, the stars of the night, the stars of the night, the stars of the night, the stars of the night, the stars of the night, the stars of the night, the stars of the night, the stars of the night, the stars of the night, the stars of the day, the stars of the night, the stars of the night, the stars of the night, the stars of the night, the stars of the night, the stars of the night, the stars of the night, the stars of the night, the stars of the night, the stars of the night, the stars of the night, the stars of the day, the stars of the night, the stars of the night, the stars of the night, the stars of the night, the stars of the night, the stars of the night, the stars of the night, the stars of the night, the stars of the stars, the stars of the stars, the stars, the stars of the stars, and the stars of the stars, the stars of the",4.404728793606169
296,स्वप्ने पितरमद्राक्षं मलिनं मुक्त मूर्धजम्पतन्तमद्रिशिखरात्कलुषे गोमयह्रदे,स्वप्ने मलिनम् मुक्तमूर्धजम् अद्रिशिखरात् कलुषे गोमयह्रदे पतन्तम् पितरम् अद्राक्षम्,In a dream Peter saw a golden golden statue of Jesus standing in front of the temple.,"In a dream, Peter fell asleep, having seen a bowl of water falling from the top of a hill and falling into a pool of water.",5.710515003667018
297,प्राणातिपातनिरतो निरनुक्रोशतां गत:दीर्घकालं मम क्रोधाद्दुर्गतिं वर्तयिष्यति,मम क्रोधात् प्राणातिपातनिरतो निरनुक्रोशताम् गत: दीर्घकालम् दुर्गतिम् वर्तयिष्यति,Thou shalt not be angry with me for a long time; for I will be angry with thee for a long time.,"My anger is turned away from me, and my wrath is turned to death; for a long time it shall be prolonged.",12.072692160188762
298,वानरैरर्दितास्तेतुविक्रान्तैर्लघुविक्रमैः पुनर्लङ्कामनुप्राप्ताश्वसन्तोनष्टचेतसः,विक्रान्तै लघुविक्रमै वानरै अर्दिता ते तु श्वसन्त पुन लङ्काम् नष्टचेतस अनुप्राप्ता,He was sold as a slave and sold for a small price. He was given the right to be restored as a slave.,"They sold their birds for a small price, but when they breathed, they regained consciousness and died.",10.845182904139568
299,एषपन्थाःसुयोधानांसर्वामरगणेष्वपि यःकृतेहन्यतेभर्तुस्सपुमान्स्वर्गमृच्छति,सर्वामरगणेष्वपि सुयोधानाम् एषः पन्थाः यः भर्तुःकृते हन्यते सःपुमान् स्वर्गम् ऋच्छति,"Blessed is the man who builds the foundation of heaven, and who makes it perfect in every way.","He is the best of all things, the best of all things, the best of all things, the best of all things, the best of all things, the best of all things, the best of all things, the best of all things, the best of all things, the best of all things, the best of all things, the best of all things, the best of all things.",0.2509028614848282
300,ततःसरक्षोधिपतिर्महात्मारक्षांसितान्याहमहाबलानि द्वारेषुचर्यागृहगोपुरेषुसुनिर्वृतास्तिष्ठतनिर्विशङ्काः,ततः महात्मा सः रक्षोधिपतिः महाबलानि तानि रक्षांसि आह द्वारेषु चर्यागृहगोपुरेणु सुनिर्वृताः निर्विशङ्काः तिष्ठत,Then the commander and the guards of the garrison stood at the gates of the barracks.,"The king, the commander of the guard, and the mighty men who guarded them, stood at the gates of the guardhouse,",23.539226957267594
301,दिविनक्षत्रभूतस्त्वंमहात्कर्मकृतप्रियम् पुण्यंराजर्षिवंशंत्वमात्मनस्समुपेक्षसे,दिवि नक्षत्रभूतम् प्रियम् महत् कर्म कृता त्वम् आत्मनः पुण्यम् राजर्षिवंशम् समुपेक्षसे,"You are the star of the day, my beloved child, and you are the seed of the kingdom of heaven.","You are worthy of the glory of God, you are worthy of the glory of God, you are worthy of the glory of God, you are worthy of the glory of God, you are worthy of the glory of God, you are worthy of the glory of God, you are worthy of the glory of God, you are worthy of the glory of God, you are worthy of the glory of God, you are worthy of the glory of God, you are worthy of the glory of God, you are worthy of the glory of God, you are worthy of the glory of God, you are worthy of God, you are worthy of the glory of God, you are worthy of God.",0.051044875474437874
302,स तंसमीक्ष्यानलरश्मिदीप्तंविसिष्मियेवासवदूतसूनुः आवृत्यतंचौषधिपर्वतेन्द्रंतत्रौषधीनांविचयंचकार,सः अनलरश्मिदीप्तम् तम् समीक्ष्य विसिष्मिये ओषधिपर्वतेन्द्रम् आवृत्य तत्र ओषधीनाम् विचयम् चकार,"It had a lamp, a lamp, and a lampstand. The angel came down from heaven and led him down to the mountainside.","When he saw the lamp, he was amazed. He went down to the Mount of Olives and laid his clothes there.",7.6047020452233385
303,विमानमास्थायमहानुभावःश्रिया च सम्हृष्टतन्नुर्नृपोत्तमः आमन्त्यपुत्रौसहसीतया च जगामदेवप्रवरस्यलोकम्,महानुभावः नृपोत्तमः श्रिया सम्हृष्टतनुः सीतया सह पुत्रौ आम्नत्य विमानम् आस्थाय देवप्रवरस्य लोकम् जगाम,"and the heavenly host, and the heavenly host, and the heavenly host, and the eternal Son of man, who is the Lord of the world.","and the kingdom of heaven, the kingdom of heaven, the kingdom of heaven, the kingdom of heaven, the kingdom of heaven, the kingdom of heaven, the kingdom of heaven, the kingdom of heaven, the kingdom of heaven, the kingdom of heaven, the kingdom of heaven, the kingdom of heaven, the kingdom of heaven, the kingdom of heaven, the kingdom of heaven, the kingdom of heaven, the kingdom of heaven, the kingdom of heaven, the kingdom of heaven, the kingdom of heaven, the kingdom of heaven, the kingdom of heaven, the kingdom of heaven, the kingdom of heaven, the kingdom of heaven, the kingdom of heaven, the kingdom of heaven, the kingdom of heaven, the kingdom of heaven.",0.08452345741054791
304,ततः प्रकृतिमान्वैद्यः पितुरेषां पुरोहितः वसिष्ठो भरतं वाक्यमुत्थाप्य तमुवाच ह,ततः प्रकृतिमान् वैद्यः एषाम् पितुः पुरोहितः वसिष्ठः तम् भरतम् उत्थाप्य वाक्यम् उवाच,"When the chief priests, who had no natural will, stopped talking, they said,","The high priest, whose father was a physician, stood up and said to him,",3.234245292096216
305,अब्रवीच्चापि मां भूयो भृशमश्रूणि वर्तयन्मातेव मम माता ते द्रष्टव्या पुत्रगर्धिनी,भृशम् अश्रूणि वर्तयन् माम् भूयः अब्रवीच्चापि पुत्रगर्धिनी मम माता ते मातेव द्रष्टव्या,"My mother, who was about to give birth to her son, was weeping and greatly weeping for me.","I cried out in tears, and my mother, who was about to give birth to my son, and my mother, who was about to give birth to my son, came to see me.",19.420655086332417
306,अन्तरिक्षगतास्सर्वेसर्वेमायाविशारदाः सर्वेत्रिदशदर्पघ्नास्सर्वे च रणदुर्जयाः,सर्वे अन्तरिक्षगताः सर्वे मायाविशारदाः सर्वे त्रिदशदर्पघ्नाः सर्वे रणदुर्जयाः,"And he went into the midst of the sea, and the sea, and the sea, and the sea, and the sea, and the sea, and the sea, and the sea, and the sea, and the sea, and the sea, and the sea, and the sea, and the sea, and the sea, and the sea, and the sea, and the sea, and the sea, and the sea, and the sea, and the sea, and the sea, and the sea, and the sea, and the sea, and the sea, and the sea, and the sea, and the sea, and the sea, and the sea, and the sea, and the sea, and the sea, and the sea, and the sea, and the sea, and the sea, and the sea, and the sea, and the sea, and the sea, and the sea.","And all the men that went up into the sea, and all the mighty men, and all the mighty men, and all the mighty men, and all the mighty men, and all the mighty men, and all the mighty men, and all the mighty men, and all the mighty men, and all the mighty men, and all the mighty men, and all the mighty men, and all the mighty men, and all the mighty men, and all the mighty men, and all the mighty men,",3.644245165931433
307,बभूव हि समा भूमिस्समन्तात्पञ्चयोजनाशाद्वलैर्भहुभिश्चन्ना नीलवैढूर्यसन्निभैः,समन्तात् पञ्चयोजना भूमिः समा नीलवैढूर्यसन्निभैः बहुभिः शाद्वलैः छन्ना बभूव हि,"The earth and its surroundings were covered with rainbow, blue, blue, and blue.","At the same time, there were five floors of brick, blue and blue, and a lot of brick.",9.928586079524868
308,लुब्धाया विदितो मन्ये न तेऽहं राघवं प्रति तथाह्यनर्धो राज्यार्थं त्वयाऽनीतो महानयम्,लुब्धायाः ते अहम् राघवं प्रति न विदितः मन्ये तथाहि त्वया राज्यार्थम् अयम् महान् अनर्थः आनीतः,"He said to him, ""I am not a rabbi, but you are more important to me than a king.","And they said to him, Behold, I am not a rabbi; and they brought great things to thee for thy kingdom.",25.43770619444584
309,युक्तं तस्याप्रमेयस्य सर्वसत्त्वदयावतःसमाश्वासयितुं भार्यां पतिदर्शनकाङ्क्षिणीम्,सर्वसत्त्वदयावतः अप्रमेयस्य तस्य पतिदर्शनकाङ्क्षिणीम् भार्याम् समाश्वासयितुम् युक्तम्,"Wives should be careful of their husbands' wives, so that their wives may be persuaded by their husbands to love them faithfully.","In all things, she persuaded her husband to believe her.",2.224972978585352
310,रक्षिता स्वस्य धर्मस्य स्वजनस्य च रक्षितारक्षिता जीवलोकस्य धर्मस्य च परन्तपः,परन्तपः स्वस्य धर्मस्य रक्षिता स्वजनस्य रक्षिता जीवलोकस्य धर्मस्य च रक्षिता,"to be preserved in holiness and godliness, and to be preserved in righteousness for the eternal life.",and to keep his own people safe in godliness and righteousness for the life of the world to come.,10.948752265652928
311,स्त्रियो वृद्धास्तरुण्यश्च सायं प्रातस्समाहिताःसर्वान् देवान् नमस्यन्ति रामस्यार्थे यशस्विनः,वृद्धा: तरुण्यश्च स्त्रिय: सायम् प्रात: समाहिता: यशस्विन: रामस्य अर्थे सर्वान् देवान् नमस्यन्ति,"The elderly, the elderly, the elderly, the elderly, the elderly, the elderly, the elderly, the elderly, the elderly, the elderly, the elderly, the elderly, the elderly, the elderly, the elderly, the elderly, the elderly, the elderly, the elderly, the elderly, the elderly, the elderly, the elderly, the elderly, the elderly, the elderly, the elderly, the elderly, the elderly, the elderly, the elderly, the elderly, the elderly, the elderly, the elderly, the elderly, the elderly, the elderly, the elderly, the elderly, the elderly, the elderly, the elderly, the elderly, the elderly, and the elderly.",Old and young women: Saim Prat: Samati: Yasvin: Ram means that all bow down to God.,0.3057906237996522
312,पुरा किल महाबाहो तपस्स्वी सत्यवाक्छुचिः कस्मिंश्चिदभवत्पुण्ये वने रतमृगद्विजे,महाबाहो पुरा पुण्ये रतमृगद्विजे कस्मिंश्चित् वने सत्यवाक् शुचिः तपस्स्वी अभवत् किल,"The great fortress was built, and the word of the truth was spoken. Some of the fortresses were rebuilt, some of them destroyed.","Whoever has the word of the truth in his heart, who has kept it pure and clean,",14.611783090145074
313,तस्मै दत्वा तदा सिद्धं सर्वं विप्राय निश्चित:निश्शेषितेऽन्ने भगवानभुक्तैव महातपा: न किञ्चिदवदद्विप्रं मौनव्रतमुपस्थित:अथ वर्षसहस्रं वै नोच्छ्वसन्मुनिपुङ्गव:,भगवान् महातपा: मौनव्रतम् उपास्थित: निश्चित: तदा सिद्धम् सर्वम् तस्मै विप्राय दत्वा अन्ने निश्शेषिते अभुक्तैव विप्रम् किञ्चित् न अवदत् अथ मुनिपुङ्गव: वर्षसहस्रं नोच्छ्वसत्,"And it was given to him, and he was satisfied with all that was left of him: and he stood before him a thousand years, and did not say a word, and did not say a word.","God the Father stood silent and said, ""Surely I have destroyed everything. "" And he said, ""No, no, no, no, no, no, no, no, no"".",1.4687168144827003
314,विभीषणस्यचैश्वर्यंभविष्यतिहतेत्वयि नचेत्सत्कृत्यवैदेहींप्रणिपत्यप्रदास्यसि,प्रणिपत्य वैदेहीम् सत्कृत्य नप्रदास्यसिचेत् त्वयि हते ऐश्वर्यम् विभीषणस्य भविष्यति,"He will give you the gift of the world, so that the glory of God may come.","If you do not do what is right in the eyes of the world, you will be killed and your wealth destroyed.",11.584399741721525
315,श्यामावदातास्तत्रान्याः काश्चित्कृष्णा वराङ्गनाः काश्चित् काञ्चनवर्णाङ्ग्यः प्रमदा राक्षसालये,तत्र राक्षसालये अन्याः श्यामावदाताः काश्चित् वराङ्गनाः कृष्णाः काश्चित् प्रमदाः काञ्चनवर्णाङ्ग्यः,"Some of the shades of grey, some of purple, some of purple, some of purple, some of purple, some of purple.","There were also candles, some black, some purple, some purple, and some purple.",9.615094003919298
316,नाराजके जनपदे बद्धघण्टाविषाणिनःअटन्ति राजमार्गेषु कुञ्जरा षष्टिहायनाः,अराजके जनपदे षष्टिहायनाः कुञ्जराः बद्धघण्टाविषाणिनः राजमार्गेषु न अटन्ति,"They are angry with the rulers of the land, they are violent for hours, they are violent in the streets, they are violent in the streets.","The rulers of the world have their keys tied up, and they do not lie down in the streets.",11.96942203138118
317,अथान्तरिक्षेत्रिदशोत्तमानांवनौकसांचैवमहाप्रणादः बभूवतस्मिन्निहतेऽग्य्रवीर्येनरान्तकेवालिसुतेनसंख्ये,अग्रवीर्ये तस्मिन् नरान्तके संख्ये वालिसुतेन निहते अथा अन्तरिक्षे त्रिदशोत्तमानाम् वनौकसांचैव महान् प्रणादः बभूव,"In those days there was a great storm and a great storm, and the number of the sailors in the wilderness was very high.","And on the top of it stood a number of seventy cubits, and it was like the size of a ship in the sky, about thirty cubits long.",4.909890993201896
318,प्रहृष्टस्त्वभवद्रामो लक्ष्मणश्च महारथःमैथिल्यास्सत्क्रियां दृष्ट्वा मानुषेषु सुदुर्लभाम्,रामः महारथः लक्ष्मणश्च मानुषेषु सुदुर्लभाम् मैथिल्याः सत्क्रियाम् दृष्ट्वा प्रहृष्टः अभवत्,"What a shame it was for you to see the gold, the silver, and the bronze, and the gold, and the gold, and the silver, and the bronze, and the gold, and the silver, and the bronze.","When Ramath and Laxman saw the good deeds of Methuselah, they were amazed.",1.0992330671486832
319,सा महार्णवमासाद्य हृष्टा वानरवाहिनी वायुवेगसमाधूतं पश्यमाना महार्णवम्,सा हरिवाहिनी महार्णवम् आसाद्य वायवेगसमाधूतम् महार्णवम् पश्यमाना हृष्टा,"She was like a giant ship, roaring like a monkey, and the winds blowing at her feet.","She was greeted by a greedy woman, who was now a virgin, and by a virgin who was still a virgin.",5.27256990901065
320,इति ब्रुवन्तं तं सूतं सुमन्त्रं मन्त्रिसत्तमम्ब्रूहि शेषं पुनरिति राजा वचनमब्रवीत्,राजा इति ब्रुवन्तम् सूतम् मन्त्रिसत्तमम् तं सुमन्त्रम् शेषम् पुनः ब्रूहि इति वचनम् अब्रवीत्,Then the king ordered him to remove the cloak and restore the cloak.,Immediately the king ordered him to come back.,27.824623288353134
321,स तत्तथाभग्नमवेक्ष्यशूलंचुकोपरक्षोधिपतिर्महात्मा उत्पाट्यलङ्कामलयात्सशृङ्गंजघानसुग्रीवमुपेत्यतेन,महात्मा सः रक्षोधिपतिः तत् शूलम् तथा भग्नम् अवेक्ष्य चुकोप लङ्कामलयात् शृङ्गम् उत्पाट्य सुग्रीवम् उपेत्यतेन जघान,"When Jesus saw the Lord, the jailer's spirit came out of him, and he fell into a pit of smoke.",Then the commander of the garrison went to find the pigs and the goats. He made a chain of ropes and went down to the pigs.,2.155101458424693
322,एवमुक्त्वातुसङ्क्रुद्धोनिश्श्वसन्नुरगोयथा अब्रवीद्रक्षसांमध्येधूम्राक्षंनामराक्षसम्,एवम् उक्त्वा सङ्क्रुद्धः यथा निश्श्वसन् रक्षसाम् मध्ये धूम्राक्षंनाम राक्षसम् अब्रवीत्,"He was released, and his body was covered with a cloud of clouds, like a cloud of clouds.","After he had said this, the demon was thrown into an unstable building.",2.3901021968803136
323,तद्विकीर्णंगिरेश्शृङ्गंदृष्टवाहरिचमूपतिः कालानगिरिवजज्वालकोपेनपरवीरहा,परवीरहा चमूपतिः विकीर्णम् तत् गिरेःशृङ्गम् दृष्टवा कोपेन कालानगिरिव जज्वाल,"They looked like a rainbow, like a rainbow, like a rainbow, like a scorching flame.","When he saw it, he was like a lightning bolt of fire burning in the sky.",4.814971807094068
324,सपुत्रदारास्सामात्या भर्तृव्यसनपीडिताः शैलाग्रेभ्यः पतिष्यन्ति समेषु विषमेषु च,सपुत्रदाराः सामात्याः भर्तृव्यसनपीडिताः शैलाग्रेभ्यः समेषु विषमेषु च पतिष्यन्ति,Those who have been thrown into darkness will be thrown into the rocks and thrown into the water.,"And his sons will be slaves, and they will be slaves, and they will be slaves, and they will be slaves, and they will be slaves, and they will be slaves, and they will be slaves, and they will be slaves, and they will be slaves, and they will be slaves, and they will be slaves, and they will be slaves, and they will be slaves, and they will be slaves, and they will be slaves, and they will be slaves, and they will be slaves, and they will be slaves, and they will be slaves, and they will be slaves, and they will be slaves, and they will be slaves, and they will be slaves, and they will be slaves, and they will be slaves, and they will be slaves, and they will be slaves.",0.0024609269811475556
325,राज्यहेतोस्स चेद्भ्राता भ्रात्रा रौद्रेण पातितःरामेण प्रहितैरौद्रैर्मार्गणैर्दूरपातिभिः,रौद्रेण भ्रात्रा सः राज्यहेतोः रामेण रौद्रात् प्रहितैः दूरपातिभिः मार्गणैः पातितः चेत्,"King Gaius, his brother, and his brother went out on wheels, paved the way, and walked on the right road.","The brother of Rhodes was driven by the wheels of a ramshackle for the sake of the kingdom, and he was driven by the wheels of a ramshackle for the sake of the kingdom.",2.653609415136385
326,न च सीतांदशग्रीवःप्राप्नोतिजनकात्मजाम् बद्धंबलवतावैरमक्षयंराघवेण च,दशग्रीवः जनकात्मजाम् सीताम् न च प्राप्नोति बलवता राघवेण अक्षयम् वैरम् बद्धम्,"and not a grain of mustard seed, nor a seed of wheat, nor a seed of barley, nor a seed of barley, nor a seed of wheat, nor a seed of barley, nor a seed of barley, nor a grain of wheat, nor a seed of barley, nor a grain of barley, nor a grain of barley, nor a grain of barley, nor a grain of wheat, nor a grain of barley, nor a grain of barley, nor a grain of barley, nor a grain of barley, nor a grain of barley, nor a grain of barley, nor a grain of barley, nor a grain of barley.","The ten horsemen have no strength, no strength, no strength, no strength, no strength, no weakness, no strength, no strength, no strength, no strength, no strength, no strength, no strength, no strength, no strength, no strength, no strength, no strength, no strength, no strength, no strength, no strength, no strength, no strength, no strength, no strength, no strength, no strength, no strength, no strength, and no strength.",0.6053229146186203
327,एवमुक्त्वा तु राजानं मातरं च सुमन्त्र मेअन्याश्च देवीस्सहिताः कैकेयीं च पुनः पुनः आरोग्यं ब्रूहि कौशल्यामथ पादाभिवन्दनम्सीताया मम चाऽऽर्यस्य वचनाल्लक्ष्मणस्य च,राजानम् एवम् उक्तवा सुमन्त्र मे मातरं च सहिताः अन्याः देवीश्च कैकेयीं च पुनः पुनः आरोग्यम् ब्रूहि अथ सीतायाः मम च आर्यस्य लक्ष्मणस्य च पादाभिवन्दनम् कौशल्याम्,"Then I greeted the king, his mother, and his concubine, Manna, and her companions, as well as many others. I greeted them with good health, wisdom, and wisdom. I greeted them with the words of my servant,","Then the king said, ""Praise God again and again! Praise God again and again! Praise God again and again! Praise God again and again! Praise him! Praise him! Praise him! Praise him! Praise him! Praise him! Praise him! Praise him! Praise him! Praise him! Praise him! Praise him! Praise him! Praise him! Praise him! Praise him! Praise him! Praise him! Praise him! Praise him! Praise him! Praise him! Praise him! Praise him! Praise him! Praise him! Praise him! Praise him! Praise him!",0.47951282194916794
328,क्लान्तो रुधिरसिक्ताङ्गः प्रहारैर्जर्झरीकृतःवालिनाऽभिद्रुतः क्रोधात्प्रविवेश महावनम्,वालिना क्रोधात् अभिद्रुतः क्लान्तः रुधिरसिक्ताङ्गः प्रहारैः जर्झरीकृतः महावनम् प्रविवेश,"The blood-stained clot, the blood-stained furnace, the furnace of wrath, the furnace of furnace.","And he went into the great forest in the fury of the wilderness, and in the fury of the fury of the wilderness, and in the fury of the wilderness, and in the fury of the wilderness, and in the fury of the wilderness, and in the fury of the wilderness, and in the fury of the wilderness, and in the fury of the wilderness.",0.17519493645730203
329,मेघपर्वतसङ्काशाश्छादयन्त इवाम्बरम्घोररूपाः कपिश्रेष्ठा यान्तु मच्छासनादितः,मेघपर्वतसङ्काशाः घोररूपाः कपिश्रेष्ठाः अम्बरम् छाहोदयन्त इव मच्छासनात् इतः यान्तु,"And when the clouds covered the mountain, there appeared to them a statue of an eagle, seated on a golden eagle.","They went out of the throne, like clouds of clouds, like clouds of lights and shadows of blue.",2.46233736722218
330,पौण्डरीकाश्वमेधाभ्यांवाजपेयेनचासकृत् अन्यैश्चविविधैर्यज्ञैरयजत्पार्थिवात्मजः,पार्धिवात्मजः पौण्डरीकाश्वमेधाभ्याम् वाजपेयेन विविधैः अन्यैः यज्ञैः असकृत् अयजत्,"The serpent, the serpent, the water serpent, and all the other spirits of the world,",The paralytic spirit came to the temple of God by the sound of trumpets and other sacrifices.,3.168429634207702
331,सएवमुक्तःप्लवगाधिपस्तदाप्लवङ्गमानामृषभोमहाबलः उवाचवाक्यंरजनीचरस्यचारंशुकंतूर्णमदीनसत्त्वः,तदा: एवम् उक्तः महाबलः प्लवगाधिपः सः अदीनसत्त्वः रजनीचरस्य: चारम् तूर्णम् शुकम् वाक्यम् उवाच:,"And he opened his eyes to the sea, and to the sea, and to the sea, and to the sea, and to the sea, and to the sea, and to the sea, and to the sea, and to the sea, and to the sea, and to the sea, and to the sea, and to the sea, and to the sea, and to the sea, and to the sea, and to the sea, and to the sea, and to the sea, and to the sea, and to the sea, and to the sea, and to the sea, and to the sea, and to the sea, and to the sea, and to the sea.","This was the voice of the great golden eagle, the star of Aden, the golden eagle.",0.41825503327763164
332,पर्याप्तोऽहं गदापाणिर्हन्तुं प्राणान्रणे तवत्रयाणामपि लोकानां पाशहस्त इवान्तकः,पाशहस्तः अन्तकः त्रयाणाम् लोकानामपि इव रणे तव प्राणान् हन्तुम् गदापाणिः अहम् पर्याप्तः,It is enough for me to lay hands on these men and put them to death.,"I am ready to kill you with a deadly stone, like three men.",3.0098043843528286
333,उवाच वचनं धीमान् परितोषात्सगद्गदम्सुनाभं पर्वतश्रेष्ठं स्वयमेव शचीपतिः,धीमान् शचीपतिः पर्वतश्रेष्ठम् सुनाभम् परितोषात् सगद्गदम् स्वयमेव वचनम् उवाच,"But Jesus took the word slowly and said, ""Go down to the mountain of Gaddam and Mount Carmel, and lift up your head to the top of the mountain"".","When he heard the sound of the highest mountains, he said, ""Saddon! """,5.730192069189417
334,राघवश्चापिधर्मात्माप्राप्यराज्यमनुत्तमम् ईजेबहुविधैर्यज्ञैससुतभ्रातृबान्धवः,धर्मात्मा राघवश्चापि अनुत्तमम् राज्यम् प्राप्य ससुतभ्रातृबान्धवः बहुविधैः यज्ञैः ईजे,"and Rahab, who was filled with the Spirit of righteousness, and with the kingdom of God, and with many courageous men, and with the brethren in captivity,","even though they had received a better kingdom than the righteous spirit, they had been imprisoned by their brothers and sisters, and had sacrificed many things.",3.1731768853938886
335,घोरेणशरबन्धेनबद्धौदशरथात्मजौ निःश्वसन्तौयथानागौशयानौरुधिरोक्षितौ सर्वेतेवानरश्रेष्ठास्ससुग्रीवामहाबलाः परिवार्यमहात्मानौतस्थुश्शोकपरिप्लुताः,ससुग्रीवाः महाबलाः सर्वे तेवानरश्रेष्ठाः घोरेण शरबन्धेन बद्धौ नागौयथा निःश्वसन्तौ रुधिरोक्षितौ शयानौ महात्मानौ दशरथात्मजौ परिवार्य शोकपरिप्लुताः तस्थुः,"and the ten horsemen, and the spirits of the wicked, and the blood of the dead, and of the mighty, and of the mighty, and of the mighty, and of the mighty, and of the mighty, and of the mighty, and of the mighty, and of the mighty, and of the mighty, and of the mighty, and of the mighty, and of the mighty, and of the mighty, and of the mighty, and of the mighty, and of the mighty,","and all the wild beasts and all the mighty men, all the mighty men and all the mighty men, and all the knights of the horse; and they are filled with sorrow, because of the blood of unbelievers, and because of the devils, and because of the spirits of demons.",4.718929010981785
336,तस्यैवं ब्रुवतश्चिन्ता बभूव हृदि वीक्षतः शोकार्तेनास्य शकुने: किमिदं व्याहृतं मया,एवम् ब्रुवत: वीक्षत: तस्य हृदि अस्य शकुने: शोकार्तेन मया व्याहृतम् इदम् किम् चिन्ता बभूव,"His heart was filled with grief and anguish, and he said, ""What can I say?","His heart was troubled, and he said, ""I have spoken to you in sorrow.",32.59481888833584
337,तेभित्त्वाबाणरूपाणिपञ्चशीर्षाइवोरगाः श्वसन्तोविविशुर्भूमिंरावणप्रतिकूलिताः,ते पञ्चशीर्षाः उरगाःइव बाणरूपाणि भित्त्वा रावणप्रतिकूलिताः श्वसन्तः भूमिम् विविशुः,"And they sat on the walls of their houses, and on the seats, and on the roofs of their houses, and on the roofs of their houses, and on the roofs of their houses, and on the roofs of their houses, and on the roofs of their houses, and on the roofs of their houses, and on the roofs of their houses, and on the roofs of their houses, and on the roofs of their houses, and on the roofs of their houses, and on the roofs of their houses, and on the roofs of their houses, and on the roofs of their houses, and on the roofs of their houses.","They had five heads, four horns, and an eagle. They stood against the walls of the city, breathing down on the ground.",1.7257551542135339
338,क्षत्रियो याजको यस्य चण्डालस्य विशेषत:कथं सदसि भोक्तारो हविस्तस्य सुरर्षय:,यस्य क्षत्रिय: याजक: विशेषत: चण्डालस्य तस्य सदसि सुरर्षय: हवि: कथम् भोक्तार:,"and the lamp of the priest, and the lamp of the priest, and the lamp of the priest, and the lamp of the priest, and the lamp of the priest, and the lamp of the priest, and the lamp of the priest, and the lamp of the priest, and the lamp of the priest, and the lamp of the priest, and the lamp of the priest, and the lamp of the priest, and the lamp of the priest, and the lamp of the priest, and the lamp of the priest, and the lamp of the priest, and the lamp of the priest.","and the priest, who is the head of the household, is the head of the household, and the head of the household is the head of the household.",3.117453048522366
339,सा नूनं जनकस्येष्टा सुता सुखसदोचिताकण्टकाक्रमणाक्लान्ता वनमद्य गमिष्यति,सुखसदोचिता जनकस्य इष्टा सुता सा कण्टकाक्रमणक्लान्ता अद्य वनम् गमिष्यति,"It is like a salt pan, but with salt and spices.",The man who desires the good news will be like a hedgehog in the wilderness.,5.42821064703297
340,सर्वे सुकृतकर्माणस्सर्वे धर्मपरायणा: पशुभूता नरेन्द्रस्य तृप्तिमग्ने: प्रयच्छत,सर्वे सुकृतकर्माण: सर्वे धर्मपरायणा: नरेन्द्रस्य पशुभूता: अग्ने तृप्तिम् प्रयच्छत,and to pursue every kind of good work with godly devotion.,"to do what is good, to fear God, to be self - controlled and to strive for what is good.",3.2205875954015766
341,तेजोभिहतवीर्यत्वाज्जामदग्न्यो जडीकृत:रामं कमलपत्राक्षं मन्दं मन्दमुवाच ह,तेजोभि: हतवीर्यत्वात् जडीकृत: जामदग्न्य: कमलपत्राक्षम् रामम् मन्दं मन्दम् उवाच ह,"And they laid the foundations of stone upon it, and put it upon it, and put it upon it, and put it upon it, and put it upon it, and put it upon it, and put it upon it, and put it upon it, and put it upon it, and put it upon it, and put it upon it, and put it upon it, and put it upon it, and put it upon it, and put it upon it, and put it upon it, and put it upon it, and put it upon it, and put it upon it, and put it upon it, and put it upon it, and put it upon it, and put it upon it, and put it upon it, and put it upon it, and put it upon it, and put it upon it, and put it upon it, and put it upon it, and put it upon it, and put it upon it, and put it upon it.","And they said unto him, Thou shalt do unto me as thou didst unto me: and thou shalt do unto me as thou didst unto me.",0.45714878928908126
342,ततस्तुतेतस्यवधेनभूरिणामनस्विनोनैरृतराजबान्धवाः विनेदुरुच्चैर्व्यथितारघूत्तमंहरिंसमीक्ष्यैवयथासुरार्धिताः,ततः नैरृतराजबान्दवाः भूरिणा मनस्विनः तस्य वधेन व्यथिताः हरिम् समीक्ष्यैव सुरार्धिताः यथा रघूत्तमम् उच्छैः विनेदुः,They held him in chains full of blood and blood. They held him in chains with their hands tied together and held him close to the threshing floor.,"The king's chains, made of stainless steel, stood in front of him. They looked as if they were shining bright red.",3.3961882197738325
343,लक्ष्मणो हि महेष्वासो रामं सर्वात्मना गतःशत्रुघ्नश्चापि भरतं काकुत्स्थं लक्ष्मणो यथा,महेष्वास: लक्ष्मण: सर्वात्मना रामम् गत: शत्रुघ्न: च अपि लक्ष्मण: काकुत्स्थं यथा भरतम्,"Lakshmi is the majestic one, Rama is the one who has lost all his spirit, and Lakshmi is the one who has lost all his spirit.",Maheshwas: Lakshman: Allmanana Rama Ghat: Enemyhaghan: also Lakshman: Kakutthas as Bharat,1.286713095960916
344,नय मां यत्र काकुत्स्थस्सीता यत्र च लक्ष्मणःतान्विना क्षणमप्यत्र जीवितुं नोत्सहेह्यहम्,काकुत्स्थः सीता च यत्र लक्ष्मणः यत्र तत्र माम् नय तान् विना अत्र क्षणमपि जीवितुम् अहम् न उत्सहे,"I do not want to live for a while in a place where you are united with me, and where you are united with me.","I will not stay here a moment without them, except for the Feast of Unleavened Bread.",2.172054551709621
345,ततस्ताभिस्समेताभिर्नारीभिस्स महाबलः प्रसाद्य सहसा नीतो भवनं स्वं निशाचरः,ततः महाबलः सः निशाचरः समेताभिः ताभिः नारीभिः प्रसाद्य सहसा स्वं भवनम् नीतः,He built a fortified manor house and built his own tabernacle.,"Then the mighty man went down to his house, with his bed full of women.",2.938158199892744
346,यदि त्वं प्रस्थितो दुर्गं वनमद्यैव राघवअग्रतस्ते गमिष्यामि मृद्नन्ती कुशकण्टकान्,राघव अद्यैव त्वम् दुर्गम् वनम् प्रस्थितः यदि कुशकण्टकान् मृद्नन्ती ते अग्रतः गमिष्यामि,"If the tower you are standing on is like a forest, and if you walk through it, I will go down to the valley of the shadow of death.","Raguo, you are in the forests today; if the bushes are cut down, I will go before them.",10.269754859886746
347,दिव्यमस्ति न मे ज्ञानं नाभिजानामि मैथिलीम् यस्तां ज्ञास्यति तं वक्ष्ये दग्धस्स्वं रूपमास्थितः,मे दिव्यम् ज्ञानम् नास्ति मैथिलीम् नाभिजानामि दग्धः स्वं रूम् आस्थितः ताम् यः ज्ञास्यति तम् वक्ष्ये,I don't know whether God is wise or not. He is like a burning bush in the bush.,I don't know how to light a lamp. I don't know how to light a lamp.,8.475426399505569
348,सेतुरत्रयथाबध्येद्यथापश्येमतांपुरीम् तस्यराक्षसराजस्यतथात्वंकुरुराघव,राघव: अत्र: सेतुः यथा: बध्येत्: तस्य: राक्षसराजस्य: ताम्: पुरीम्: यथा: पश्येमः तथा: त्वम्: कुरु:,The three - - - - - - - - - - - - - - - - - - - - - - - - - - - - - - - - - - - - - - - - - - - - - - - - - - - - - - - - - - - - - - - - - - - - - - - - - - - - - - - - - - - - - - - - - - - - - - - - - - - - - - - - - - - - - - - - - - - - - - - - - - - - - - - - - - - - - - - - - - - - - - - - - - - - - - - - - - - - - - - - - - - - - - - - - - - - - - - - - - - - - - - - - - - - - - - - - - - - - - - - - - - - - - - - - - - - - - - - - - - - - - - - - - - - - - - - - - - - - - - - - - - - - - - - - - - -,Ra'ah: Here: the bridge is as: Bhadith: his: Ra'ahsaras: tam: Purim: as: Pasheem and: tam: Kure:,0.0
349,स हि प्राप्तं न जानीते कालं कालविदां वरःविश्वामित्रो महातेजाः किं पुनर्यः पृथग्जनः,कालविदाम् वरः महातेजाः सः विश्वामित्रः प्राप्त कालम् न जानीते यः पृथग्जनः किं पुनः,"For it is not known how long it will take for him to return, but it is known how long it will take for him to return.","The bride and groom are separated, and she does not know when she will return.",3.235912122544166
350,यस्यवाजेषुपवनःफलेपावकभास्करौ शरीरमाकाशमयंगौरवेमेरुमन्दरौ,यस्य वाजेषु पवनः फले पावकभास्करौ गौरवे मेरुमन्दरौ शरीरम् आकाशमयम्,"These are the flowers, the leaves, the leaves, the flowers, the leaves, the leaves, the flowers, and the seeds.","These are the waters of the wind, the fruit of the earth, the flower of the earth, the glory of the sea, and the body of the heavens.",10.225216924145188
351,पापस्वभावश्चपलः कथं त्वं रक्षसां वर ऐश्वर्यमभिसम्प्राप्तो विमानमिव दुष्कृतिः,रक्षसाम् वर पापस्वभावः चपलः त्वम् दुष्कृतिः विमानमिव ऐश्वर्यम् कथम् अभिसम्प्राप्तः,"""Take care of your sinful nature and your sinful nature, for it is the power of God's Spirit to overcome you with wickedness.",You are protected by your sinful nature and by the luxurious nature of your sinful nature.,19.124813148884037
352,राम शोकाभिभूतोऽहं शोकार्तानां भवान्गतिःवयस्य इति कृत्वा हि त्वय्यहं परिदेवये,राम अहम् शोकाभिभूतः शोकार्तानाम् भवान् गतिः वयस्यः इति कृत्वा अहम् त्वयि परिदेवये,"He said, ""I'm sorry, but I'm going to be a joy to those who are grieving"".","""Ram, I am deeply saddened and saddened that you have come to our aid.",2.5683319547529764
353,स वध्यमानः सुभृशं भुजाभ्यां परिरभ्यतौअप्रकम्प्यौ नरव्याघ्रौ रौद्रः प्रस्थातुमैच्छत,वध्यमानः रौद्रः सः अप्रकम्प्यौ नरव्याघ्रौ तौ भुजाभ्याम् सुभृशम् परिगृह्य प्रस्थातुम् ऐच्छत,"He was riding a fine grain of wheat on the ground, and there came up a dragon and a wolf.","When the wheels of the rider came down, the tigers and the wild boars came down on their knees and made their way.",2.534539916975215
354,रामवाक्यमुपश्रुत्य हरयो जितकाशिनः पादपैरर्दयवनीरावानराःपरवाहिनीम्,जितकाशिनः हरयः रामवाक्यम् उपश्रुत्य वीराः वानराः पादपैः परवाहिनीम् अर्धयन्,"When they heard the word of God, their feet grew green, and their feet grew green.","When the green seed heard the word of God, the mighty monkeys fell on their feet",29.660903203497252
355,ध्वजैर्विमथितैर्भग्नैःखङ्गैश्चविनिपातितैः रथैर्विध्वंसितैश्चापिपतितैःरजनीचरैः,केचित् रजनीचरैः विमथितैः भग्नैः ध्वजैः विनिपातितैः खङ्गैश्च विध्वंसितैः रथैः पतितैः,"Flags will fly, and blades will fall, and chariots will be destroyed.","Some were killed by robbers, others by robbers, others by flags, others by guns, and others by chariots.",3.877129502347917
356,एतच्छ्रुत्वा तदा वाली वचनं वानरेरितम्स महर्षिंतदाऽसाद्य याचते स्म कृताञ्जलिः,तदा सः वाली वानरेरितम् एतत् वचनम् श्रुत्वा कृताञ्जलिः महर्षिम् सम् आसाद्य याचते स्म,"When he heard this, he began to cry out to the Lord, saying,","When he heard this, he asked for help.",30.130404892785684
357,तदस्त्रं तस्य वीरस्य स्वर्गमार्गप्रभावनम्रामबाणासनक्षिप्तमावहत्परमां गतिम्,स्वर्गमार्गप्रभावनम् रामबाणा सनक्षिप्तम् तत् अस्त्रम् तस्य वीरस्य परमां गतिम् आवहत्,and his weapons of valour were swiftly propelled into the skies by the mighty winds of lightning.,"When the power of the heavenly way came to Ramaphosa, his weapon came quickly to his strength.",3.0379937028521833
358,अतिकायोऽपितितेजस्वीराक्षसेन्द्रसुतस्तदा आरुरोहरथश्रेष्ठंश्रेष्ठस्सर्वधनुष्मताम्,तदा अतितेजस्वी राक्षसेन्द्रसुतः सर्वधनुष्मताम् श्रेष्ठः अतिकायः रथश्रेष्ठम् आरुरोह,"Because of this, the Son of Man has risen from the dead, and has become more and more obedient to God.","He was stronger than all the horses, stronger than the chariots, and stronger than the horses.",4.141141330484801
359,जाम्बवान्यत्र नेता स्यादङ्गदश्च बलेश्वरःहनुमांश्चाप्यधिष्ठाता न तस्य गतिरन्यथा,यत्र जाम्बवान् नेता स्यात् महाबलः अङ्गदश्च हनुमांश्च अधिष्ठाता तस्य गतिः अन्यथा न,"The serpent is the ruler of the serpent, and the serpent is the ruler of the serpent.","If a dragon were a ruler, he would be powerful and powerful, and his arms and hands might be stronger, he would not be able to move.",2.56036862595783
360,अथ सन्देहमानानां स्त्रीणां दृष्ट्वा च पार्थिवम्यत्तदाशङ्कितं पापं तस्य जज्ञे विनिश्चयः,अथ पार्थिवम् दृष्ट्वा च सन्देहमानानाम् स्त्रीणाम् यत् तत् पापम् आशङ्कितम् तस्य विनिश्चय: जज्ञे,"Because of this, the doubting women and the world's sinfulness made him aware of the sinfulness of his sinfulness.","When the wicked woman saw the world, she doubted that she had sinned and was convinced that she had sinned.",2.58939299545004
361,एवं संविलपं स्तस्मिन्वने दशरथात्मजःददर्श महतीं पुण्यां पर्णशालां मनोरमाम् सालतालाश्वकर्णानां पर्णैर्बहुभिरावृताम्विशालां मृदुभिस्तीर्णां कुशैर्वेदिमिवाध्वरे शक्रायुधनिकाशैश्च कार्मुकैर्भारसाधनैःरुक्मपृष्ठैर्महासारै श्शोभितां शत्रुबाधकैः अर्क रश्मि प्रतीकाशैर्घोरैस्तूणीगतैश्शरैःशोभितां दीप्तवदनै स्सर्पैर्भोगवतीमिव महारजतवासोभ्यामसिभ्यां च विराजिताम्रुक्मबिन्दुविचित्राभ्यां चर्मभ्यां चापि शोभिताम् गोधाङ्गुळित्रैरासक्तैश्चित्रैः काञ्चनभूषितैःअरिसंघैरनाधृष्यां मृगै स्सिंहगुहा मिव,एवम् संविलपन् दशरथात्मजः तस्मिन् वने महतीम् पुण्याम् मनोरमाम् सालतालाश्वकर्णानाम् बहुभिः मृदुभिः पर्णैः आवृताम् अध्वरे कुशैः तीर्णाम् विशालाम् वेदिमिव शक्रायुधनिकाशैः भारसाधनैः रुक्मपृष्ठैः महासारै: शत्रुबाधकैः कार्मुकैः शोभिताम् सर्पैः भोगवतीम् इव अर्करश्मिप्रतीकाशैः घोरैः दीप्तवदनैः तूणीगतैः शरैः शोभिताम् महारजतवासोभ्याम् असिभ्याम् विराजिताम् रुक्मबिन्दुविचित्राभ्याम् चर्मभ्याम् ताम् काञ्चनभूषितैः चित्रैः आसक्तै: गोधाङ्गुलित्रैः मृगैः सिंहगुहामिव अरिसङ्घै: अनाधृष्याम् पर्णशालाम् तस्मिन् वने ददर्श,"And I saw a great circle of seven spirits. It was covered with gold leaf, gold leaf, and gold leaf, and silver leaf, and gold leaf, and silver leaf, and gold leaf, and silver leaf, and gold leaf, and gold leaf, and gold leaf, and gold leaf, and silver leaf, and gold leaf, and gold leaf, and silver leaf, and gold leaf, and gold leaf, and gold leaf.","And there was in it a great multitude of spirits of gold, and gold, and gold, and gold, and silver, and gold, and silver, and silver, and silver, and silver, and silver, and silver, and silver, and silver, and silver, and silver, and silver, and silver, and silver, and silver, and silver, and silver, and silver, and silver, and silver, and silver, and silver, and silver, and silver, and silver, and silver, and silver, and silver, and silver, and silver, and silver, and silver, and silver, and silver, and silver.",6.395701234563684
362,यच्चापि मन्येत भवान्महात्मास्त्रीघातदोषो न भवेत्तु मह्यम्आत्मेयमस्येति च मां जहि त्वंन स्त्रीवधस्स्यान्मनुजेन्द्रपुत्र,मनुजेन्द्रपुत्र महात्मा भवान् मह्यम् स्त्रीघातदोषः न भवेत् मन्येत यच्च इयम् अस्य आत्मा इति माम् त्वम् जहि स्त्रीवधः न स्यात्,"Nevertheless, I pray you, keep my soul from being blamed for the murder of a woman, and I pray you, son of a woman.","""Son of man, do not accuse me of murdering a woman, for this is the spirit of a woman.",13.04360686614678
363,पराक्रमज्ञो रामस्य शठो दृष्टभयः पुरासमुद्भान्तस्ततोमुक्तस्तावुभौ राक्षसौ हतौ,रामस्य शठ: पुरा दृष्टभयः पराक्रमज्ञः समुद्भ्रान्तः ततः मुक्तः तौ राक्षसौ उभौ हतौ,"When the mighty man saw Ram sitting on the throne, he was afraid of the crowd. He was freed and killed by the beast.","Ram's sixth: They were frightened, and the mighty were led astray by the sea. Then they were freed, and the beast killed them both.",5.308979840151668
364,सान्त्व्यमाना तु रामेण मैथिली जनकात्मजावनवासनिमित्ताय भर्तारमिदमब्रवीत्,वनवासनिमित्ताय रामेण सान्त्व्यमाना जनकात्मजा मैथिली भर्तारम् इदम् अब्रवीत्,"But those who remained calm went to Baltar because of Ramayana, the birthplace of Mathillatha, the spiritual home of Javan.","It was the birthplace of Rama's comforting spirit, and it was the birthplace of the Maithili Bhatar.",7.575731225158963
365,पतितेनाम्भसाच्छन्नः पतमानेन चासकृत्आबभौ मत्तसारङ्गस्तोयराशिरिवाचलः,पतितेन असकृत् पतमानेन अम्भसा छन्नः मत्तसारङ्गः अचलः तोयराशिरिव अबभौ,"When he fell down, he began to wash his hands, and his hands were shaken, and his hands were shaken.","When he falls, he is unable to stand. When he falls, he is unable to stand. When he falls, he is unable to stand. When he falls, he is unable to stand.",2.7169558482324865
366,अशङ्कितमतिस्स्वस्थोनशठःपरिसर्पति नचास्यदुष्टावाक्चापितस्मान्नास्तीहसंशयः,शठः अशङ्कितमतिः स्वस्थः नपरिसर्पति: अस्य: वाक् च: दुष्टा: नास्ति: तस्मात् मे: संशयः नास्ति:,"We are astonished, we are restrained, we are not afraid, we are not afraid, we are not afraid, we are not afraid, we are not afraid, we are not afraid, we are not afraid, we are not afraid, we are afraid, we are afraid, we are afraid, we are afraid, we are afraid, we are afraid, we are afraid, we are afraid, we are afraid, we are afraid, we are afraid, we are afraid, we are afraid, we are afraid, we are afraid, we are afraid.","He is a man of few words, a man of few words, a man of few words, a man of few words, a man of few words, a man of few words, a man of few words, a man of few words, a man of few words, a man of few words, a man of few words, a man of few words, a man of few words, a man of few words, a man of few words, a man of few words, a man of few words, a man of few words, a man of few words, a man of few words, a man of few words, a man of few words, a man of few words.",0.5457243080729414
367,स भूयस्त्वं समुत्साहे चोदितो हरिसत्तमअस्मिन्कार्यसमारम्भे प्रचिन्तय यदुत्तरम्,हरिसत्तम सः त्वम् भूयः समुत्साहचोदितः अस्मिन् कार्यसमारम्भे यत् उत्तरम् प्रचिन्तय,He encouraged you and encouraged you to do this work.,"Most of all, he encouraged you to respond to our work.",14.625859170647761
368,अयं चास्मै प्रदातव्यो यत्नात्सुपरिरक्षितःब्रुवता वचनान्येवं सुग्रीवस्योपशृण्वतः,सुग्रीवस्य उपशृण्वतः एवम् वचनानि ब्रुवता यत्नात् सुपरिरक्षितः अयं च अस्मै प्रदातव्यः,"to whom we have been entrusted, to whom we have been entrusted, to whom we have been entrusted with the preaching of the good news, the word of truth,","These are the words we have heard from the worlds around us, and we have been told about these things.",5.912329024877923
369,स तु दृष्टो मया शत्रुरनिर्वेदाद्भयावहःनिहतश्च मया तत्र सोऽसुरो बन्धुभिस्सह,भयावहः सः शत्रुः मया अनिर्वेदात् दृष्टः बन्धुभिः सह तत्र मया निहतः च असुरः,"But I saw him lying there in chains, trembling under the feet of his enemies.","I was afraid of him, and I saw him there with my brothers, and I was troubled.",8.819363798813235
370,कच्चिन्न व्यथितो रामः कच्चिन्न परितप्यतेउत्तराणि च कार्याणि कुरुते पुरुषोत्तमः,रामः न व्यथितः कच्चित् न परितप्यते कच्चित् पुरुषोत्तमः उत्तराणि कार्याणि कुरुते,"He is a man of good deeds, a man of good deeds, a man of good deeds, a man of good deeds, a man of good deeds, a man of good deeds, a man of good deeds, a man of good deeds, a man of good deeds, a man of good deeds, a man of good deeds, a man of good deeds, a man of good deeds, a man of good deeds, a man of good deeds, a man of good deeds, a man of good deeds, a man of good deeds, a man of good deeds, a man of good deeds, a man of good deeds, a man of good deeds, a man of good deeds, a man of good deeds, a man of good deeds, a man of good deeds, a man of good deeds, a man of good deeds, a man of good deeds.","A sheep does not suffer, does not stumble, does not stumble, does not stumble, does good deeds,",0.93215469862959
371,प्रतिकर्माभिसंयुक्ता दाक्षिण्येन वराननेभुंक्ष्व भोगान्यथाकामं पिब भीरु रमस्व च,वरानने भीरु दाक्षिण्येन प्रतिकर्माभिसंयुक्ता यथाकामम् भोगान् भुंक्ष्व पिब रमस्व च,Do not eat or drink or drink or drink or drink or drink or drink or drink or drink or drink or drink or drink or drink or drink or drink or drink or drink or drink or drink or drink or drink or drink or drink or drink or drink or drink or drink or do not drink or drink or drink or drink or drink or drink or do not drink or drink or drink or drink or drink or do not drink or drink or drink or drink or drink or do not drink or drink or drink or drink or drink or do not do anything else.,"Eat, drink, and be merry in the rain and in the dry season, as you eat and drink, and enjoy the pleasures of righteousness.",0.45251185163386054
372,भ्रातुस्समीपे शोकार्ता ससर्ज निनदं मुहुः सस्वरं मुमुचे बाष्पं विषण्णवदना तदा,तदा शोकार्ता भ्रातुः समीपे मुहुः निनदम् ससर्ज विषण्णवदना सस्वरम् बाष्पम् मुमुचे,"When the brother came near, he was troubled, and his face was covered with smoke.","Then a loud voice came out of the mouth of the sad brother, and a loud voice came out of the mouth of the brother.",4.07748532583177
373,प्रियकाननसञ्चारा वनोन्मत्ता च मैथिलीसा वनं वा प्रविष्टा स्यान्नलिनीं वा सुपुष्पिताम्,प्रियकाननसञ्चारा वनोन्मत्ताच सा मैथिली वनं वा सुपुष्पिताम् नलिनीं वा प्रविष्टा स्यात्,"The flowers, the flowers, the leaves, the leaves, the leaves, the flowers, the leaves, the leaves, the flowers, the leaves, the leaves, the flowers, the leaves, the leaves, the flowers, the leaves, the leaves, the flowers, the leaves, the leaves, the flowers, the leaves, the leaves, the flowers, the leaves, the leaves, the flowers, the leaves, the flowers, the leaves, the flowers, the leaves, the flowers, the flowers, the flowers, the flowers, the flowers, the flowers, the flowers, the flowers, the flowers, the flowers, the flowers, the flowers, the flowers, the flowers, the flowers, the flowers, the flowers, the flowers, the flowers, the flowers, the flowers, the flowers, the flowers, the flowers, the flowers, the flowers, the flowers, the flowers, the flowers, the flowers, the flowers, the flowers, the flowers, the flowers, and the flowers, the flowers, the","If she goes into a well-drained forest or into a well-drained vineyard or into a well-drained vineyard,",0.1728893274263812
374,निहत्य दण्डकारण्ये तापसान्धर्मचारिणःरुधिराणि पिबंस्तेषां तथा मांसानि भक्षयन्,दण्डकारण्ये धर्मचारिणः तापसान् निहत्य तेषाम् रुधिराणि पिबन् तथा मांसानि भक्षयन्,"For the wicked have eaten blood and flesh, and have been scorched and scorched for eternity.",They ate their flesh and drank their blood in torment.,3.0372940354383413
375,महोर्मिकुलाविततश्शङ्खजालसमावृतः सधूमःपरिवृत्तोर्मिस्सहसासीन्महोदधिः,सहसा महोदधिः महोर्मिजालचलितः शङ्खजालसमावृतः सधूमः परिवृत्तोर्मिः आसीत्,He was thrown into the sea and bound with chains. He turned around and sat down with them.,"He was a man of many talents, a man of many talents, a man of many talents, a man of many talents, a man of many talents, a man of many talents, a man of many talents, a man of many talents, a man of many talents, a man of many talents, a man of many talents, a man of many talents, a man of many talents, a man of many talents, a man of many talents, a man of many talents, a man of many talents, a man of many talents, a man of many talents, a man of many talents, a man of many talents, a man of many talents, and a man of many talents.",0.010737041452523726
376,साधुपातयमांक्षिप्रंरामस्योपरिरावण समानयपतिंपन्त्याकुरुकल्याणमुत्तमम्,रावण क्षिप्रम् माम् रामस्यउपरि साधु पातय सतिम् पत्नया समानय उत्तमम् कल्याणम् करु,It is better to have a gentle heart than to have a gentle heart.,Ravana soon put me on top of Rama and do good to him as well as to his wife.,2.478189540258206
377,तं प्रेक्ष्य भरतः क्रुद्धं शत्रुघ्नमिदमब्रवीत्अवध्या स्सर्वभूतानां प्रमदाः क्षम्यतामिति,भरतः क्रुद्धम् तम् शत्रुघ्नम् इदम् अब्रवीत् प्रमदाः सर्वभूतानाम् अवध्याः क्षम्यताम्,"In front of him, the enemy was furious and shouted at him, ""Pardon the wicked for a long time"".","When you are angry with him, and when you hate him, forgive him for a time.",6.031470124282466
378,अनिष्टानि च पापानि पश्यामि विविधानि च निमित्तान्यमनोज्ञानितेन सीदति मे मनः,अनिष्टानि च पापानि पश्यामि विविधानि निमित्तानि अमनोज्ञानि तेन सीदति मे मनः,"I see the unrighteousness and the sins of every kind, and the temptations of every kind.","I see every kind of wickedness, every kind of wickedness, every kind of wickedness, every kind of wickedness, every kind of wickedness, every kind of wickedness, every kind of wickedness, every kind of wickedness, every kind of wickedness, every kind of wickedness, every kind of wickedness, every kind of wickedness, every kind of wickedness, every kind of wickedness, every kind of wickedness, every kind of wickedness, every kind of wickedness, every kind of wickedness, every kind of wickedness, every kind of wickedness, every kind of wickedness, every kind of wickedness, every kind of wickedness, every kind of wickedness, every kind of wickedness, every kind of wickedness, every kind of wickedness, every kind of wickedness, every kind of wickedness, every kind of wickedness, every kind of wickedness, every kind of wickedness, every kind of wickedness, every kind of wickedness, every kind of wickedness, every kind of wickedness, every kind of wickedness, every kind of wickedness, every kind of wickedness.",0.00040570214330557864
379,तथाऽपरेण कोटीनां सहस्रेण समन्वितःपिता रुमाया सम्प्राप्तस्सुग्रीवश्वशुरो विभुः,तथा विभुः रुमायाः पिता सुग्रीवश्वशुरः अपरेण कोटीनाम् सहस्रेण समन्वितः सम्प्राप्तः,And he was joined together by thousands of thousands of people.,"And the number of those gathered together was twenty thousand, and the number of those gathered together was twenty thousand.",2.303438602174893
380,स वसिष्ठं समाहूय कथयामास चिन्तितम्अशक्यमिति चाप्युक्तो वसिष्ठेन महात्मना,स: वसिष्ठम् समाहूय चिन्तितम् कथयामास महात्मना वसिष्ठेन अशक्यमिति उक्त: अपि,"So he called an elderly man and said to him, ""I am not sure what to say.","He said, ""I can't believe it. I can't believe it. I can't believe it"".",8.097785064266205
381,निष्कुटश्चैव देशोऽयं वञ्चिताश्चापि ते वयम्निवेदयामस्ते सर्वे स्वके दासकुले वस,अयम् देशः ते निष्कुटः वयम् वञ्चिताश्चापि ते सर्वे निवेदयामः दासकुले वस,"We were all slaves to each other, whether we were free or foreigners.","They are foreigners and we are foreigners, but they are all enslaved.",3.9297193407553013
382,ऊचुस्संश्रवणेयेमांद्विजाःकार्तान्तिकाश्शुभाम् तेऽद्यसर्वेहतेरामेज्ञानिनोऽनृतवादिनः,कार्तान्तिकाः ये द्विजाः संश्रवणे माम् शुभाम् ऊचुः ते सर्वे ज्ञानिनः अद्य रामे हते अनृतवादिनः,"They sing in high places, in the temple courts, in the synagogues, in the synagogues, in the synagogues, in the synagogues, in the synagogues, in the synagogues, in the synagogues, in the synagogues, in the synagogues, in the synagogues, in the synagogues, in the synagogues, in the synagogues, in the synagogues, in the synagogues, in the synagogues, in the synagogues, in the synagogues, in the synagogues, in the synagogues, in the synagogues, in the synagogues, in the synagogues, in the synagogues, in the synagogues, in the synagogues, in the synagogues, in the synagogues, in the synagogues, in the synagogues, in the synagogues, in the synagogues, in the synagogues, in the synagogues, in the synagogues, in the synagogues, in the synagogues, in the synagogues, in the synagogues, in the synagogues, in the synagogues, in the synagogues, in the synagogues, in the synagogues, in the synagogues, in the synagogues, in the synagogues, in the synagogues, in the","And they said unto him, Behold, I am with thee, and I am with thee, and I am with thee, and I am with thee, and I am with thee, and I am with thee, and I am with thee, and I am with thee, and I am with thee, and I am with thee, and I am with thee, and I am with thee, and I am with thee, and I am with thee, and I am with thee, and I am with thee, and I am with thee, and I am with thee.",0.36273173048422
383,तेषां कथयतां तत्र सर्वांस्ताननुमान्य चततो वृद्धतमस्तेषां जाम्बवान्प्रत्यभाषत,ततः तेषाम् वृद्धतमः जाम्बवान् तेषाम् तत्र कथयताम् तान् सर्वान् अनुमान्य प्रत्यभाषत,"They replied, ""Everyone is sitting on top of each other. The oldest is sitting on top of the others"".",The older man called them and told them what had happened.,1.8709718017288024
384,तव शुश्रूषणं मूर्ध्ना करिष्यामि वने वसन्अयोध्यां देवलोकं वा सर्वथा प्रजहाम्यहम्,वने वसन् मूर्ध्ना तव शुश्रूषणम् करिष्यामि अयोध्याम् देवलोकं वा अहम् सर्वथा प्रजहामि,I will make your name known to all who dwell in the wilderness and to the people of God.,"I will praise you in the forest, whether I am from Ayodhya or from the people of God.",22.97523682812302
385,त्वं च किष्किन्धां प्रविश्य ब्रूहि वानरपुङ्गवम्मूर्खं ग्राम्यसुखे सक्तं सुग्रीवं वचनान्मम,किष्किन्धाम् प्रविश्य वानरपुङ्गवम् मूर्खम् ग्राम्यसुखे सक्तम् सुग्रीवम् मम वचनात् ब्रूहि,"""Go into a small village and talk to the monkeys, the monkeys, the foxes, and the villagers, and tell them the good news.","The monkeys, the fools, the wild goats, the wild goats, the wild goats, the wild goats, the wild goats, the wild goats, the wild goats, the wild goats, the wild goats, the wild goats, the wild goats, the wild goats, the wild goats, the wild goats, the wild goats, the wild goats, the wild goats, the wild goats, the wild goats, the wild goats, the wild goats, the wild goats, the wild goats, the wild goats, the wild goats, the wild goats, the wild goats, the wild goats, the wild goats, and the wild goats.",0.34510296599103174
386,स तस्य दृष्ट्यर्पणसम्प्रचोदितः प्रतापवान्काञ्चनचित्रकार्मुकःसमुत्पपाताथ सदस्युदीरितो द्विजातिमुख्यैर्हविषेव पावकः,अथ तस्य दृष्ट्यर्पणसम्प्रचोदितः प्रतापवान् सः काञ्चनचित्रकार्मुकः सदसि द्विजातिमुख्यैः हविषा उदीरितः पावकः इव समुत्पपात,"His appearance was bright and shining, and he was seen with the likeness of an eagle.","His appearance shone brightly. He was like a bird that had been shaped like an eagle, and his head was like a bird that had fallen out of the sky.",3.762363503501635
387,तस्या गुहायाः प्राग्द्वारे महान्शीतोदको ह्रदःफलमूलान्वितो रम्यो नानामृगसमावृतः,तस्याः गुहायाः प्राग्द्वारे शीतोदकः फलमूलान्वीतः रम्यः नानामृगसमावृतः महान् ह्रदः,At the entrance of the cave was a large black hole covered with mulch and mulch.,"And the gate of the cave was covered with a large heart of olive oil, full of purple and gold.",15.610522890631412
388,ततस्तस्य वचः श्रुत्वा मम पुच्छं समन्ततःवेष्टितं शणवल्कैश्च जीर्णैः कार्पासजैः पटैः,ततः तस्य वचः श्रुत्वा मम पुच्छम् समन्ततः शणवल्कैः जीर्णैः कार्पासजैः पटैः वेष्टितम्,"When they heard her voice, they came to me and wrapped their heads around their waists and their heads around their waists and wrapped their heads around their waists.","When she heard this, she came to me and wrapped herself in linen cloths and carpets.",13.351899845512328
389,पितामहनियोगाच्चमुक्तःशम्बरवृत्रहा गतस्त्रिविष्टपम्राजन्सर्वदेवनमस्कृतः,राजन्: पितामहनियोगाच्च: मुक्तः शम्बरवृत्रहा: : सर्वदेवनमस्कृतः गतस्त्रिविष्ट:,He greeted all the kings of the earth with his greetings.,"And the king, and the father, and the mother, and the father, and the father, and the father, and the mother, and the father, and the father, and the mother, and the father, and the mother, and the father, and the mother, and the father, and the mother, and the father, and the mother, and the father, and the mother, and the father, and the mother, and the mother, and the mother, and the mother, and the father, and the mother, and the mother, and the mother, and the mother, and the mother, and the mother, and the mother, and the mother, and the mother, and the mother, and the mother, and the mother, and the mother, and the mother, and the mother, and the mother, and the mother, and the mother, and the mother, and the mother, and the mother, and the mother, and the mother, and the mother, and the mother, and the mother, and the mother, and the mother, and the mother, and the mother, and the mother, and the father, and the daughter,",3.149039196558022e-08
390,प्राज्यधूमाकुलवनश्चीरमालापरिष्कृतःप्रशान्तमृगयूथश्च नानाशकुनिनादितः,प्राज्यधूमाकुलवनः चीरमालापरिष्कृत: प्रशान्तमृगयूथश्च नानाशकुनिनादितः,They were covered with fine linen and fine linen. They were covered with fine linen and fine linen.,"Pure asphalt, pure asphalt, peaceful flowers and spices.",2.276859592073037
391,स तु स्वबलवीर्येण समुत्क्षिप्य निशाचरःबालाविव स्कन्धगतौ चकारातिबलोद्धतः,अतिबलोद्धतः सः निशाचरः तु स्वबलवीर्येण समुत्क्षिप्य बालाविव स्कन्धगतौ चकार,"But in his mighty strength he fell asleep in the bed, and was crippled with sickness and sickness.","When he grew rich, he fell asleep in his sleep, but in his own strength he struck the children and killed them.",13.658351810423966
392,विचार्य सर्वतो दृष्टिं कानने काननप्रियःसुग्रीवो विपुलग्रीवः क्रोधमाहारयद्भृशम्,काननप्रियः विपुलग्रीवः सुग्रीवः कानने सर्वतः दृष्टिम् विचार्य भृशम् क्रोधम् आहारयत्,"All eyes will see and ears will hear, and all ears will hear, and all ears will hear.","They are full of deaf ears, deaf ears, and blind eyes. They are full of fury.",4.968018039415939
393,किं मामेवं विलपतीं प्रेम्णा त्वं नाभिभाषसेइमाः पश्य वरा बह्वीर्भार्यास्ते वानरेश्वर,वानरेश्वर एवम् विलपतीम् प्रेम्णा माम् त्वम् किम् नाभिभाषसे ते बह्वीः वराः भार्याः इमाः पश्य,"For you have not spoken to me in love, nor have you spoken to me in love.",Why don't you tell me how much God loves me?,2.664321121388895
394,ततः कौतूहलाद्रामो लक्ष्मणश्च महाबलःमुनिं धर्मभृतं नाम प्रष्टुं समुपचक्रमे,ततः रामः महाबलः लक्ष्मणश्च कौतूहलात् धर्मभृतं नाम मुनिम् प्रष्टुम् समुपचक्रमे,"And he went round about the sea, having great power over him, and his name was Perseus.","Then Ram the Great and Lakshman the Great came out of the valley, and the name of the valley was Munna.",4.337553932523872
395,अत्राहं पुरुषव्याघ्रं गुरुसत्कारकारिणम्आर्यं द्रक्ष्यामि संहृष्टो महर्षिमिव राघवम्,अहम् पुरुषव्याघ्रम् गुरुसत्कारकारिणम् आर्यम् महर्षिमिव राघवम् संहृष्टः अत्र द्रक्ष्यामि,"Then I saw a man, a tiger, and a lion.","And I saw a man, and a tiger, and a lion, and a fierce wolf, and a lion, and a lion, and a lion, and a lion, and a lion, and a lion, and a lion, and a lion, and a lion, and a lion, and a lion, and a lion, and a lion, and a lion, and a lion, and a lion, and a lion, and a lion, and a lion, and a lion, and a lion, and a lion, and a lion.",0.04051016870246734
396,तं नीलजीमूतनिकाशकल्पं सुपाण्डुरोरस्कमुदारवीर्यम्ददर्श लङ्काधिपतिः पृथिव्यां जटायुषं शान्तमिवाग्निदावम्,लङ्काधिपतिः नीलजीमूतनिकाशकायम् सुपाण्डुरोरस्कम् उदारवीर्यम् शान्तम् अग्निदावमिव तं जटायुषम् पृथिव्याम् ददर्श,"I saw him wearing purple and white robes and white robes. The commander of the angels said, ""Let there be peace on earth and peace in the midst of fire"".","The commander of the fleet saw a rainbow of sapphires, a rainbow of blue, a rainbow of blue, a rainbow of blue, a rainbow of blue, a rainbow of blue, a rainbow of blue, a rainbow of blue, a rainbow of blue, a rainbow of blue, a rainbow of blue, a rainbow of blue, a rainbow of blue, a rainbow of blue, a rainbow of blue, a rainbow of blue, a rainbow of blue, a rainbow of blue, a rainbow of blue, a rainbow of blue, a rainbow of blue, a rainbow of blue, a rainbow of blue, a rainbow of blue, a rainbow of blue, and a rainbow of blue.",0.4391749046257769
397,दीक्षित: पौत्रसहितस्सोपाध्यायगणो ह्यहम्इह स्थास्यामि भद्रं वो यावत्तुरगदर्शनम्,दीक्षित: अहम् पौत्रसहित: सोपाध्यायगण: यावत्तुरगदर्शनम् इह स्थास्यामि व: भद्रम्,"""Ladies and gentlemen, I'm going to stay with you until you see me.","I am Paul, and I am with you. Judges: Yes, I will stand here until the end of time.",3.9043380882317864
398,इक्ष्वाकूणां वरिष्ठस्य रामस्य विदितात्मनः शुभानि धर्मयुक्तानि वचनानि समर्पयन्श्रावयिष्यामि सर्वाणि मधुरां प्रब्रुवन् गिरम् श्रद्धास्यति यथाहीयं तथा सर्वं समादधे,इक्ष्वाकूणाम् वरिष्ठस्य विदितात्मनः रामस्य शुभानि वचनानि समर्पयन् मधुराम् गिरम् प्रब्रुवन् सर्वाणि श्रावयिष्यामि इयम् यथा श्रद्धास्यति सर्वम् समाददे,"I will instruct the elders, the elders, and the wise men, to teach you good and righteous words, so that everyone will be wise and reverent and reverent, just as you are and always will be.","And the wise spirit of the elders of the city, and the wise spirit of the elders of the city, and the wise men of the city, and the wise men of the city, and the wise men, and the wise men, and the wise men, and the wise men, and the wise men, and the wise men, and the wise men, and the wise men, and the wise men, and the wise men, and the wise men, and the wise men, and the wise men, and the wise men, and the wise men, and the wise men, and the wise men, and the wise men, and the wise men, and the wise men, and the wise men, and the wise men, and the wise men, and the men, and the men, and the men, and the men, and the women, and the women, and the men, and the women, and the women, and the women, and the men, and the women, and the women, and the children, and the children of Israel, and the children of Israel, and the children of Israel, and the children of Israel, and the children of Israel, and the children of Israel, and the children of Israel, and the children",0.09895674745042303
399,तथैवोष्णं विनिश्वस्य वृद्धो दशरथो नृपः विललापार्तवद्युखं गगनासक्तलोचनः,वृद्धः दशरथः नृपः तथैव उष्णम् विनिश्श्वस्य आर्तवत् गगनासक्तलोचनः दुःखम् विललाप,"And there was a voice from heaven, a voice from heaven, a voice from heaven, a voice from heaven, a voice from heaven, a voice from heaven, a voice from heaven, a voice from heaven, a voice from heaven, a voice from heaven, a voice from heaven.","Like an old king named Deborah, he has become a heathen and unfaithful man.",0.8237054296530683
400,तथा तु शपथैः कष्टै श्शपमानमचेतनम्भरतं शोकसन्तप्तं कौसल्या वाक्यमब्रवीत्,तथा कष्टैः शपथैः शपमानम् अचेतनम् शोकसन्तप्तम् भरतम् कौशल्या वाक्यम् अब्रवीत्,"But they kept their oaths, not their oaths, not their oaths, not their oaths, not their oaths, not their oaths, not their oaths, not their oaths, not their oaths, not their oaths, not their oaths, not their oaths, not their oaths, not their oaths, not their oaths, not their oaths, not their oaths, not their oaths, not their oaths, not their oaths, not their oaths, not their oaths, not their oaths, not their oaths, not their oaths, not their oaths, not their oaths, not their oaths.",He learned to speak wisely through tribulation and through swearing.,0.314285201658051
401,मुष्टिनाभिहतस्तेननिपपाताशुराक्षसः लोहिताङ्गइवाकाशाददीप्तरमशिर्यदृच्छया,तेन मुष्टिना अभिहतः राक्षसः दीप्तरमशिः लोहिताङ्गः यदृच्छया आकाशादिव आशु निपपात,"They were struck by snakes, and their bodies were covered with blood and sparkling flames.","His face was like a serpent's claw, and his tail resembled the blood of a lamb.",5.128598690816966
402,अनुमान्य तदा तारां सुग्रीवेण समागत: निजघान च तत्रैनं शरेणैकेन राघव:,तदा ताराम् अनुमान्य सुग्रीवेण समागत: राघव: तत्र एनम् एकेन शरेण च निजघान,"When they saw it, they went to the stars in the sky, and the stars disappeared from the sky.","When the star appeared, it struck the sun. It was like a roaring star.",2.703251334489793
403,निकृत्तबाहुद्विनिकृत्तपादोविदार्यवक्त्रंबडबामुखाभम् दुद्रावरामंसहसाभिगर्जन् राहुर्यथाचन्द्रमिवान्तऽरिक्षे,निकृत्तबाहुः विनिकृत्तपादः वदनामुखाभम् वक्त्रम् विदार्य अभिगर्जन् अन्तरिक्षे राहुर्यथा चन्द्रमिव सहसा रामम् दुद्राव,"The wicked, the wicked, the wicked, the wicked, the oppressed, the oppressed, the oppressed, the oppressed, the oppressed, the oppressed, the oppressed, the oppressed, the oppressed, the oppressed, the oppressed, the oppressed, the oppressed, the oppressed, the oppressed, the oppressed, the oppressed, the oppressed, the oppressed, the oppressed, the oppressed, the oppressed, the oppressed, the oppressed, the oppressed, the oppressed, the oppressed, the oppressed, the oppressed, the persecuted, the oppressed, the oppressed, the oppressed, the oppressed, the oppressed, the oppressed, the oppressed, the oppressed, the oppressed, the oppressed, the oppressors, the oppressors, the oppressors, the oppressors, the oppressors, the oppressors, the oppressors, the oppressors, and the","And he said unto them, Behold, I am come down from heaven, and I am come down from heaven, and I am come down from heaven, and I am come down from heaven, and I am come down from heaven, and I am come down from heaven, and I am come down from heaven, and I am come down from heaven, and I am come down from heaven, and I am come down from heaven, and I am come down from heaven, and I am come down from heaven, and I am come down from heaven, and I am come down from heaven, and I am come down from heaven.",0.7715009667866152
404,धन्यस्ते जनको राम स राजा रघुनन्दन यस्त्वया ज्येष्ठपुत्रेण ययातिरिव तारितः,रघुनन्दन राम ते जनकः सः राजा धन्यः यः ज्येष्ठपुत्रेण त्वया ययातिरिव तारितः,"""Blessed is the son of the king, whose firstborn has been saved.","""Blessed is the king who has begotten the firstborn.",21.651956746181053
405,स वाजियुक्तेन रथेन सारथिःनराकुलं राजकुलं विराजयन्वरूथिना रामगृहाभिपातिना पुरस्य सर्वस्य मनांसि हर्षयन्,स: सारथि: रामगृहाभिपातिना वरूथिना वाजियुक्तेन रथेन नराकुलं समाकुलम् राजकुलम् विराजयन् सर्वस्य पुरस्य मनांसि हर्षयन्,"He rode on chariots, chariots, robbers, and princes, and all who sat at the table, and all who sat at the table, rejoiced.","He said to them, ""They have come to the palace of the king, to the palace of the king, to the palace of the king, to the palace of the king, and to the palace of the king, and to the palace of the king, and to the palace of the king, and to the palace of the king, and to the palace of the king, and to the palace of the king, and to the palace of the king, and to the palace of the king, and to the palace of the king, and to the palace of the king, and to the palace of the king, and to the palace of the king"".",0.16290304004389003
406,स हि स्थानानि सर्वाणि कार्त्स्न्येन कपिकुञ्जरः नरमांसाशिनां लोके नैपुण्यादधिगच्छति,कपिकुञ्जरः सः लोके नरमांसाशिनाम् सर्वाणि स्थानानि कार्त्स्न्येन नैपुण्यात् अधिगच्छति हि,It is a place where all kinds of wickedness and wickedness are brought to ruin.,He is a man of sorrows and acquainted with grief.,6.150343144231885
407,काञ्चनं रथमास्थाय कामगं रत्नभूषितम्पिशाचवदनैर्युक्तं खरैः काञ्चनभूषणैः मेघप्रतिमनादेन स तेन धनदानुजःराक्षसाधिपतिश्श्रीमान्ययौ नदनदीपतिम्,धनदानुजः श्रीमान् सः राक्षसाधिपतिः काञ्चनभूषणैः पिशाचवदनैः खरैः युक्तम् काञ्चनम् कामगम् रत्नभूषितम् रथम् आस्थाय मेघप्रतिमनादेन तेन नदनदीपतिम् ययौ,"Some of them stood on chariots, dressed in costumes and jewels, and cried out in a loud voice. With the sound of clouds came the voice of God, the voice of the Lord, the voice of the Lord, the voice of the Lord, and the voice of the Lord.","The ruler of the temples, who was rich, dressed in fine linen, pearls, and pearls, led a chariot through the valley of the river.",4.45967267302648
408,अर्दितावानरैर्भ्रष्टालङ्कामभ्यपतन् भयात् हताश्रयात्वात्करुणैर्भाष्पप्रस्रवणैर्मुखैः,वानरैः अर्दिताः भ्रष्टाः भयात् हताश्रयत्वात् करुणैः बाष्पप्रस्रवणैः मुखैः लङ्काम् अभ्यपतन्,"The disciples were terrified when they fell on their knees. They were terrified, and the Spirit was pouring out His wrath on them.","The serpents were afraid of their corruption, and they were afraid to kill him. They were afraid of him, and they were afraid of him. They were afraid of him, and they were afraid of him, and they were afraid of him. They were afraid of him, and they were afraid of him. They were afraid of him, and they were afraid of him. They were afraid of him, and they were afraid of him. They were afraid of him, and they were afraid of him. They were afraid of him, and they were afraid of him, and they were afraid of him.",0.20819221407500102
409,वीर्ये युद्धे च दर्पे च न ह्यस्ति सदृशस्तवउपायज्ञो महान्शूरस्सर्वमायाविशारदः,वीर्ये युद्धे च दर्पे च तव सदृशः नास्ति हि उपायज्ञः महान् शूरः सर्वमायाविशारदः,We do not need bravery in battle or skill in battle; we need to know how to use force in all things.,You are not worthy of battle or armour. You are a mighty warrior and a man of understanding.,3.7419436034576052
410,तत्र प्रविशतश्चापि कल्पान्तघनसन्निभा अट्टहासं विमुञ्चन्ती नारी काप्युत्थिता पुरः,तत्र प्रविशतः पुरः कल्पान्तघनसन्निभा कापि नारी अट्टहासम् विमुञ्चन्ती उत्थिता,"When she came in, the woman was lifted up from her bed with a jar full of water.",A woman came in with a large bowl of water.,10.830630507021791
411,नवासनेनापिसहस्रचक्षुषायुधाऽस्मिशक्योवरुणेनवापुनः मयात्वियंबाहुबलेननिर्जितापुरापुरीवैश्रवणेनपालिता,सहस्रचक्षुषा: वासवेनापि: वरुणेनवा: पुनः युधा: नशक्यः आस्मि: पुरा: वैश्रवणेन: पालिता: इयंपुरी: मया: बाहुबलेना: निर्जिता:,"For I have opened my eyes, I opened my eyes, I opened my eyes, I opened my eyes, I opened my eyes, I opened my eyes, I opened my eyes, I opened my eyes, I opened my eyes, I opened my eyes, I opened my eyes, I opened my eyes, I opened my eyes, I opened my eyes, I opened my eyes, I opened my eyes, I opened my eyes, I opened my eyes, I opened my eyes, I opened my eyes, I opened my eyes, I opened my eyes, I opened my eyes, I opened my eyes, I opened my eyes, I opened my eyes, I opened my eyes, I opened my eyes, I opened my eyes, I opened my eyes, I opened my eyes, I opened my eyes, I opened my eyes, I opened my eyes, I opened my eyes, I opened my eyes, I opened my eyes, I opened my eyes, I opened my eyes, I opened my eyes, I opened my eyes, I opened my eyes, I opened my eyes, I opened my eyes, I opened my eyes, I opened my eyes, I opened my eyes, I opened my eyes, I opened my eyes, I opened my eyes, I opened","Thousands of eyes: a desire, a desire, a desire, a desire, a desire, a desire, a desire, a desire, a desire, a desire, a desire, a desire, a desire, a desire, a desire, a desire, a desire, a desire, a desire, a desire, a desire, a desire, a desire, a desire, a desire, a desire, a desire, a desire, a desire, a desire, a desire, a desire, a desire, a desire, a desire, a desire, a desire, a desire, a desire, a desire, a desire, a desire, a desire, a desire.",0.36062933464846497
412,आश्रमैरविदूरस्थैः श्रीमद्भिस्समलङ्कृताम्कालेऽप्सरोभिर्हृष्टाभि स्सेविताम्भोह्रदां शिवाम्,अविदूरस्थैः श्रीमद्भिः आश्रमैः समलङ्कृताम् काले हृष्टाभिः अप्सरोभिः सेविताम्भोह्रदाम् शिवाम्,"They came from far and wide and were filled with wealthy men, and they cried out in tears and cried out to the Lord.","the rich and the poor, the naked and the naked, the naked and the naked, the naked and the naked, the naked and the naked,",1.938497185665435
413,अग्रहस्तं विधुन्वंस्तु हस्ती हस्तमिवात्मनःतिर्यगूर्ध्वं शरीरे च पातयित्वा शिरोधराम् अग्राक्ष्णा वीक्षमाणस्तु तिर्यग्भ्रातरमब्रवीत्,हस्ती आत्मनः हस्तम् इव अग्रहस्तम् विधुन्वन् शिरोधराम् शरीरे तिर्यक् ऊर्ध्वंच पातयित्वा अग्राक्ष्णा भ्रातरम् तिर्यक् वीक्षमाणः अब्रवीत्,"Now the widow has put her hands on the man, and the man has put his hands on the man, and the man has put his hands on the man, and the man has put his hands on the man, and the man has put his hands on the man, and the man has put his hands on the man, and the man has put his hands on the man, and the man has put his hands on the man, and the man has put his hands on the man, and the man has put his hands on the man.","But the Spirit took him as if he were a hand, and when he had stretched out his head, he saw his brother coming down.",0.8914466026293677
414,तामभिक्रम्य सङ्कृद्धा वेपमानां समन्ततः भृशं संलिलिहुर्दीप्तान् प्रलम्बान् दशनच्छदान्,वेपमानाम् ताम् समन्ततः अभिक्रम्य सङ्कृद्धाः दीप्तान् प्रलम्बान् दशनच्छदान् भृशम् संलिलिहुः,"They were filled with fear and anxiety, and they were filled with grief, and they were filled with shame.","The lights went out, the lamps went out, the lamps went out, the lamps went out, the lamps went out.",1.9833846708190694
415,मकराक्षस्यतच्छ्रुत्वावचनंतेनिशाचराः सर्वेनानायुधोपेताबलवन्तःसमाहिताः,मकराक्षस्य तत् वचनम् श्रुत्वा बलवन्तः ते निशाचराः सर्वे नानायुधोपेताः समाहिताः,"When the word of the Lord came to them, they were all together.","When they heard the sound of the trumpet, they were encouraged and fell asleep.",12.94214832447352
416,असुरैर्वा सुरैर्वा त्वं यद्यवध्योऽसि रावणउत्पाद्य सुमहद्वैरं जीवंस्तस्य न मोक्ष्यसे,रावण त्वम् असुरैर्वा सुरैर्वा अवध्यः असि यदि सुमहत् वैरम् उत्पाद्य जीवन् तस्य न मोक्ष्यसे,"If you eat the fruit of the tree of life, you will not be able to save it by eating the fruit of the tree of life.","Ravana, you are uncertain and uncertain, and if you give birth to an enemy, you will not be able to save him.",24.636643452542216
417,सुपर्णवचनं श्रुत्वा सोंऽशुमानतिवीर्यवान् त्वरितं हयमादाय पुनरायान्महायशा:,अतिवीर्यवान् महायशा: अंशुमान् सुपर्णवचनम् श्रुत्वा त्वरितम् हयम् आदाय पुन: आयात्,"When he heard this, he was filled with awe, and immediately he got up and walked away.","""The blind man heard the sound of God's voice, and immediately he came back to me.",13.264759167412226
418,स तथा गृध्रराजेन क्लिश्यमानो मुहुर्मुहुः अमर्षस्फुरितोष्ठस्सन्प्राकम्पत च रावणः,गृध्रराजेन मुहुर्मुहुः तथा क्लिश्यमानः सः रावणः अमर्षफुरितोष्ठः सन् प्राकम्पत,"He was accompanied by his household servants, who had been stricken with sickness, who had been sealed, who had been burned with sulfur, and who had been thrown into a pit of smoke.","He was a ruler of the house, sealed and afflicted. He was a ruler of the house, a ruler of the house, a ruler of the house, a ruler of the house, a ruler of the house, a ruler of the house, a ruler of the house, a ruler of the house, a ruler of the house, a ruler of the house, a ruler of the house, a ruler of the house, a ruler of the house, a ruler of the house, a ruler of the house, and a ruler of the house.",0.5169417987562642
419,ममानुरूपं तपसो बलं च ते पराक्रमश्चास्त्रबलं च संयुगेन त्वां समासाद्य रणावमर्दे मनश्श्रमं गच्छति निश्चितार्थम्,ते तपसः बलम् मम अनुरूपम् संयुगे पराक्रमश्च बलं च रणावमर्थे त्वाम् समासाद्य मनः निश्चितार्थम् श्रमम् न गच्छति,"I hope that by the strength and might of my strength, and by the might and might of my weapons, you will be able to do the work that you have done.",It is not surprising that you have worked hard so hard that you will be able to fight with me in the same strength and strength that I have given you.,16.079298647562638
420,रक्तगण्ठगुणोधीरोमहापर्वतसन्निभः कालःकालमहावक्त्रोमेघस्थइवभास्करः,रक्तकण्ठगुणः धीरः महापर्वतसन्निभः कालः कालमहावक्त्रः मेघस्थः भास्करःइव,"blood, blood, blood, blood, blood, blood, blood, blood, blood, blood, blood, blood, blood, blood, blood, blood, blood, blood, blood, blood, blood, blood, blood, blood, blood, blood, blood, blood, blood, blood, blood, blood, blood, blood, blood, blood, blood, blood, blood, blood, blood, blood, blood, blood, blood, blood, blood, blood, blood, blood, blood, blood, blood, blood, blood, blood, blood, blood, blood, blood, blood, blood, blood, blood, blood, blood, blood, blood, blood, blood, blood, blood, blood, blood, blood, blood, blood, blood, blood, blood, blood, blood, blood, blood, blood, blood, blood, blood, blood, blood, blood, blood, blood, blood, blood, blood, blood, blood, blood, blood, blood, blood, blood, blood, blood, blood, blood, blood, blood, blood, blood, blood, blood, blood, blood, blood, blood, blood, blood, blood, blood, blood, blood, blood, blood, blood, blood,","bloodshed, the roaring of the mountains, the roaring of the clouds, the roaring of the clouds,",0.19802174320121765
421,तयोस्तद्वचनंश्रुत्वारामोदशरथात्मजः अब्रवीत्प्रहसन्वाक्यंसर्वभूतहितेरतः,दशरथात्मजः सर्वभूतहिते रतः रामः तयोः तत् वचनम् श्रूत्वा प्रहसन् वाक्यम् आब्रवीत्,"When they heard this, the Spirit and the Spirit spoke to them in a loud voice.","When Sarah heard this, she was terrified.",9.083627868206413
422,मण्डलानिविचित्राणिस्थानानिविविधानिच मूत्रकाणिचित्राणिगतप्रत्यागतानिच तिरच्शीनगतान्येवतथावक्रगतानिच परिमोक्षंप्रहाराणांवर्जनंपरिधावनम् अभिद्रवणमाप्लावमावस्थानंसविग्रहम् परावृत्तमपावृत्तमपद्रुतमवप्लुतम् उपन्यस्तपमन्यस्तंयुद्धमार्गविशारदौ तौसञ्चेचेरतुरन्योन्यंवानरेन्द्रश्चरावणः,युद्धमार्गविशारदौ तौ वानरेन्द्रश्च रावणः विचित्राणि मण्डलानि विविधानि स्थानानि चित्राणि गोमूत्रकाणि गतप्रत्यागतानिच तिरच्शीनगतान्येव तथा वक्रगतानिच प्रहाराणाम् परिमोक्षम् वर्जनम् परिधावनम् अभिद्रवणम् आप्लावम् सविग्रहम् अवस्थानम् परावृत्तम् अपावृत्तम् अपद्रुतम् अवप्लुतम् उपन्यस्तम् अपन्यस्तम् सञ्चेरतुः,"The churches were divided into different places: cities, cities, streets, rivers, streams, rivers, streams, rivers, seas, rivers, rivers, streams, rivers, streams, rivers, rivers, streams, rivers, rivers, rivers, rivers, streams, rivers, rivers, rivers, rivers, rivers, rivers, rivers, rivers, rivers, rivers, rivers, rivers, rivers, rivers, rivers, rivers, rivers, rivers, rivers, rivers, rivers, rivers, rivers, rivers, rivers, rivers, rivers, rivers, rivers, rivers, rivers, rivers, rivers, rivers, rivers, rivers, rivers, rivers, rivers, rivers, rivers, rivers, rivers, rivers, rivers, rivers, and rivers, and rivers, and rivers and rivers, and rivers and rivers and rivers, and rivers and rivers and rivers and rivers and rivers and rivers","and wild beasts, and wild boars, and ravens, and various churches, and wild beasts, and wild beasts, and wild beasts, and wild beasts, and wild beasts, and wild beasts, and wild beasts, and wild beasts, and wild beasts, and wild beasts, and wild beasts, and wild beasts, and wild beasts, and wild beasts, and wild beasts, and wild beasts, and wild beasts, and wild beasts, and wild beasts, and wild beasts,",1.2797817900190738
423,नहि किञ्चिदयुक्तं वा विप्रियं वा पुरा ममअकरोस्त्वं विशालाक्षि तेन न श्रद्दधाम्यहम्,विशालाक्षि पुरा मम किञ्चित् अयुक्तं वा विप्रियं वा त्वम् न अकरोः तेन अहम् न श्रद्दधामि,"For I will not serve you in any way, whether perfect or unseemly, or whether you are my whole self.","I do not want to give you credit for anything you have done for me, or for anything you have done for me.",4.129403522309372
424,सज्जीभवन्तु प्लवगाश्शिबिकावाहनोचिताःसमर्था बलिनश्चैव निर्हरिष्यन्ति वालिनम्,शिबिकावाहनोचिताः समर्थाः बलिनश्चैव प्लवगाः सज्जीभवन्तु वालिनम् निर्हरिष्यन्ति,"Be ready, for the ship will sail strong and mighty.","And the young women, the wise, the strong, the sailors, will be ready and ready to sail.",2.4752058616987886
425,तच्चाप्यहं बलं सर्वं तं च राक्षसपुङ्गवम् नष्टौजसं रणे कृत्वा परं हर्षमुपागमम्,अहम् सर्वम् तत् बलं च तम् राक्षसपुङ्गवं च रणे नष्टौजसम् कृत्वा परम् हर्षम् उपागमम्,"So I took my strength and destroyed him and the beast, and came to rejoice.",I came and rejoiced when I overcame his power and his beast in the wilderness.,3.7199102928113725
426,तत प्लवेनांशुमतीं शीघ्रगामूर्मिमालिनीम्तीरजै र्बहुभिर्वृक्षै स्सन्तेरुर्यमुनां नदीम्,तत: शीघ्रगाम् ऊर्मिमालिनीम् तीरजै: बहुभि: वृक्षै: अंशुमतीम् यमुनां नदीम् सन्तेरु:,"The waters of the lake were filled with torrents of rain, and the waters of the sea were filled with many kinds of wild beasts.","And it shall be said, The city shall be smooth, and the mountains smooth, and the trees smooth, and the rivers smooth, and the streams smooth.",5.305514616273327
427,नूनं प्राप्ताः स्म सम्भेदं गङ्गायमुनयोर्वयम्तथा हि श्रूयते शब्दो वारिणो वारिघट्टितः,वयम् गङ्गायमुनयोः सम्भेदम् प्राप्ताः स्म नूनम् तथा हि वारिघट्टितः वारिणः शब्दः श्रूयते,"""A voice like this came out of the waters of the sea, like the sound of a trumpet, and the sound of a trumpet, like the sound of a trumpet.","We heard the sound of waves coming from the rocks, and the sound of waves coming from the rocks.",14.317123154555075
428,न त्वं तयोश्शरस्पर्शं सोढुं शक्तः कथञ्चनवने प्रज्वलितस्येव स्पर्शमग्नेर्विहंगमः,वने प्रज्वलितस्य अग्नेः स्पर्शम् विहङ्गमः इव त्वम् तयोः शरस्पर्शम् सोढुम् कथञ्चन न शक्तः,"You are not able to touch them with your tongue, nor to touch them with your tongue, nor to touch them with your tongue, nor with your tongue, nor with your tongue, nor with your tongue, nor with your tongue, nor with your tongue, nor with your tongue, nor with your tongue, nor with your tongue, nor with your tongue, nor with your tongue, nor with your tongue, nor with your tongue, nor with your tongue, nor with your tongue, nor with your tongue, nor with your mouth, nor with your tongue, nor with your tongue, nor with your mouth, nor with your tongue, nor with your tongue, nor with your mouth, nor with your tongue, nor with your mouth, nor with your mouth, nor with your mouth, nor with your mouth, nor with your mouth, nor with your mouth, nor with your mouth, nor with your mouth, nor with your mouth, nor with your mouth, nor with your tongue, nor with your mouth, nor with your mouth, nor with your mouth, nor with your tongue, nor with your tongue.","You are like a blazing fire that burns a forest, and you cannot speak to them.",0.42204844539765457
429,मया हि चिरपुष्टेन दुखसंवर्धितेन चविप्रयुज्यत कौशल्या फलकाले धिगस्तु माम्,चिरपुष्टेन दुःखसंवर्धितेन मया कौशल्या फलकाले विप्रायुज्यत माम् धिक् अस्तु,"For I am a man of sorrows and acquainted with grief, and a man of sorrows and acquainted with grief; and I am a man of sorrows and acquainted with grief.","Woe to me that I have wasted all my wisdom, though I have suffered greatly!",1.4325480172973541
430,ताविमौ शोकसन्तप्तौ शनैः प्रेरय भामिनित्वया परिगृहीतोऽयमङ्गदश्शास्तु मेदिनीम्,भामिनि शोकसन्तप्तौ तौ इमौ शनैः प्रेरय त्वया परिगृहीतः अयम् अङ्गदः मेदिनीम् शास्तु,"Then he sent seven other men to mourn, and they came to him in peace.","Send them on their way, and they will be filled with grief.",9.147827112247601
431,अग्निं हुत्वा प्रदायार्घ्यमतिथीन् प्रतिपूज्य च वानप्रस्थ्येन धर्मेण स तेषां भोजनं ददौ,सः अग्निम् हुत्वा अर्घ्यम् प्रदाय अतिथीन् प्रतिपूज्य च वानप्रस्थेन धर्मेण तेषाम् भोजनम् ददौ,"He has given them fire and burning offerings, and he has provided them with food in the wilderness of righteousness.","He made fire and sacrifices, and provided his guests with food in the wilderness.",22.27227312202058
432,न च तत्र ततः किञ्चिद्द्रष्टुमर्हसि विप्रियम्मत्कृते न च ते शोको न भविष्यामि दुर्भरा,ततः तत्र किञ्चित् विप्रियम् द्रष्टुम् नार्हसि मत्कृते ते शोकः न दुर्भरा न भविष्यामि,nor will you go there to look for anything unpleasant; nor will you grieve over them.,"Then I will see something unwanted there, and I will not grieve or be saddened.",3.211547431691929
433,यस्य तत्पुष्पकं नाम विमानं कामगं शुभम्वीर्यादेवार्जितं भद्रे येन यामि विहायसम्,भद्रे यस्य तत् पुष्पकं नाम कामगम् शुभम् विमानम् वीर्यादेव आर्जितम् येन विहायसम् यामि,And he sent a flower of good tidings to the flower of good tidings.,A beautiful ship was built by Viraj for me to sail on. It is called Kamgam.,2.558689787699511
434,ततस्तेन महातेजा वीयौटत्सिक्तः कपीश्वरःवेगेनाभिहतो वाली निपपात महीतले,ततः महातेजाः वीयौत्सक्तः कपीश्वरः वाली तेन वेगेन अभिहतः महीतले निपपात,"Then the queen of Sheba came to her and said to her, ""Peace be to you!","Then the king's wife poured out a cup of water, filled with vinegar, and poured it into the water.",4.347588575774347
435,अफलोऽस्मि कृतस्तेन क्रोधात्सा च निराकृताशापमोक्षेण महता तपोऽस्यापहृतं मया,तेन क्रोधात् अफल: कृत: अस्मि सा च निराकृता महता शापमोक्षेण अस्य तप: मया अपहृतम्,"For by the actions of Apollos, I am filled with wrath and great indignation.","He was angry and did not give up. He was despised and despised, and I was taken captive by the fierceness of his anger.",3.3639838296829803
436,एतच्छौण्डीर्ययुक्तं ते मच्छन्दवशवर्तिनःइदानीमसि मारीचः पूर्वमन्यो निशाचरः,मच्छन्दवशवर्तिनः ते एतत् शौण्डीर्ययुक्तम् इदानीम् मारीचः असि पूर्वम् अन्यः राक्षसः हि,"They were full of pride and were full of pride, and now they are as naked as they were in the days of old.","They were the ones who used to eat fish, but now they are the ones who used to eat fish, and now they are the ones who used to eat fish, and now they are the ones who used to eat fish, and now they are the ones who used to eat fish, and now they are the ones who used to eat fish, and now they are the ones who used to eat fish, and now they are the ones who used to eat fish, and now they are the ones who used to eat fish.",0.8028319781264592
437,क्व चेदानीं स धर्मात्मा कौसल्यानन्दवर्धनः लक्ष्मणेन सह भ्रात्रा सीतया च समं गतः,धर्मात्मा सः कौशल्यानन्दवर्धनः भ्रात्रा लक्ष्मणेन सह सीतया च समम् इदानीम् क्व गतः,"Shortly thereafter, he was encouraged by the holy spirit and filled with joy. He was accompanied by his brother Timmas and Silas,","The spirit of godly devotion enriched him with wisdom and joy, and with him the brother Laxmias, who is now in the house of God.",2.3755502794765233
438,स तं देशमनुप्राप्य श्रेष्ठं रामनिषेवितम् अवातरन्महातेजा श्शिबिकायास्सलक्ष्मणः,महातेजाः सलक्ष्मणः सः रामनिषेवितम् श्रेष्ठम् तं देशम् अनुप्राप्य शिबिकायाः अवातरत्,And he found her the best of all the people of the land. She was a very beautiful woman.,"When the king's son, Salma, came to the country, he went to Sheba.",2.5683319547529764
439,स ते सहायो मित्रं च सीतायाः परिमार्गणेभविष्यति हिते राम मा च शोके मनः कृथाः,राम सः ते मित्रम् सीतायाः परिमार्गणे सहायः हिते भविष्यति शोके मनः मा कृथाः,"He did not want to be a helper and a friend, but he wanted to be a follower of Sita.",Do not be saddened by the fact that they will help your friend Sita on her way.,2.5828020030551087
440,रामोऽपि सहसौमित्रि: किञ्चिदागतविस्मय:प्रशस्य मुनिशार्दूलं निद्रां समुपसेवते,सह सौमित्रि: रामोऽपि किञ्चित् आगतविस्मय: मुनिशार्दूलम् प्रशस्य निद्राम् समुपसेवते,"Ramo, his companions: Some have come to surprise: The sleep of the poor man is a sleep.",Friends: Ramo is also a little surprised: The monkey sleeps a good night's sleep.,6.108557268562174
441,किन्न्वेतन्मेघसङ्काशं पर्वतस्याविदूरत: वृक्षषण्डमितो भाति परं कौतूहलं हि मे दर्शनीयं मृगाकीर्णं मनोरममतीव चनानाप्रकारैश्शकुनैर्वल्गुनादैरलङ्कृतम्,इत: पर्वतस्य अविदूरत: मेघसङ्काशम् दर्शनीयम् मृगाकीर्णम् अतीव मनोरमम् वल्गुनादै नानाप्रकारै: शकुनै: अलङ्कृतम् वृक्षषण्डम् भाति एतत् किं नु मे परम् कौतूहलं हि,"And the clouds were like mountains; they were like trees, but their beauty was like grains of sand, and they were beautiful, and they were made of fine lumps of clay.","The mountains are not far away: the clouds are bright, the earth is bright, the waves are beautiful, and the trees are beautiful.",5.707316594345163
442,अन्तर्धानगताह्येतेराक्षसाःकामरूपिणः शूराश्चनिकृतिज्ञाश्चतेषांजातुनविश्वसेत्,एतेराक्षसा: कामरूपिणः अन्तर्धानगताः शूराः निकृतिज्ञाश्च: तेषाम् जातु: नविश्वसेत्,"These are the people of the world: wheat, barley, oats, oats, oats, and the like.","They are corrupt, corrupt, deceitful, and ignorant. They are destroyed by unbelief.",4.546308713404574
443,मय्यगच्छति चेहस्थे धर्मात्मानौ महारथौ आशया तौ धरिष्येते वानराश्च मनस्विनः,मयि अगच्छति इहस्थे धर्मात्मानौ महारथौ तौ आशया धरिष्येते मनस्विनः वानराश्च,"I hope they will be patient, patient, and considerate.","For I am coming to this place with the Holy Spirit and the wise men and the wise men and the wise men,",1.6395955393726067
444,नाहं तामनुशोचामि प्राकृतो वानरोऽपि सन्महात्मा च विनीतश्च किं पुनर्धृतिमान्भवान्,अहम् प्राकृतः वानरोऽपि सन् ताम् न अनुशोचामि महात्मा च विनीतश्च धृतिमान् भवान् किं पुनः,I am not a man; I am a wild beast. How can you be transformed into a new creation?,"I am a wild beast, and I do not follow them. How can you be wise and wise?",34.53064989552127
445,दन्तावनिदशतस्तस्यश्रूयतेदशनस्वनः यन्त्रस्यावेष्ट्यमाणस्य महतो दानवैरिव,दन्तान् विदशतः तस्य दशनस्वनः दानवैः आवेष्ट्यमाणस्य महतः यन्त्रस्येव श्रूयते,"A toothed man's ears are like a toothed man's teeth, and his ears like a toothed man's ears are like a toothed man's ears.","When he opened his teeth, the sound of his teeth sounded like the sound of a hailstorm.",3.802351022611669
446,नानाविधान्गृहच्छन्दान्धदाहहुतभुक्तदा आवासान्राक्षसानां च सर्वेषांगृहगर्थिनाम् हेमचित्रतनुत्राणस्रग्दामाम्भरधारिणाम् शीधुपानचलाक्षाणांमद्विह्वलगामिनाम् कान्तालम्बितवस्त्राणांशत्रुसञ्जातमन्युनाम् गदाशूलासिहस्तानांखादतांपिबतामपि शयनेषुमहार्हेषुप्रसुप्तानांप्रियैस्सह त्रस्तानांगच्छतांतूर्णंपुत्रानादायसर्वतः तेषांशतसहस्राणितदालङ्कानिवासिनाम् अदहत्पावकस्तत्रजज्वाल च पुनःपुनः,तदा हुतभुक् चित्रान् नानाविधान् गृहान् गृहगर्थिनाम् सर्वेषाम् राक्षसानाम् आवासान् ददाह तत्र पावकः हेमचित्रतनुत्राणाम् स्रग्धामांम्बरधारिणाम् शीधुपानचलाक्षाणाम् मद्विह्वलगामिनाम् कान्तालम्बितवस्त्राणां शत्रुसञ्जातमन्यूनाम् गदाशूलसिहस्तानाम् खादताम् पिबतामपि प्रियैस्सह महार्हेषु शयनेषु प्रसुप्तानाम् त्रस्तानाम् पुत्रान् आदाय सर्वतः तूर्णम् गच्छताम् तेषाम् निवासिनाम् शतसहस्राणि अदहत् पुनःपुनः जज्वाल च,"They were filled with blood, blood, blood, sweat, blood, blood, blood, blood, blood, blood, blood, blood, sweat, blood, tears, blood, blood, blood, blood, blood, blood, sweat, blood, blood, sweat, tears, and blood.","and houses, and houses, and houses, and dwellings for all kinds of creatures. There were foxes and wild beasts, and birds of prey, and birds of prey, and birds of prey, and birds of prey, and birds of prey, and birds of prey, and birds of prey, and birds of prey, and birds of prey, and birds of prey, and birds of prey, and birds of prey, and birds of prey, and birds of prey, and birds of prey, and birds of prey, and birds of prey, and birds of prey, and birds of prey, and birds of prey, and birds of prey, and birds of prey, and birds of prey, and birds of prey, and birds of prey, and birds of prey, and birds of prey, and birds of prey, and birds of prey, and birds of prey, and birds of prey, and birds of prey, and birds of prey, and birds of prey, and birds of prey and birds of prey, and birds of prey and birds of prey",0.1825496146828307
447,याचितो नो निवर्तस्व हंसशुक्लशिरोरुहैःशिरोभिर्निभृताचार महीपतनपांसुलैः,निभृताचार महीपतनपांसुलैः हंसशुक्लशिरोरुहैः नः शिरोभिः याचितः निवर्तस्व,"Do not turn away from the things that are evil, from the things that are evil, from the things that are evil, from the things that are evil, from the things that are evil, from the things that are evil, from the things that are evil, from the things that are evil, from the things that are evil, from the things that are evil, from the things that are evil, from the things that are evil, from the things that are evil, from the things that are evil, from the things that are evil, from the things that are evil.","Do not wear dirty clothes, clean clothes, or anything else. Do not wear dirty clothes.",0.7765782506252724
448,तस्मिन्निपतिते भूमौ वानराणां गणेश्वरेनष्टचन्द्रमिव व्योम न व्यराजत भूतलम्,वानराणाम् गणेश्वरे तस्मिन् भूमौ निपतिते भूतलम् नष्टचन्द्रमिव व्योम न व्यराजत,"And the earth was covered with water, and the earth was covered with water, and the earth was covered with water, and the earth was covered with water, and the earth was covered with water.","The earth and the moon were destroyed, and the moon was not disturbed.",4.8363512153031465
449,रामोऽपि रात्रिशेषेण तेनैव महदन्तरम्जगाम पुरुषव्याघ्रः पितुराज्ञामनुस्मरन्,पुरुषव्याघ्रः रामोऽपि पितुः आज्ञाम् अनुस्मरन् तेन रात्रिशेषेणैव महत् अन्तरम् जगाम,Ramo also remembered his father's command at night.,"Ramah, the male tiger, remembered his father's command and spent the night in a great distance.",10.873785310674279
450,एतानौत्पातिकान् दृष्टवावज्रदंष्ट्रोमहाबलः धैर्यमालम्भ्यतेजस्वीनिर्जगामरणोत्सुकः,महाबलः तेजस्वी वज्रदंष्ट्रः एतान् औत्पातिकान् दृष्टवा धैर्यम् आलम्भ्य रणोत्सुकः निर्जगाम,"When he saw these things, he was filled with strength and endurance, a spirit that was immortal and immortal.","When he saw the great storm and the mighty thunderstorm, he persevered and set out with great perseverance.",9.364337313929381
451,तथा तु विलपन्तीं तां कौसल्यां राममातरम्उवाच लक्ष्मणो दीनस्तत्कालसदृशं वचः,लक्ष्मणः दीनः तथा विलपन्तीम् राममातरम् तां कौशल्याम् तत्कालसदृशम् वचः उवाच,"After much delay, he spoke to his mother and mother, saying,","Lakshman, Dinah, and Wiltti, Rama's mother, said this to her skillfully.",6.4798047102452365
452,प्रख्यातवीर्यस्यरञ्जनीयस्यविक्रमैः पश्यतोयुद्धलुब्धोऽहंकृतंकापुरुषस्त्वया,प्रख्यातवीर्यस्य विक्रमैः रञ्जनीयस्य शत्रोः पश्यतः त्वया युद्धलुब्दः अहम् कापुरुषः कृतः,"You are a man of great renown, a man of great treasure. You are a man of great courage, a man of war.",You have made me a man of war. You have made me an enemy of the rich and famous.,15.911783110981515
453,सन्तता शुशुभे भूमिर्माल्यैश्च बहुसंस्थितैः हिरण्मयैश्च विविधैर्भाजनैः स्फाटिकैरपिजाम्बूनदमयैश्चान्यैः करकैरभिसंवृता,बहुसंस्थितैः माल्यैश्च संतता हिरण्मयैः स्फाटिकैरपि विविधैः भाजनैः जाम्बूनदमयैः अन्यैः करकैः अभिसंवृता भूमिः शुशुभे,"You are not to blame for the poor and needy, for the poor and needy, for the poor and needy, for the poor and needy, for the poor and needy, for the poor and needy, for the poor and needy, for the poor and needy, for the poor and needy, for the poor and needy, for the poor and needy, for the poor and needy, for the poor and needy, for the poor and needy, for the poor and needy, for the poor and needy, for the poor and needy, for the poor and needy, for the poor and needy.","I greeted the rich and poor, the poor and the needy, the poor and the needy, the poor and the needy, the poor and the needy, the poor and the needy, the poor and the needy, the poor and the needy, the poor and the needy, the poor and the needy, the poor and the needy, the poor and the needy, the poor and the needy, the poor and the needy, the poor and the needy, the poor and the needy, the poor and the needy, the poor and the needy, the poor and the needy.",12.442934809637519
454,गदे द्वे चैव काकुत्स्थ मोदकी शिखरी उभे प्रदीप्ते नरशार्दूल प्रयच्छामि नृपात्मज,काकुत्स्थ नरशार्दूल नृपात्मज प्रदीप्ते द्वे मोदकी शिखरी गदे उभे प्रयच्छामि,I was looking for a man who was looking for a lamp. He was looking for a man who was looking for a lamp.,I was trying to get to the top of a hill by the light of the king's lamp.,4.320304869998878
455,प्रतिगृह्य च तां पूजां सर्वा एव समुत्सुका:ऋषेर्भीताश्च शीघ्रं ता गमनाय मतिं दधु:,ता: सर्वा: समुत्सुका: तां पूजाम् प्रतिगृह्य ऋषे: भीता: शीघ्रम् गमनाय मतिम् दधु:,"And he went into the house and worshiped her, and they were all together; and he said to them, Let him go.","He said, ""I am afraid, and I am about to go away.",3.951744928978941
456,ततस्तामापगां दिव्यां प्रसन्नसलिलां शिवाम्तत्र द्रक्ष्यथ कावेरीं विहितामप्सरोगणैः,ततः दिव्याम् प्रसन्नसलिलां शिवाम् अप्सरोगणैः विहिताम ताम् कावेरीम् आपगाम् तत्र द्रक्ष्यथ,"And you will see the sick lying in chains and beaten with sickness, cheering and rejoicing in the daytime.",Then you will see the sick lying on their backs with joy and gladness.,24.761650580786526
457,पश्चादपि हि दुःखेन मम नैवास्ति जीवितम्उज्झितायास्त्वया नाथ तदैव मरणं वरम्,नाथ त्वया उज्झितायाः मम पश्चादपि दुःखेन जीवितम् नैवास्ति तदैव मरणम् वरम्,"But now I am grieved in my body, and I am ready to live for you, and not to die for you.","I am a ship of sorrows, and a ship of pain after me, and yet I am dead.",6.2047985604249
458,तां तु राजा दशरथो महाराष्ट्रविवर्धन: पुरीमावासयामास दिवं देवपतिर्यथा,महाराष्ट्रविवर्धन: राजा दशरथ: देवपति: दिवं यथा तां पुरीम् आवासयामास,"And the king of Maharashtra reigned for ten years, and on the first day of the month of Purim, God blessed him.",Maharashtra Vardhan: Raja Dasarath: Devapathi: The day is like a full house.,1.9822566267103439
459,इतीव तद्गृहमभिगम्य शोभनम्सविस्मयो नगमिव चारुशोभनम्पुनश्च तत्परमसुगन्धि सुन्दरम्हिमात्यये नगमिव चारुकन्दरम्,इतीव शोभनम् चारुशोभनम् नगमिव तद्गृहम् अभिगम्य सविस्मयः परमसुगन्धि सुन्दरम् हिमात्यये चारुकन्दरम् नगमिव तत् पुनश्च,"When they came to the temple, they came with all the ornaments of the temple, all the flowers, all the flowers, and all the spices of the temple.","They went to the temple and found the whole place covered with fine, fragrant spices.",5.502042119161773
460,भ्रातृरूपःहिमेशत्रुरेषसर्वाहितेरतः रावणोनार्हतेपूजांपूज्योऽपिगुरुगौरवात्,सर्वाहिते रतः एषःरावणः गुरुगौरवात् पूज्योऽपि भ्रातृरूपः मेशत्रुः पूजाम् न अर्हते,He was revered by all who worshipped him more than anyone else.,"He is the Lord and Master, and he is not worthy to be worshipped as a brother and as a Lamb.",1.8837936165988451
461,आसाद्यरणमध्येतंवारयित्वास्थितोज्वलन् धनुर्विष्फारयामासकम्पयन्निवमेदिनीम्,तम् मीदिनीम् रणमध्ये आसाद्य वारयित्वा स्थितः ज्वलन् धनुः कम्पयन्निव,"And in the midst of the clouds was a bright rainbow, like a rainbow.",He threw it into the sea and threw it into the open pit. It was like burning arrows.,2.8480868570717104
462,प्रकृत्याह्येषतेजस्वीकुम्भकर्णोमहाबलः अन्येषांराक्षसेन्द्राणांवरदानकृतंबलम्,एषः कुम्भकर्णः प्रकृत्याः तेजस्वी महाबलः अन्येषाम् राक्षसेन्द्राणाम् बलम् वरदानकृतम्,"And the great horns of the wilderness, and the great horns of the wilderness, and the great horns of the wilderness, and the great horns of the wilderness, and the great horns of the wilderness, and the great horns of the wilderness, and the great horns of the wilderness, and the great horns of the wilderness, and the great horns of the wilderness, and the great horns of the wilderness, and the great horns of the wilderness, and the great horns of the wilderness, and the great horns of the wilderness.","These are the ears of the serpent, and the glory of nature, and the great power of the beast.",4.040069211754144
463,मन्त्रिभिर्मन्त्रतत्त्वज्ञैरन्यैश्च शुभबुद्धिभिःअन्वास्यमानं रक्षोभिः सुरैरिव सुरेश्वरम्,मन्त्रतत्त्वज्ञैः शुभबुद्धिभिः मन्त्रिभिः अन्यैः रक्षोभिः सुरैः सुरेश्वरम् इव अन्वास्यमानम्,"The ministry is to be entrusted to the wise, to be wise, and to guard what is good.","to be wise, to be wise, to be wise, to be kind, and to be like God.",30.171095832181756
464,किं करिष्यसि रामेण सुभगे चीरवाससानिक्षिप्तविजयो रामो गतश्रीर्वनगोचरः व्रती स्थण्डिलशायी च शङ्के जीवति वा न वा,सुभगे चीरवाससा रामेण किम् करिष्यसि निक्षिप्तविजयः गतश्रीः वनगोचरः व्रती स्थण्डिलशायी च रामः जीवति वा न वा शङ्के,What are you going to do about Ramen? What are you going to do about Ramen? What are you going to do about Ramen? What are you going to do about Ramen? What are you going to do about Ramen? What are you going to do about Ramen? What are you going to do about Ramen? What are you going to do about Ramen? What are you going to do about Ramen? What are you going to do about Ramen? What are you going to do about Ramen? What are you going to do about Ramen? What are you going to do about Ramen? What are you going to do about Ramen?,What are you going to do with Ram in good health? What are you going to do with Ram in good health? What are you going to do with Ram in bad health? What are you going to do with Ram in bad health? What are you going to do with Ram in bad health? What are you going to do with Ram in bad health? What are you going to do with Ram in bad health? What are you going to do with Ram in bad health? What are you going to do with Ram in bad health? What are you going to do with Ram in bad health? What are you going to do with Ram in bad health? What are you going to do with Ram in bad health?,44.40460064488544
465,तत: परमसत्कारं सुमते: प्राप्य राघवौ उष्य तत्र निशामेकां जग्मतुर्मिथिलां तत:,राघवौ तत: सुमते: परमसत्कारम् प्राप्य तत्र एकाम् निशाम् उष्य तत: मिथिलाम् जग्मतु:,"They said, ""It's good to see you. You'll get it, you'll get it, you'll get it, you'll get it, you'll get it, you'll get it, you'll get it, you'll get it, you'll get it, you'll get it, you'll get it, you'll get it, you'll get it, you'll get it, you'll get it, you'll get it, you'll get it, you'll get it, you'll get it, you'll get it, you'll get it, you'll get it, you'll get it, you'll get it, you'll get it, you'll get it, you'll get it"".","And the ravens said to him, Behold, there is a blessing, and there is a sign, saying, Lift up the sword.",0.5060684914276244
466,गच्छन्तं तं नरव्याघ्रं सर्षिसङ्घं सराघवम् घोरा: स्म पक्षिणो वाचो व्याहरन्ति ततस्तत:,सर्षिसङ्घम् सराघवम् नरव्याघ्रम् तम् ततस्तत: घोरा: पक्षिण: वाच: व्याहरन्ति स्म,"When the dragon came to him, and the lion came to him, and the birds came to him, and said,","Then the dragon came to him, and the dragon said to the horses and to the birds of the air:",33.8796999974464
467,शूरःधीमान् रथीखडगीरथप्रवमास्थितः हत्वादाशरथिंरामंभवान् प्राप्स्यसिमैथिलीम्,शूरः धीमान् रथी खडगी भावन् रथप्रवरम् आस्थितः दाशरथिम् रामम् हत्वा मैथिलीम् प्राप्स्यसि,"They will kill the mighty and the brave, who ride in the chariots of the Philistines.","And thou shalt smite the ruler of the chariots, the mighty, the slow, and the mighty; and thou shalt kill the ruler of the chariots, and thou shalt find him.",3.6185995652245055
468,ततः पैतामहं वीरः सोऽस्त्रमस्त्रविदां वरःसंदधे सुमहत्तेजा: तं हरिप्रवरं प्रति,ततः वीरः अस्त्रविदाम् वरः सुमहातेजाः सः तं हरिप्रवरं प्रति पैतामहम् अस्त्रम् संदधे,"""Then I went down and took up my weapons and went down to the vineyard.","Then the valiant warrior, taking his weapons, called out to him,",3.234245292096216
469,तस्य तेन प्रतिज्ञातं सीतायाः परिमार्गणम्सुग्रीवस्यापि रामेण हरिराज्यं निवेदितम्,तेन तस्य सीतायाः परिमार्गणम् प्रतिज्ञातम् रामेणापि सुग्रीवस्य हरिराज्यम् निवेदितम्,"He asked Ramah and Harim for a king, even though they had promised to change the way of Sith.","So he asked Ramah, who had promised to restore him to the way of Sith, for the kingdom of Succoth and Harim.",17.581066839588924
470,लब्ध्वा भार्यां कपिवरः प्राप्य राज्यं सुहृद्वृतःध्रुवं नन्दति सुग्रीवस्सम्प्राप्य महतीं श्रियम्,कपिवरः सुग्रीवः भार्याम् लब्ध्वा राज्यम् प्राप्य महतीम् श्रियम् सम्प्राप्य सहृद्वृतः नन्दति ध्रुवम्,"And when the weight of the sword was lifted, and the weight of the crown was lifted up, and the weight of the sword was lifted up, and the weight of the sword was lifted up, and the weight of the sword was lifted up, and the weight of the sword was lifted up, and the weight of the sword was lifted up, and the weight of the sword was lifted up, and the weight of the sword was lifted up, and the weight of the sword was lifted up, and the weight of the sword was lifted up, and the weight of the sword was lifted up.","The copper was heavy and heavy, and the kingdom was given to him, and great work was accomplished, and the poles of the sea were shaken.",2.5993311314106995
471,तस्मात्सुमन्त्रितंसाधुभवन्तोमतिसत्तमा: कार्यंसम्प्रतिपद्यन्तामेतत्कृत्यंमतंमम,तस्मात् मतिसत्तामाः भवन्तः सुमन्त्रितम् साधु: कार्यम् सम्प्रतिपद्यन्ताम् एतत् मम: कृत्यम् मतम्,"Therefore, let us be zealous to do the same, so that we may be worthy of the vocation to which you have been called.","Therefore, I urge you to remember that this is what I am commanding you to do: Do not overdo it.",4.668049023095243
472,धनानि व्यवसायेन विचीयन्ते महावनेधातवो विविधाश्चापि मणिरत्नसुवर्णिनः,महावने व्यवसायेन धनानि मणिरत्नसुवर्णिनः विविधाः धातवः विचीयन्ते,"The wealthy traded it, the rich and the wealthy, with gold, silver, and gold of all kinds.","The merchants traded gold, silver, and gold, and all kinds of metal.",27.526990943873287
473,अनावृष्ट्यां तु वृत्तायां राजा दु:खसमन्वित:ब्राह्मणान्श्रुतवृद्धांश्च समानीय प्रवक्ष्यति,अनावृष्ट्याम् वृत्तायाम् राजा दु:खसमन्वित: श्रुतवृद्धान् ब्राह्मणान् समानीय प्रवक्ष्यति,"""But when it rains, the king looks down on the rocks and mourns. He looks at Abraham and the elders,","When the king heard this, he looked down on the elders and on the brethren.",9.410489957951636
474,ततस्तु तौ काञ्चनचित्रकार्मुकौ निहत्य रक्षः परिगृह्य मैथिलीम्विजह्रतु स्तौ मुदितौ महावने दिवि स्थितौ चन्द्रदिवाकराविव,ततः काञ्चनचित्रकार्मुकौ तौ रक्षः निहत्य मैथिलीम् परिगृह्य महावने मुदितौ दिवि स्थितौ तौ चन्द्रदिवाकराविव विजह्रतुः,"They stood in front of the lampstand, made of glass, and were sealed with a seal on their hearts. The lampstand stood on the moon,","They made some statues of themselves and went to the temple. They were sealed with a great lampstand, and the moon was covered with candles.",13.102495978815194
475,देवगन्धर्वभूतानामृषीणां च महात्मनाम्कोऽयमेवं विरूपां त्वां महावीर्यश्चकार ह,देवगन्धर्वभूतानाम् महात्मनाम् ऋषीणां च महावीर्यः कः त्वाम् एवम् विरूपाम् चकार ह,"You will be compared to the mighty and the mighty, the mighty and the mighty, the mighty and the mighty.",Who is greater than the glory and majesty of God? Who can compare you to him?,2.1671320168371846
476,तच्छ्रुत्वा सुहृदस्तस्य रामस्य प्रियकारिणः त्वरिताः शीघ्रमभ्येत्य कौसल्यायै न्यवेदयन्,तस्य रामस्य सुहृदः तत् श्रुत्वा त्वरिताः प्रियकारिणः शीघ्रम् अभ्येत्य कौशल्यायै न्यवेदयन्,"The men of Rome, who were lovers of the king's heart, came quickly and were terrified and joined the council.","When her lovers heard about this, they hurried to her and put their trust in her.",2.328734903585348
477,वनानि सरितश्शैलांत्सरांसि च विहायसा स क्षिप्रं समतीयाय शरश्चापादिव च्युतः,सः चापात् च्युतः शरः इव क्षिप्रम् वनानि सरितः शैलान् सरांसि च विहायसा समतीयाय,"He left the forests, trees and shrubs, and grew up a few days before the flood.","And he threw down like a spear, like a spear, like a spear, like a spear, like a spear, like a spear, like a spear, like a spear, like a spear, like a spear, like a spear, like a spear, like a spear, like a spear, like a spear, like a spear, like a spear, like a spear, like a spear, like a spear, like a spear, like a spear, like a spear, like a spear, like a spear, like a spear, like a spear, like a spear, like a spear, like a spear, like a spear, like a spear, like a spear, like a spear, like a spear, like a spear, like a spear, like a spear, like a spear.",0.0017135589276942149
478,स पादुके सम्प्रणम्य रामं वचनमब्रवीत्चतुर्दश हि वर्षाणि जटाचीरधरो ह्याहम् फलमूलाशनो वीर भवेयं रघुनन्दनतवाऽगमनमाकाङ्क्षान्वसन्वै नगराद्बहिः तव पादुकयोर्न्यस्तराज्यतन्त्रः परन्तप,सः पादुके सम्प्रणम्य रामम् वचनम् अब्रवीत् परन्तप वीर रघुनन्दन अहम् चतुर्दश वर्षाणि जटाचीरधरः फलमूलाशनः तव पादुकयोः न्यस्तराज्यतन्त्रः तव आगमनम् आकाङ्क्षन् नगरात् बहिः वसन् भवेयम्,"And he said to him, ""For forty years I have been on a leash, clothed with fine linen. Be courageous and joyful. Look forward to your coming. The city will be destroyed, and your kingdom will be reigned.","But when he heard the words of the apostle Paul, he took courage and rejoiced. For fourteen years I have been in captivity, clothed with fine clothes, waiting outside the city for you to come as king.",12.014333144829656
479,न हि मेऽविदितं किञ्चिद्वनेऽस्मिंश्चरतस्सदाचतुरङ्गं ह्यपिबलं सुमहत्प्रसहेमहि,सदा अस्मिन् वने चरतः मे अविदितम् किञ्चित् न हि सुमहत् चतुरङ्गम् बलम् अपि प्रसहेमहि,"It is not that we are weak or weak, but that we are strong or weak.","For we have always been in the midst of this forest, and we have not lost anything, but we have also lost a great deal of power.",2.9023681142526185
480,कुम्भस्यपततोरूपंभग्नस्योरसिमुष्टीना बभौरुद्राभिपन्नस्ययथारूपंगवांपतेः,उरसि मुष्टीना भग्नस्य पततः कुम्भस्य रूपम् रुद्राभिपन्नस्य गवांपतेः रूपंयथा बभौ,"The image of the eagle was like a serpent, shrouded in blood.","The image of a pillar of gold is like the image of a pillar of gold, and the image of a pillar of gold is like the image of a pillar of gold.",3.01418180631001
481,शुद्धाआपोनभश्चैवजहृषुर्देवदानवाः आजग्मुःपतितेतस्मिन्सर्वलोकभयावहे,सर्वलोकभयावहे तस्मिन् पतिते आपः नभश्चैव शुद्धाः देवदानवाः जह्रषुः आजग्मुः,We will all be afraid of the flames of hell. We will all be afraid of God.,"Everyone will be terrified of him, and the heavens and the earth will be filled with flames of fire.",5.307917565796243
482,स तुकोपेनचाविष्टःशोकेन च महाकपिः हनूमान्रावणिरथेमहतींपातयच्छिलाम्,महता शोकेन कोपेन च अविष्टः महाकपिः सःहनुमान् रावणिरथे महतीम् शिलाम् पातयत्,"He was seated in the throne of Tyre and Sidon, and went to the great serpent, Hananiah the great priest, who wept and mourned.","The high priest, who was in great mourning and sorrow, threw down a great stone at Rabinath-era,",6.71647205235486
483,सुवर्णकोणाभिहतः प्राणदद्यामदुन्दुभिःदध्मुश्शङ्खांश्च शतशो नादांश्चोच्चावचस्वरान्,सुवर्णकोणाभिहतः यामदुन्दुभिः प्राणदत् शङ्खांश्च उच्चावचस्वरान् नादांश्च शतशः दध्मुः,"They had corners of gold, beads of life and lilies, and seals of gold, and hundreds of lanterns and trumpets.","and gold horns, and twelve horns, and twelve horns, and twelve horns, and twelve trumpets,",5.450048489014556
484,मातरं रक्ष कैकेयीं मा रोषं कुरु तां प्रति मया च सीतया चैव शप्तोऽसि रघुसत्तमइत्युक्त्वाऽश्रुपरीताक्षो भ्रातरं विससर्ज ह,रघुसत्तम मातरम् कैकेयीम् रक्ष तां प्रति रोषम् मा कुरु मया च सीतया चैव शप्तः असि इति उक्त्वा अश्रुपरीताक्षः भ्रातरम् विससर्ज ह,"Do not be enraged by anyone, but warn the brother who is about to come to you. Do not be enraged by me or by the oath I have sworn to you.","""Don't be angry with her, "" said the brother. ""Take care of your mother and your brother, "" he said. "" I swear to you.",5.725068959849069
485,एवमुक्ता हनुमता सुरसा कामरूपिणीअब्रवीन्नातिवर्तेन्मां कश्चिदेष वरो मम,हनुमता एवम् उक्ता कामरूपिणी सुरसा अब्रवीत् कश्चित् नातिवर्तेत एषः मम वरः,"Tell me, then, about the workmanship of Hanukkah.","A woman called out to her husband, who was a carpenter by trade, and said, ""No one is coming. This is my husband.",0.9602632913977096
486,अन्तरा मेरुमस्तं च तालो दशशिरा महान्जातरूपमय्शीमान्भ्राजते चित्रवेदिकः,मेरुम् अस्तं च अन्तरा दशशिराः जातरूपमयः श्रीमान् चित्रवेदिकः महान् तालः भ्राजते,The inner altar and the inner pillar of the altar were ten cubits of fine linen.,"There are ten branches in the midst of me and ten branches in the midst of me. There are ten branches in the midst of me, and there are ten branches in the midst of me, and there are ten branches in the midst of me, and there are ten branches in the midst of me, and there are ten branches in the midst of me, and there are ten branches in the midst of me.",0.07663867853099489
487,तत्र वैखानसा माषा वालखिल्या मरीचिपाः अजा बभूवुर्धूम्राश्च सङ्गताः परमर्षयः,वैखानसा: माषाः मरीचिपाः वालखिल्याः अजाः धूम्राश्च परमर्षयश्च तत्र सङ्गताः बभूवुः,"They were gathered together with Mary, the mother of Jesus, and Mary, the mother of Jesus.","They were gathered together in a gathering of monks and nuns, gathered together in a gathering of fire, smoke, and brimstone.",12.917271617521799
488,एष दाशरथी रामः सत्यवान् शीलवान् शुचिःरक्षसा रौद्ररूपेण ह्रियते सहलक्ष्मणः,सत्यवान् शीलवान् शुचिः एषः दाशरथिः रामः सहलक्ष्मणः रौद्ररूपेण रक्षसा ह्रियते,"He is the Lamb of God, the Lamb of God, the Lamb of God, the Lamb of God, the Lamb of God, the Lamb of God, the Lamb of God, the Lamb of God, the Lamb of God, the Lamb of God, the Lamb of God, the Lamb of God, the Lamb of God, the Lamb of God, the Lamb of God, the Lamb of God, the Lamb of God, the Lamb of God, the Lamb of God, the Lamb of God.",He is pure and upright; he is a shepherd; he is a ram; he is a shepherd; he is a watchman.,0.7786972337294663
489,रामस्य स वचः कुर्वन्ननुज्ञाप्य च तं जनम् व्रजतोऽपि हयान् शीघ्रं चोदयामास सारथिः,स सारथिः रामस्य वचः कुर्वन् तम् जनम् अनुज्ञाप्य व्रजतोऽपि हयान् शीघ्रम् चोदयामास,"But they did not obey him, so they quickly stole him from them.","He quickly stole them, even though he had given them permission to do so.",6.471074162236761
490,तस्यास्तद्वचनं श्रुत्वा वैदेह्या रामलक्ष्मणौवेगं प्रचक्रतुर्वीरौ वधे तस्य दुरात्मनः,वीरौ रामलक्ष्मणौ तस्याः वैदेह्याः तत् वचनम् श्रुत्वा दुरात्मनः तस्य वधे वेगम् प्रचक्रतुः,"When the woman heard this, she was thrown into a ditch and trembled.","When the shepherds and the shepherds heard her testimony, the evil spirit rushed over her.",6.053735079430114
491,किमयं कामवृत्तस्ते लुप्तधर्मार्थसङ्ग्रहःभर्ता भर्तृहिते युक्ते न चैनमवबुद्ध्यसे,भर्तृहिते युक्ते ते भर्ता अयम् कामवृत्तः लुप्तधर्मार्थसङ्ग्रहः किम् एनम् अवबुद्ध्यसे,Don't be deceived by your work. Don't be discouraged by the richness of your wealth.,"They are full of greed and full of selfishness, and they have no sense in the corrupt treasures of righteousness.",2.242872568617871
492,मनुर्मनुष्यान् जनयद्राम पुत्रान् यशस्विनःब्राह्मणान् क्षत्रियान् वैश्यान् शूद्रांश्च मनुजर्षभ,मनुजर्षभ राम मनु ब्राह्मणान् क्षत्रियान् वैश्यान् शूद्रांश्च यशस्विनः मनुष्यान् पुत्रान् अजनयत्,"the sons of man, the sons of Jethro, the sons of Jesse, the sons of Abraham, the sons of Gad, the sons of Shadrach, the sons of Manasseh, the sons of Manasseh, the sons of Manasseh, the sons of Manasseh, the sons of Manasseh, the sons of Manasseh, the sons of Manasseh, the sons of Manasseh, the sons of Manasseh, the sons of Manasseh, the sons of Manasseh, the sons of Manasseh, the sons of Manasseh, the sons of Manasseh, the sons of Manasseh, the sons of Manasseh, the sons of Manasseh, the sons of Manasseh, and the sons of Manasseh,","And he gave birth to the sons of men, the sons of men, the sons of men, the sons of men, the sons of men, the sons of men, the sons of men, the sons of men, the sons of men, the sons of men, the sons of men, the sons of men, the sons of men, the sons of men, the sons of men, the sons of men, the sons of men, the sons of men, the sons of men, the sons of men.",34.62760772737182
493,ऋषिमांसाशनः क्रूरस्त्रासयन्वनगोचरान्तथा रुधिरमत्तोऽहं विचरन्धर्मदूषकः,अहम् ऋषिमांसाशनः क्रूरः वनगोचरान् त्रासयन् तथा रुधिरमत्तः धर्मदूषकः विचरन्,"I have become like a bloodthirsty man, like a wild goat in the forest. I have become like a weeping wilderness, I have become like a weeping wilderness.","I was a beast of prey, a beast of bitterness, and a bloodthirsty sinner.",3.2808945250121395
494,ततस्त्रयोदशे वर्षे राजामन्त्रयत प्रभुःअभिषेचयितुं रामं समेतो राजमन्त्रिभिः,ततः प्रभुः राजा त्रयोदशे वर्षे राजमन्त्रिभिः समेतः रामम् अभिषेचयितुम् अमन्त्रयत,Then the king's ministers sent him to anoint the Lord for sixteen years.,"And it came to pass at the end of the third year, when the king and his counselors came to him, that he was anointed.",1.5622182101198387
495,रावणश्चापिसम्हृष्टोविसृज्येन्द्रजितंसुतम् अजुहावततस्सीताक्षिणीराक्षसीस्तदा,रावणश्चापि सम्हृष्टः सुतम् इन्द्रजितम् विसृज्य ततः सीताक्षिणीः राक्षसीः तदा आजुहाव,"and Ravan and his wife, Aaron and Aaron, and Aaron and Aaron and Aaron and Aaron and Aaron and Aaron and Aaron and Aaron and Aaron and Aaron and Aaron and Aaron and Aaron and Aaron and Aaron and Aaron and Aaron and Aaron and Aaron and Aaron and Aaron and Aaron and Aaron and Aaron and Aaron and Aaron and Aaron and Aaron and Aaron and Aaron and Aaron and Aaron and Aaron and Aaron and Aaron and Aaron and Aaron and Aaron and Aaron and Aaron.","And Ravan also drew up a sleeping garment, and spread it out, and he became a beast, and behold, it came to pass.",1.080719202308225
496,नानाविकृतसंस्थानंवाजिभाण्डपरिच्छदौ गजग्रैवेयकक्ष्याश्चरथभाण्डाश्चसम्स्कृताः,नानाविकृतसंस्थानम् वाजिभाण्डपरिच्छदम् गजग्रैवेयकक्ष्याश्च सम्स्कृताः रथभाण्डाश्च,"A variety of settlements, including the surrounding landscapes, landscapes, graveyards, and landscapes.","The various structures surrounding the vault, the galleries, and the chariots.",6.019608768705656
497,देवकार्यमिदं देव संविधत्स्व हुताशनशैलपुत्र्यां महातेजो गङ्गायां तेज उत्सृज,देव हुतशन इदम् देवकार्यम् संविधत्स्व महातेज: तेज: शैलपुत्र्याम् गङ्गायाम् उत्सृज,The glory of God shone through the great sea of glory and majesty.,"The glory of God is the glory of God, the glory of God, the glory of God, the glory of God, the glory of God, the glory of God, the glory of God, the glory of God, the glory of God, the glory of God, the glory of God, the glory of God, the glory of God, the glory of God, the glory of God, the glory of God, the glory of God, the glory of God, the glory of God, the glory of God, the glory of God, the glory of God, the glory of God, the glory of God, the glory of God, the glory of God, the glory of God.",0.002609147566934958
498,तेद्रुमैःपर्वताग्रैश्चमुष्टिभिश्चप्लवङ्गमाः प्राकाराग्राण्यरण्यानिममन्थुस्तोरणानिच,ते द्रुमैः पर्वताग्रैश्च मुष्टिभिश्च प्लवङ्गमाः प्राकाराग्रा अरण्यानि ममन्थुस्तोरणानिच,"mountains and hills, mountains and hills, mountains and hills,","""They came to me in droves, mountains, hills, mountains, plains, plains, and wastelands.",8.144648632244794
499,अयं पितृवयस्यो मे गृध्रराजो जरान्वितःशेते विनिहतो भूमौ मम भाग्यविपर्ययात्,मे पितृवयस्यः जरान्वितः अयम् गृध्रराजः मम भाग्यविपर्ययात् विनिहतः भूमौ शेते,"He has set up a trust in his father's house, and he has left me until the day I die.","""I am the son of my father, and I am the son of my father. I am the son of my father, and I am the son of my father, and I am the son of my father.",1.5979718680681139
500,तद्धनुस्तौ च तूणीरौ शरं खङ्गं च मानद जयाय प्रतिगृह्णीष्व वज्रं वज्रधरो यथा,मानद तत् धनुः तौ तूणीरौ शरम् खङ्गं च वज्रधरः वज्रं यथा जयाय प्रतिगृह्णीष्व,"They are to be honored with the bow and arrow, the bow and arrow, the bow and arrow, the bow and arrow, the bow and arrow, the bow and arrow, the bow and arrow, the bow and arrow, the bow and arrow, the bow and arrow, the bow and arrow, the bow and arrow, the bow and arrow, the bow and arrow, the bow and arrow, the bow and arrow, the bow and arrow, the bow and arrow, the bow and arrow.","They will welcome you as you welcome them, as you welcome them, as you welcome them, as you welcome them, as you welcome them, as you welcome them, as you welcome them, as you welcome them, as you welcome them, as you welcome them, as you welcome them, as you welcome them, as you welcome them, as you welcome them, as you welcome them.",0.7107049514277449
501,कथयन्तंतुसौमित्रिंसन्निवार्यविभीषणः पुष्कलार्थमिदंवाक्यंविसंज्ञंराममब्रवीत्,विभीषणः कथयन्तम् सौमित्रिम् सन्निवार्य विसंज्ञम् रामम् पुष्कलार्थम् इदंवाक्यम् अब्रवीत्,"When they heard this, they were terrified and shocked, and Rama was astonished at what they were saying.","When they heard this, they were terrified and said, ""This is what we are going to do"".",39.028386046439934
502,मन्दस्तुभ्रातरंभग्नंदृष्टवातत्रमहाहवे लभिदुद्राववेगेनप्रगृह्यमहतींशिलाम्,मैन्दःतु तत्र महाहवे भग्नम् भ्रातरम् दृष्टवा महतीम् शिलाम् प्रगृह्य वेगेन अभिदुद्राव,"Then, as a brother, you were built on the foundation of a stone pillar, built on the foundation of a stone pillar.","When he got there, he saw a large boulder there, and cried out in a hurry.",2.1601524349994397
503,यो हि मामुद्यतस्त्रातुं सोऽप्ययं विनिपातितःगृध्रराजः पुराणोऽसौ श्वशुरस्य सखा मम,यः गृध्रराजः माम् त्रातुम् उद्यतः मम श्वशुरस्य पुराणः सखा अयम् असौ अपि विनिपातितः,"""This is my coat of arms. This is my collapsed palace. This is my old palace.","The king of my house, who came against me, threw down the stairs of my father-in-law and my mother-in-law.",2.5905489539591
504,सा राज्यफलमप्राप्य विधवा शोककर्शितापतिष्यति महाघोरे निरये जननी मम,मम जननी सा राज्यफलम् अप्राप्य विधवा शोककर्शिता महाघोरे निरये पतिष्यति,"But if he receives the full measure of the kingdom, he will cause a widow to mourn.","For if any of my widows do not receive the kingdom, they will be thrown into the house of mourning.",8.223390829873315
505,स हि प्रसादे चात्यर्थं कोपे च हरिरीश्वरःअतीत्य तस्य सन्देशं विनाशो गमने भवेत्,सः हरिः प्रसादे च कोपे च अत्यर्थम् ईश्वरः तस्य सन्देशम् अतीत्य गमने विनाशः भवेत्,"If he does this, he will destroy the message of God's anger and wrath.","to destroy the message of God, the rainbow and the fury.",17.609282679116177
506,सा तयोः कुशलं देवी निशम्य नरसिंहयोःप्रीतिसंहृष्टसर्वाङ्गी हनुमन्तमथाब्रवीत्,सा देवी तयोः नरसिंहयोः कुशलम् निशम्य प्रीतिसंहृष्टसर्वाङ्गी अथ हनुमन्तम् अब्रवीत्,"She spoke to them in a loud voice like a lion, who was afraid of their goddess of wisdom.","The goddess gave her the name of Hanukkah. She was full of love, kindness and compassion.",2.954001199967651
507,राजानं द्रष्टुकामेन मयास्त्रमनुवर्तितम् विमुक्तो ह्यहमस्त्रेण राक्षसैस्त्वभिपीडितःकेनचिद्राजकार्येण सम्प्राप्तोऽस्मि तवान्तिकम्,राजानम् द्रष्टुकामेन मया अस्त्रम् अनुवर्तितम् राक्षसैः अभिपीडितः तु अहम् अस्त्रेण विमुक्तो हि केनचित् राजकार्येण तव अन्तिकम् सम्प्राप्तः अस्मि,"When the king saw me, I was unmasked and unmasked. I was seized by a demon, and I was tortured by a demon.","I have seen a king who is under attack by demons armed and pursued, but I am unarmed and unharmed.",2.403773500979825
508,चीरे गृहीते तु तया समीक्ष्य नृपतेर्गुरुःनिवार्य सीतां कैकेयीं वसिष्ठो वाक्यमब्रवीत्,तया चीरे गृहीते नृपतेः गुरुः वसिष्ठः समीक्ष्य सीताम् निवार्य कैकेयीम् वाक्यम् अब्रवीत्,"When he had taken the cup, the governor ordered him to go to him and tell him what had happened.",He took the jar and rebuked her before the court. Then he told her what he had said.,4.724932626401583
509,राज्ञा सत्यप्रतिज्ञेन पित्रा दशरथेन चकैकेय्यै मम मात्रे तु पुरा दत्तौ महावरौ,राज्ञा सत्यप्रतिज्ञेन पित्रा दशरथेन पुरा मम मात्रे कैकेय्यै महावरौ दत्तौ,"The king's oath and the oath of loyalty were fulfilled by Peter, the father of Deborah, and by me.","And the king made a covenant with him, and Peter, and Detharoth, and my mother, and Kechiah, and my father, and my mother, and my father, and my mother, and my father, and my mother, and my mother, and my father, and my mother, and my mother, and my father, and my mother, and my mother, and my mother, and my father, and my mother, and my mother, and my mother, and my mother, and my mother, and my mother, and my father, and my mother, and my mother, and my mother, and my mother, and my mother, and my mother, and my mother,",0.0288228392760051
510,रूपमुत्तिष्ठतस्तस्यकुम्भकर्णस्यतद्बभौ तपान्तेसबलाकस्यमेघस्येवविवर्षतः,उत्तिष्ठतः कुम्भकर्णस्य तत् रूपम् युगान्ते सबलाकस्य सर्वभूतानि मेघस्येव विवर्षितः बभौ,"He had been in a coma for twenty years, and had been confined to a wheelchair for twenty years.","He rose up and looked like an eagle, and his entire body was like a cloud.",4.5672118332822365
511,तदासनवरं प्राप्य व्यदीपयत राघवः स्वयैव प्रभया मेरुमुदये विमलो रविः,राघवः तत् आसनवरम् प्राप्य उदये विमलः रविः मेरुमिव स्वया प्रभया व्यदीपयत,"When he came to the throne, he was seized by the evil spirit and fell asleep in the Lord's presence.","When the raven came to the throne, he fell down from the throne, crying out to the Lord.",24.761650580786526
512,रामस्तुव्यथितंश्रुत्वावालिपुत्त्रंरणाजरे व्यादिदेशहरिश्रेष्ठान्जाम्बवत्प्रमुखांस्ततः,ततः रामः रणाजरे वालिपुत्रम् व्यथितम् श्रुत्वा जाम्बवत्प्रमुखान् हरिश्रेष्ठान् व्यादेश,"When the king heard this, he was troubled because of his sons.","And Ram heard that the son of Baal was afflicted in the wilderness, and he warned the princes and the elders.",2.4287279845243113
513,तत्ररावणमासाद्यअभिवाद्यकृताञ्जलिः आचचक्षेप्रियंपित्रेनिहतौरामलक्ष्मणौ,तत्र रावणम् आसाद्य अभिवाद्य कृताञ्जलिः रामलक्ष्मणौ निहतौ पित्रे प्रियम् आचचक्षे,"They were filled with wine, vinegar, vinegar, vinegar, and wine.","Then they began to offer him food, water, and a ram, and they killed him in the sight of the Father, whom he loved.",2.720118512280419
514,अम्ब पित्रा नियुक्तोऽस्मि प्रजापालनकर्मणिभविता श्वोऽभिषेको मे यथा मे शासनं पितुः,अम्ब पित्रा प्रजापालनकर्मणि नियुक्तः अस्मि मे पितुः शासनम् यथा श्वः मे अभिषेकः भविता,"As the Father has appointed me to reign, so also I have appointed him to reign.","Father's anointing has given us the kingdom of heaven, just as the anointing of the lamb has given us the kingdom of heaven.",2.0587069884389337
515,कुशचीरपरिक्षिप्तं ब्राह्म्या लक्ष्म्या समावृतम्यथा प्रदीप्तं दुर्दर्शं गगने सूर्यमण्डलम्,कुशचीरपरिक्षिप्तम् ब्राह्म्या लक्ष्म्या समावृतम् गगने प्रदीप्तम् सूर्यमण्डलं यथा दुर्दर्शम्,"I looked like a cloud of clouds, like a cloud of clouds, like a cloud of clouds, like a cloud of clouds.","His body was covered with gold leaf, and his eyes were covered with gold leaf. The sun shone as bright as a cloud,",3.632928877985223
516,हर्म्यै र्विमानैः प्रासादैरवेक्ष्याथ समागतम् हाहाकारकृता नार्यो रामदर्शनकर्शिताः,अथ नार्यः हर्म्यैः विमानैः प्रासादैः समागतम् आवेक्ष्य रामदर्शन कर्शिताः हाहाकारकृताः,"When they arrived at the temple, they saw that the temple had been destroyed by fire.","This woman, who had made Ramayana, flew to Prasad nearby.",2.8265205879007453
517,केनेदमुपदिष्टं ते क्षुद्रेणाहितवादिनायस्त्वामिच्छति नश्यन्तं स्वकृतेन निशाचर,निशाचर यः त्वाम् स्वकृतेन नश्यन्तम् इच्छति क्षुद्रेण अहितवादिना केन इदम् ते उपदिष्टम्,"They want to talk to you about what they have done to Kenneth, but they do not want to talk to you about what they have done to him.","Who gave them this warning: ""In a little while you will die, and he who does not desire to see you in the flesh will die in the night?""",1.6280182345986876
518,ततस्तु रक्षोधिपतिर्महात्मा हनूमताक्षे निहते कुमारेमनस्समाधाय सदेवकल्पं समादिदेशेन्द्रजितं सरोषः,ततः महात्मा सः रक्षोधिपतिः हनूमता कुमारे अक्षे निहते सरोषः मनः समाधाय देवकल्पम् इन्द्रजितम् समादिदेश,"There was a small pool of water in the temple of God. It was placed in the tomb of Hanukkah, the commander of the guard.","Then the king said to Hanun, the commander of the garrison,",13.083737883508867
519,सप्त सप्त च वर्षाणि दण्डकारण्यमाश्रितःअभिषेकमिमं त्यक्त्वा जटाजिनधरो वस,इमम् अभिषेकम् त्यक्त्वा जटाजिनधर: दण्डकारण्यम् आश्रितः सप्त सप्त च वर्षाणि वस,He was punished for seven and a half years.,And he left his anointing and was tormented seven and a half years.,36.01528830842352
520,एष पन्था महर्षीणां फलान्याहरतां वनेअनेन तु वनं दुर्गं गन्तुं राघव ते क्षमम्,राघव एषः वने फलानि आहरताम् महर्षीणाम् एष पन्थाः अनेन दुर्गम् वनम् गन्तुम् ते क्षमम्,"Let them go to the forests, and let them go to the strongholds of the forests.","The ravens brought forth the fruit of the forest, and the princesses went forth into the wilderness.",6.609199691337808
521,स्थानंवृद्धिं च हानि च देशकालविभागवित् आत्मनश्चपरेषां च बुध्यतेराक्षसर्षभः,देशकालविभागवित् राक्षसर्षभः आत्मनः च परेषां च स्थानम् वृद्धिं च हानिं च बुध्यते,"He is a man of sorrows and acquainted with grief, and a man of sorrows and acquainted with grief.","When the country is divided, the demons and the spirits of others know where to grow and where to lose.",2.7101496987337943
522,स रथंसारथिःहृष्टंपरसैन्यप्रधर्षणम् गन्धर्वनगराकारंसमुच्छ्रितपाताकिनम् युक्तंपरमसम्पन्नैर्वजिभिर्हेममालिभिः युद्धोपकरणैःपूर्णंपताकाध्वजमालिनीम् ग्रसन्तमिवचाकाशंनादयन्तंवसुन्धराम् प्रणाशंपरनैन्यानांस्वनैन्यस्यप्रहर्षणम् रावणस्यरथंक्षिप्रंचोदयामाससारथिः,सारथिः हृष्टः परसैन्यध्रर्षणम् गन्धर्वनगराकारम् समुच्छ्रितपताकिनम् परमसम्पन्नैः हेममालिभिः वाजिभिः युक्तम् युद्धोपकरणैः पूर्णम् पताकाध्वजमालिनम् आकाशम् ग्रसन्तमिव वसुन्धराम् नादयन्तम् परसैन्यानाम् प्रणाशम् स्वसैन्यस्य प्रहर्षणम् रावणस्यरथम् क्षिप्रम् चोदयामास,"He was armed with chariots and a large army, with horsemen of war, seals of war, weapons of war, and weapons of war. He was dressed as a dragon, with a bow and arrow, and a bow and arrow, and a bow and arrow, and a bow and arrow, and a bow and arrow, and a bow and arrow, and a bow and arrow, and a bow and arrow, and a bow and arrow, and a bow and arrow, and a bow and arrow, and a bow and arrow, and a bow and a bow, and a bow and a bow, and a bow and a bow, and a bow and a bow, and a bow and a bow, and a bow and a bow, and a bow and arrow, and a bow and a bow and arrow, and a bow and a bow and arrow, and a bow and a bow, and a bow and a bow, and a bow and a bow, and a bow, and a bow and a bow, and a bow, and a bow and a bow, and a bow, and a bow and a bow, and a bow, and","The city of Zarephath was filled with weapons of war, weapons of war, and weapons of war. The city of Zarephath was filled with weapons of war, weapons of war, weapons of war, weapons of war, weapons of war, weapons of war, weapons of war, weapons of war, weapons of war, weapons of war, weapons of war, weapons of war, weapons of war, weapons of war, weapons of war, weapons of war, weapons of war, weapons of war, weapons of war, weapons of war, weapons of war, weapons of war, weapons of war, weapons of war, weapons of war, and weapons of war.",6.817704221278897
523,सुभ्रूः आयतताम्राक्षः साक्षाद्विष्णुरिव स्वयम् रामो लोकाभिरामोऽयं शौर्यवीर्यपराक्रमैः,लोकाभिराम: अयम् राम: सुभ्रू: आयतताम्राक्ष: शौर्यवीर्यपराक्रमै: साक्षात् स्वयम् विष्णु: इव,"The Romans themselves stood firm and courageously, bearing witness to the miraculous signs and wonders of the earth.",Lokabhiram: Ayim Ram: Subru: Ayitamarash: Brave and Brave Practitioner: Appointed by himself as Vishnu:,1.9146030690102513
524,सशरैरतिविद्धाङ्गोरुधिरेणसमुक्षितः शुशुभेलक्ष्मणःश्रीमान्विधूमइवपावकः,शरैः अतिविद्धाङ्गः रुधिरेण समुक्षितः श्रीमान् सःलक्ष्मणः विधूमः पावकःइव शुशुभे,"the flesh and the blood of the newborn, the newborn, the newborn, the newborn, the newborn, and the newborn.","Blessed are the poor and the widows, the rich and the poor, the rich and the bloodthirsty.",6.524019201223846
525,नीरुजोनिर्व्रणांश्चैवसम्पन्नबलपौरुषान् गोलाङ्गूलांस्तथैवर्क्षांन्द्रष्टुमिच्छामिमानद,मानद गोलाङ्गूलान् तथा वक्षांश्च नीरुजः निर्व्रणांश्चैव सम्पन्नबलपौरुषान् द्रष्टुम् इच्छामि,"And I saw in them a great multitude of strong men and men of great power, and men of great power, and men of great power, and men of great power, and men of great power, and men of great power, and men of great power, and men of great power, and men of great power, and men of great power, and men of great power, and men of great power, and men of great power, and men of great power, and men of great power, and men of great power, and men of great power, and men of great power, and men of great power, and men of great power, and men of great power, and men of great power, and men of great power, and men of great power.","I would like to see men who are rich, rich, and clothed in fine linen, blue and blue,",0.6709517209516929
526,क्रुद्धैस्सैरहमुत्प्लुतदृष्टमात्रःप्लवङ्गमैः गृहीतोऽस्म्यपिचारब्दोहन्तुंलोप्तुंचमुष्टिभि,दृष्टमात्रः अहम् क्रुद्धै तैःप्लवङ्गमैः उत्प्लुत्य गृहीतःअस्मि अपिच मुष्टिभिः हन्तुम् लोप्तुंच आरब्दः,In anger and rage I was exposed to the naked eye. They took us by surprise and beat us to the punch.,"When I saw them, I was furious, and I took them by the sword, and I began to kill them with fleas.",4.216495687351611
527,येनसूदयसेशत्रून् समरेसूर्यवर्चसा वज्रंवज्रधरस्येवसोऽयंतेसततार्चितः रणेबहुप्रहरणोहेमजापरिष्कृतः परिघोव्यवकीर्णस्तेबाणैश्चिन्नैःसहस्रधा,सूर्यवर्चसा येन समरे शत्रून् सूदयसे सः सततार्चितः रणे बहुप्रहरणः हेमजालपरिष्कृतः वज्रधरस्य वज्रम् इव ते अयं परिघः बाणैः सहस्रधा चिन्नः व्यवकीर्णः,"And they sat on the shore of the sea, like the hailstones of the sea; and there was a great multitude of them; and they were covered with thorns, and they were covered with thorns.","When the sun rises in the sea, and the sun rises in the sea, and the sea is full of darkness, and the clouds are full of clouds, and the clouds are like the hail of a hailstorm, and thousands of arrows are thrown at the edge of the sea.",5.535473428768277
528,दिवं तु तस्यां यातायां शबर्यां स्वेन तेजसालक्ष्मणेन सह भ्रात्रा चिन्तयामास राघवः,तस्याम् शबर्याम् स्वेन तेजसा दिवम् यातायाम् राघवः भ्रात्रा लक्ष्मणेन सह चिन्तयामास,"But when the day comes, he goes out with his own lampstand and cares for his brother.","When the sun came up, he and his brother, Laxma, had a great deal of trouble.",6.248174575604716
529,नान्योवक्रमपर्याप्तस्त्वमेषांपरमस्सखा त्वत्पराक्रमकालोऽयंनान्यंपश्यामिकथञ्चन,त्वम् एषाम् वक्रमपर्याप्तः परमः सखा अन्यः न अयम् त्वत्पराक्रमकालः अन्यम् कथञ्चन न पश्यामि,"""Enough is enough for you to say to them, 'This is the time for you to go on your journey.'","I don't see any other reason for you to do this, and I don't see any other reason for you to do this.",10.151883559964357
530,एवं ब्रुवाणौ काकुत्स्थौ त्वरमाणौ युयुत्सयासर्वे ते मुनय: प्रीता: प्रशशंसुर्नृपात्मजौ,काकुत्स्थौ एवम् ब्रुवाणौ युयुत्सया त्वरमाणौ नृपात्मजौ ते मुनय: सर्वे प्रीता: प्रशशंसु:,"Greet Priscilla and Eunice, and all of you. Greet them with love, kindness and kindness.","And I, Titus, and Eutychus, who is also a great man, and the king's son, give them their lives. All of you, dear friends, are commended.",3.0211703095671614
531,राज्ञःपादौगृहीत्वातुराज्ञातेप्रतिपूजिताः पीठेष्वन्येबृसीष्वन्येभूमौकेचिदुपाविशन्,ते: राज्ञः पादौ: गृहीत्वा: राज्ञा: प्रतिपूजिताः अन्येय: पीठेषु: अन्ये: बृसीषु: केचित् भूमौ: उपाविशन्,They came to the king's feet and worshiped him. They sat down on the floor with their faces covered with linen.,"Some were seated at the feet of kings, some at the feet of giants, some at the feet of thieves, some at the feet of thieves, some on the ground.",2.457715606083492
532,महौषध्यस्ततस्सर्वास्तस्मिन् पर्वतसत्तमे विज्ञायार्थिनमायान्तंततोजग्मुरदर्शनम्,ततः तस्मिन् पर्वतसत्तमे सर्वाः महौषध्यः अर्थिनम् आयान्तम् विज्ञाय ततः अदर्शनम् जग्मुः,The whole city was surrounded by mountains of great beauty and magnificence.,Then the crowd that was on the hill began to understand the meaning of the parable.,2.988662868962178
533,गोदावरीं जनस्थानमिमं प्रस्रवणं गिरिम् सर्वाण्यनुगमिष्यामि यदि सीता हि दृश्यते,गोदावरीम् जनस्थानम् इमम् प्रस्रवणं गिरिम् सर्वाणि अनुगमिष्यामि सीता यदि हि दृश्यते,"I'm going to go down to the warehouse and the public transportation center, and I'll be all right if I see Sita.",I'm going to go to the warehouse to get the delivery gear. I'm going to follow all of them if they see it.,15.634257461364356
534,अभित्वरे च तं द्रष्टुं सुग्रीवं वानरर्षभम् तदधीनं हि मे सौम्य सीतायाः परिमार्गणम्,सौम्य वानरर्षभम् तं सुग्रीवम् द्रष्टुम् अभित्वरे च सीतायाः परिमार्गणम् तदधीनम्,"But when I saw him and saw him, I turned to him gently and smoothly.",Then the gentle monkeys looked at him and turned to him.,11.203754340102181
535,विमृशंश्च न पश्यामि यो हते मयि वानरः शतयोजनविस्तीर्णं लङ्घयेत महोदधिम्,मयि हते यः वानरः शतयोजनविस्तीर्णम् महोदधिम् लङ्घयेत् विमृशन् च न पश्यामि,"But I did not find any needle or needle. The one who killed me tied the snake to me, a hundred cubits wide.","""I did not find the serpent lying on the ground for a hundred yards. He never died.",11.902001907030836
536,रथमास्थायविपुलंतप्तकाञ्चनभूषणम् मेघाभोमेघवर्णश्चमेघस्वनमहास्वनः राक्षसैःसम्वृतोघोरैस्तदानिर्यात्यकम्पनः,तदा मेघाभः मेघवर्णश्च मेघस्वनमहास्वनः अकम्पनः तप्तकाञ्चनभूषणम् विपुलम् रथम् आस्थाय घोरैः राक्षसैः सम्वृतः निर्याति,"The chariot was filled with many flowers, clouds, clouds, and clouds. The chariot was filled with monsters,","Then came the clouds, the clouds, and the clouds, and the clouds, and the clouds, and the clouds, and the clouds, and the clouds, and the clouds, and the clouds, and the clouds, and the clouds, and the clouds, and the clouds, and the clouds, and the clouds, and the clouds, and the clouds, and the clouds, and the clouds, and the clouds, and the clouds, and the clouds, and the clouds, and the clouds, and the clouds, and the clouds.",0.201843664452596
537,दृष्टा हीयं मया देवी लब्धं यदिह दुर्लभम्उत्तरं कर्म यच्छेषं निमित्तं तत्र राघवः,मया इयं देवी दृष्टा हि यत् दुर्लभम् इह लब्धम् उत्तरम् यत् कर्म शेषम् तत्र राघवः निमित्तम्,"I saw that I had found God, and I was afraid to go there to do anything unusual.","I saw this goddess, and it was rare to find this answer.",6.228496954013446
538,तेहयैःकाञ्चनापीडैर्ध्वश्चाग्निशिखोपमैः रथैश्चादित्यसङ्काशैःकवचैश्चमनोरमैः निर्ययूराक्षसव्याघ्रानादयन्तोदिशोदश राक्षसाभीमकर्माणोरावणस्यजयैषिणः,रावणस्य जयैषिणः राक्षसव्याघ्राः भीमकर्माणः तेराक्षसाः काञ्चनापीडैः हयैः अग्निशिखोपमैः ऊर्ध्वैः आदित्यसङ्काशैः रथैः मनोरमैः कवचैश्च दश दिशः नादयन्तः निर्ययुः,"They will be burned with coals of fire, flames of fire, chariots of fire, flames of fire, wild beasts, and wild beasts.","Ravan's Jaishis, the giants of the wild beast, the thirteen-thousandth of them, and the three-thousandth of them, and the three-thousandth of them, and the four-thousandth of them, and the four-thousandth of them, and the four-thousandth of them, and the four-thousandth of them, and the four-thousandth of them, and the four-thousandth of them, and the four-thousandth of them, and the four-thousandth of them, and the four-thousandth of them, and the four-thousandth of them.",0.5082103568155024
539,अनधीत्यचशास्त्राणिवृद्धाननुपसेव्यच नशक्यमीदृशंवक्तुंयदुवाचहरीश्वरः,हरीश्वरः यत् उवाचह: ईदृशम् वक्तुम् शास्त्राणि: अनधीत्य: वृद्दान् अनुपसेन्यच: नशक्यम्,He made it possible for us to put on a throne that is not to be worshipped by the aged.,"As it is written: ""Never again, never again, never again, never again, never again, never again, never again, never again, never again"".",1.2869672817466624
540,अल्पवीर्या यदा यक्षा श्श्रूयन्ते मुनिपुङ्गवकथन्नागसहस्रस्य धारयत्यबला बलम्,मुनिपुङ्गव यक्षा: अल्पवीर्या: यदा श्रूयन्ते अबला नागसहस्रस्य बलम् कथम् धारयति,"When they heard the sound of the trumpet, the mighty man stood still.","When they heard the voice of the serpent, who had the strength of a thousand,",18.399375779327514
541,तामदुःखोचितां दृष्ट्वा पतितां कदलीमिवरामस्तूत्थापयामास मातरं गतचेतसम्,अदुःखोचिताम् पतिताम् कदलीमिव गतचेतसम् तां मातरम् दृष्ट्वा रामः उत्थापयामास,"When she saw that she was grieving, she got up and went to her husband's bed.","When he saw her, he got up and walked away.",10.21619866588636
542,यथा च मन्ये दुर्जीवमेवं न सुकरं ध्रुवम् आच्छिद्य पुत्रे निर्याते कौसल्या यत्र जीवति,पुत्रे आच्छिद्य निर्याते कौसल्या यथा यत्र जीवति दुर्जीवम् मन्ये एवम् सुकरम् न ध्रुवम्,"Just as the heart is not a bad soul, so is the wisdom that keeps the son alive.",Don't be like the foolish man who teaches his son to be wise.,2.5197593442434796
543,तासां निद्रावशत्वाच्च मदनेन विमूर्छितम् पद्मिनीनां प्रसुप्तानां रूपमासीद्यथैव हि,निद्रावशत्वाच्च मदनेन च विमूर्छितम् प्रसुप्तानाम् तासाम् रूपम् प्रसुप्तानाम् पद्मिनीनाम् यथैव आसीत्,"They were asleep, and they were like sleeping pigeons, covered with mud.","And the likeness of the bed was like the likeness of a bed of mud, and the likeness of a bed of mud, and the likeness of a bed of mud, and the likeness of a bed of mud, and the likeness of a bed of mud, and the likeness of a bed of mud, and the likeness of a bed of mud, and the likeness of a bed of mud, and the likeness of a bed of mud, and the likeness of a bed of mud, and the likeness of a bed of mud.",0.01907510708102397
544,निद्राविशदनेत्रस्तुकलुषीकृतलोचनः चारयन् सर्वतोदृष्टिंतान् ददर्शनिशाचरान्,निद्राविशदनेत्रस्तु कलुषीकृतलोचनः सर्वतः दृष्टिम् चारयन् तान् निशाचरान् ददर्श,"For about ten days he was sleeping in a coma, and all eyes were on him.","They were asleep for the first half of the day, and a cloud of sleep enveloped them, and they found them sleeping.",3.831685453817444
545,सर्वे सुकृतकर्माण स्सर्वे रतिपरायणाःसर्वे कामार्थसहिता वसन्ति सहयोषितः,सर्वे सुकृतकर्माणः सर्वे रतिपरायणाः सर्वे कामार्थसहिताः सहयोषितः वसन्ति,"who have done good, who have devoted themselves to God, who have lived by the law of good.","to share in every good work, every night's service, every day's help.",2.7156804039319287
546,धर्ममर्थं च कामं च यस्तु काले निषेवते विभज्य सततं वीर स्स राजा हरिसत्तम,वीर: हरिसत्तम यः धर्मम् अर्थं च कामं च काले विभज्य निषेवते सः राजा,"The kingdom of righteousness and righteousness, the kingdom of darkness, the kingdom of strength, the kingdom of strength, the kingdom of strength, the kingdom of strength, the kingdom of strength, the kingdom of strength, the kingdom of strength, the kingdom of strength, the kingdom of strength, the kingdom of strength, the kingdom of strength, the kingdom of strength, the kingdom of strength, the kingdom of strength, the kingdom of strength, the kingdom of strength, the kingdom of strength, the kingdom of strength.",Brave: The greenest is the king who forbids the separation of justice and meaning and works.,0.5506220944613116
547,रक्ष्यतां नगरद्वारमङ्गदश्चाभिषिच्यताम्पदस्थं वालिनः पुत्रं भजिष्यन्ति प्लवङ्गमाः,नगरद्वारम् रक्ष्यताम् अङ्गदश्च अभिषिच्यताम् पदस्थम् वालिनः पुत्रम् प्लवङ्गमाः भजिष्यन्ति,"""Look out! On the gates of the city and at the gates of the city, wolves will roam the streets.","And the watchmen at the gates, and the watchmen at the gates, and the watchmen at the gates, and the sons of men, shall eat the dunghill.",6.5676202862532715
548,ततो रामं स्थितं दृष्ट्वा लक्ष्मणं च महाबलम्सुग्रीवस्सर्वतश्चक्षुर्वने लोलमपातयत्,ततः सुग्रीवः स्थितम् रामम् महाबलम् लक्ष्मणं च दृष्ट्वा लोलम् चक्षुः वने सर्वतः अपातयत्,"When he saw her standing there, he fell down with his hands full of gold, silver, and gold.","When he saw Ram standing at the top of the hill, he looked down into the woods.",9.364337313929381
549,तच्चातिकायंहिमहत्प्रकाशंरक्षस्तदातोयनिधौपपात ग्राहान्परान् मीनवरान्भुजङ्गान् ममर्दभूमिच तदाविवेश,तदा अतिकायम् महत्प्रकाशम् तत् रक्षः तोयनिधौ पपात परान् ग्राहान् मीनवरान् भुजङ्गमान् ममर्द तथा भूमिम् विवेश,"And I will give them a great light, and they will fall down, and they will rise up, and they will rise up, and they will rise up, and they will rise up, and they will rise up, and they will rise up, and they will rise up, and they will rise up, and they will rise up, and they will rise up, and they will rise up, and they will rise up, and they will rise up, and they will rise up, and they will rise up, and they will rise up, and they will say,","Then a great light shone on them, and they fell. The clouds shook, the trees trembled, and the seeds fell on the ground.",2.3225106811908174
550,संवेष्ट्यमाने लाङ्गूले व्यवर्धत महाकपिःशुष्कमिन्धनमासाद्य वनेष्विव हुताशनः,लाङ्गूले संवेष्ट्यमाने महाकपिः वनेषु शुष्कम् इन्धनम् आसाद्य हुताशनः इव व्यवर्धत,"The tongue of the man grew sharply, and the mouth of the man grew sharply, and the mouth of the man grew sharply, and the mouth of the man grew sharply, and the mouth of the man grew sharply, and the mouth of the man grew sharply, and the mouth of the man grew sharply, and the mouth of the man grew sharply, and the mouth of the man grew sharply, and the mouth of the man grew sharply, and the mouth of the man grew sharply.","And it came to pass, when the tongue was kindled, that a great storm was poured out upon the forest, like the dew of a scorching furnace.",0.6346254316315979
551,तत् प्रतिश्रुत्य धर्मेण न चेद्दास्यसि मे वरम्अद्यैव हि प्रहास्यामि जीवितं त्वद्विमानिता,तत् प्रतिश्रुत्य मे वरम् धर्मेण न दास्यसि चेत् त्वद्विमानिता अद्यैव जीवितम् प्रहास्यामि हि,"I heard you say this, and now I am laughing at you, because you are still alive.","""But if you do not turn your back on me, I will kill you today.",2.8629993657668873
552,भक्त्या विवदमानेषु मार्गमाश्रित्य पश्यतःतस्य पापेन युज्येत यस्यार्योऽनुमते गतः,आर्यः यस्य अनुमते गतः भक्त्या विवदमानेषु मार्गम् आश्रित्य पश्यतः तस्य पापेन युज्येत,For he who walks in the way of the ungodly is found to have sinned and to have gone astray.,For a man who has lost his faith and has gone astray from the way of the ungodly is guilty of sin.,25.319096689413094
553,ततःपशचात्सुमहतीपृतनर् क्षवनौकसाम् प्रच्छाद्यमहतींभूमिमनुयातिस्मराघवम्,ततः ऋक्षवनौकसाम् महती पृतना महतीम् भूमिम् प्रच्छाद्य राघवम् अनुयातिस्म पशचात्सु,"Then the angel poured out his bowl of water on the ground, and the man fell to the ground.","Then a large field of figs fell on the ground, and the ravens followed him.",25.422541413895555
554,लक्षितेयं मया सीता तथा शोकपरायणागृह्य यां नाभिजानासि पञ्चास्यामिव पन्नगीम्,तथा शोकपरायणा इयं सीता मया लक्षिता पञ्चास्याम् पन्नगीमिव याम् गृह्य नाभिजानासि,"I have come to visit you, and I have come to visit you, and I have come to visit you, and I have come to visit you, and I have gone to the house of mourning, and I have gone to the house of mourning.",And I mourned and lamented that I would not take this woman to my house.,1.1181458201080077
555,वृत्ता यात्रा नरेन्द्राणां सेना प्रतिनिवर्ततेवैराणि चैव मार्गाश्च सलिलेन समीकृताः,नरेन्द्राणाम् यात्रा वृत्ता सेना प्रतिनिवर्तते सलिलेन वैराणि चैव मार्गाश्च समीकृताः,"The eagles represent the army of the eagles, and the roads and paths are aligned with Saul.","Narendra's expedition represented the army, the strong warriors, and the paths agreed.",10.657284485555579
556,नैव देवा महात्मानो नात्र कार्या विचारणाशरा रामेण तूत्सृष्टा रुक्मपुङ्खाः पतत्रिणः सर्पाः पञ्चानना भूत्वा भक्षयन्ति स्म राक्षसान्,महात्मानः देवाः नैव अत्र विचारणा न कार्यम् रामेण उत्सृष्टा रुक्मपुङ्खाः पतत्रिणः शराः पञ्चाननाः सर्पाः भूत्वा राक्षसान् भक्षयन्ति स्म,The ark was filled with the wonders of God's mighty work. The ark was destroyed by the rainstorms of the Serpents.,"But the great God did not think about it. He made a ram and ate it. It was full of vipers, three bears, five snakes, and was devoured by the devil.",2.533943256200685
557,तस्मै दत्तं नृपतिना यौवराज्यं सनातनम्स प्रसाद्यस्त्वया सीते नृपतिश्च विशेषतः,नृपतिना तस्मै सनातनम् यौवराज्यम् दत्तम् सीते सः त्वया प्रसाद्यः नृपतिश्च विशेषतः,"He was given the kingdom of the young and the kingdom of Jonathan, and the kingdom of Seth and the kingdom of Judah.","And the king gave him the kingdom of eternity, and the king gave him the kingdom of eternity.",13.437960396900039
558,तत: करुणवेदित्वादधर्मोऽयमिति द्विज: निशाम्य रुदतीं क्रौञ्चीमिदं वचनमब्रवीत्,तत: द्विज: रुदतीम् क्रौञ्चीम् निशाम्य करुणवेदित्वात् अयम् अधर्म: इति इदम् वचनम् अब्रवीत्,"""Righteousness is justice, "" he said. He wept bitterly,","""A crying and a mourning, "" he said"". This is a sin"".",15.140724688504042
559,इक्ष्वाकूणां हि सर्वेषां राजा भवति पूर्वजःपूर्वजे नापरः पुत्रो ज्येष्ठो राज्येऽभिषिच्यते,सर्वेषाम् इक्ष्वाकूणाम् पूर्वजः राजा भवति पूर्वजे अपरः न ज्येष्ठः पुत्रः राज्ये अभिषिच्यते,Isaac will be king over all. The firstborn will reign. The firstborn will reign.,"""The father of all kings is the king, and no one except the eldest son receives the kingdom.",2.556148129635941
560,अनिर्वेदः श्रियो मूलमनिर्वेदः परं सुखम्अनिर्वेदो हि सततं सर्वार्थेषु प्रवर्तकः,अनिर्वेदः श्रियः मूलम् अनिर्वेदः परम् सुखम् अनिर्वेदः सततम् सर्वार्थेषु प्रवर्तकः हि,"It is not a sin, it is a sin, it is a sin, it is a sin, it is a sin, it is a sin, it is a sin, it is a sin, it is a sin, it is a sin, it is a sin, it is a sin, it is a sin, it is a sin, it is a sin, it is a sin, it is a sin, it is a sin, it is a sin, it is a sin, it is a sin, it is a sin, it is a sin, it is a sin, it is a sin, it is a sin, it is a sin, it is a sin, it is a sin, it is a sin, it is a sin, it is a sin, it is a sin, it is a sin, it is a sin, it is a sin, it is a sin, it is a sin, it is a sin, it is a sin.",Anirveda is the source of work Anirveda is the source of happiness Anirveda is the source of all things,0.2332379632258635
561,सत्रिभिर्नैरृतश्रेष्ठैर्युगतपत्समभिद्रुतः न विव्यथेमहातेजावालिपुत्रःप्रतापवान्,त्रिभिः नैरृतश्रेष्ठैः युगपत् अभिद्रुतः महातेजाः प्रतापवान् सः वालिपुत्रः न विव्यथे,"""After he had risen from the dead, the son of the bridegroom was glorified.","Three of the most despised men of old and old. The mother-in-law was glorified, and she did not marry her son.",4.928733348869875
562,काश्यपः प्रतिजग्राह तासामष्टौ सुमध्यमाःअदितिं च दितिं चैव दनुमप्यथ कालिकाम् ताम्रां क्रोधवशां चैव मनुं चाप्यनलामपि,काश्यपः तासाम् अदितिं च दितिं चैव दनुमपि अथ कालिकाम् ताम्राम् क्रोधवशां चैव मनुं च अनलामपि अष्टौ सुमध्यमाः प्रतिजग्राह,"and the sun shines and the moon shines, and the sun shines and the moon shines, and the sun shines and the moon shines, and the sun shines and the moon shines, and the sun shines and the moon shines.","Let us give thanks for this hour, and for this day, and for this hour, and for the hour of your wrath, and for the hour of your wrath, and for the hour of your wrath, and for the hour of your wrath, and for the hour of your wrath, and for the hour of your wrath, and for the hour of your wrath, and for the hour of your wrath.",1.8609819121573563
563,एतद्वचस्तस्य निशम्य मातासुधर्म्यमव्यग्रमविक्लबं चमृतेव संज्ञां प्रतिलभ्य देवी समीक्ष्य रामं पुनरित्युवाच,माता देवी तस्य सुधर्म्यम् अव्यग्रम् अविक्लबं च एतत् वचः निशम्य मृतेव संज्ञाम् प्रतिलभ्य रामम् समीक्ष्य पुनः इति उवाच,"When he heard this, he was moved back to God, because his mother was afraid of him and was afraid of him.","The mother of God said to her, ""Go back to Ram, and he will die"".",4.504556737153658
564,ज्ञायतां मम वैदेही यदि जीवति वा न वास च देशो महाप्राज्ञ यस्मिन्वसति रावणः,महाप्राज्ञ मम वैदेही जीवति वा न वा रावणः यस्मिन् वसति सः देशः च ज्ञायताम्,"For you know that whether he is alive or not, there is a great prophet in the land.","""We knew that the high priest lived outside our country and that Ravana lived there.",2.707657626755448
565,ततस्सुरगणैस्सार्धमुपागम्य पितामह:भगीरथं महात्मानं तप्यमानमथाब्रवीत्,तत: पितामह: सुरगणै: उपागम्य अथ तप्यमानम् महात्मानम् भगीरथम् अब्रवीत्,"When the pigs arrived, the father said to him, ""The Spirit of the Lord is on the way"".","'Father,' he replied, 'this son has come, and he has brought it into the great cave.",2.328734903585348
566,कृते च प्रतिकर्तव्यमेष धर्मः सनातनःसोऽयं त्वत्प्रतिकारार्थी त्वत्तः सम्मानमर्हति,कृते प्रतिकर्तव्यम् एषः सनातनः धर्मः तत्प्रतिकारार्थी सः अयम् त्वत्तः सम्मानम् अर्हति,You will be rewarded for your work and for your obedience to God's law. You will be honored by your enemies.,He is worthy of all the respect given to him who opposes the sacred religion.,1.9582248325011242
567,त्वयापि खलु तत्कार्यं तयोश्चनृपपुत्रयोःब्राह्मणानां सुराणां च मुनीनां वासवस्य च,त्वया अपि खलु तत् कार्यं तयो: च नृपपुत्रयोः ब्राह्मणानां सुराणां च मुनीनां वासवस्यच,"You also ate them and their offspring, the pigs and the goats.","You will also do the same thing. You will feed the princes, the brethren, the pigs, and the goats.",13.403300919489984
568,न चेयं मम काकुत्स्थ व्रीडा भवितुमर्हतित्वया त्रैलोक्यनाथेन यदहं विमुखीकृत:,काकुत्स्थ त्रैलोक्यनाथेन त्वया अहम् यत् विमुखीकृत: इयम् मे व्रीडा भवितुम् न अर्हति,"Not to be a burden to me, but to make my appeal to you.","As I have told you before, there is no need for a fight in this place.",3.0521968279991727
569,वानरेन्द्रो महावीर्यस्तेजोवानमितप्रभःसत्यसन्धो विनीतश्च धृतिमान्मतिमान्महान्,वानरेन्द्रः महावीर्यः तेजोवान् अमितप्रभः सत्यसन्धः विनीतः धृतिमान् मतिमान् महान्,"The serpent, the mighty one, the bright one, the true one, the wise one,","The serpent was mighty and mighty, and mighty and mighty, and mighty, and mighty, and mighty, and mighty, and mighty, and mighty, and mighty.",2.74059453348224
570,कुलीनमकुलीनं वा वीरं पुरुषमानिनम्चारित्रमेव व्याख्याति शुचिं वा यदि वाऽशुचिम्,कुलीनम् अकुलीनं वा वीरम् पुरुषमानिनम् शुचिं वा यदि वा अशुचिं चारित्रमेव व्याख्याति,A man of noble character or a man of valour should be able to speak of his own conduct.,The man who is clean and the man who is not clean and the man who is not clean and the man who is not clean and the man who is not clean and the man who is not clean and the man who is not clean and the man who is not clean and the man who is not clean and the man who is not clean and the man who is not clean,0.14555476398920592
571,इति ब्रुवन्तं राजानमनयन् द्वारदर्शिनःकौशल्याया गृहं तत्र न्यवेश्यत विनीतवत्,इति ब्रुवन्तम् राजानम् द्वारदर्शिनः कौशल्यायाः गृहम् अनयन् तत्र विनीतवत् न्यवेश्यत,The next morning the king's courtiers invited Caesarea's household into the palace.,The guards brought him to the house of the wise man and put him there in peace.,2.9737492414477473
572,इत्युक्ता हृष्टमनसो राजपुत्रा महाबला:जग्मुर्महीतलं राम पितुर्वचनयन्त्रिता:,राम इति उक्ता: महाबला: राजपुत्रा: हृष्टमनस: पितु: वचनयन्त्रिता: महीतलम् जग्मु:,"These are the words of Hath-manso, the king's son, the great ruler:","And he said, The king's son, and the king's son, and the king's son, and the king's son, and the king's son, and the king's son, and the king's son, and the king's son, and the king's son, and the king's son, and the king's son, and the king's son, and the king's son, and the king's son, and the king's son, and the king's son, and the king's son,",0.14568333362823507
573,उत्पन्नातु कथं बुद्धिस्तवेयं पापदर्शिनिसाधुचारित्रविभ्रष्टे पूर्वेषां नो विगर्हिता,पापदर्शिनि साधुचरित्रविभ्रष्टे नः पूर्वेषाम् विगर्हिता इयं बुद्धि: तव कथम् उत्पन्ना,"Rise up and learn how to live wisely, to live in harmony with your sinful ways, to live in harmony with your sinful ways, to live in harmony with your sinful ways, to live in harmony with your sinful ways, to live in harmony with your sinful ways, to live in harmony with your sinful ways, to live in harmony with your sinful ways, to live in harmony with your sinful ways, to live in harmony with your sinful ways, to live in harmony with your sinful ways, to live in harmony with your sinful ways, to live in harmony with your sinful ways, to live in harmony with your sinful ways, and to live in harmony with your sinful ways.","This wisdom comes from what you have seen and heard, from what you have seen and heard, from what you have seen and heard, from what you have seen and heard, from what you have seen and heard, from what you have seen and heard, from what you have seen and heard, from what you have seen and heard, from what you have seen and heard, from what you have seen and heard.",0.4892637492015556
574,रुधिरक्लिन्नगात्रस्तुलक्ष्मणःशुभलक्षणः बभूवहृष्टस्तंहत्वाशक्रजेतारमाहवे,रुधिरक्लिन्नगात्रः शुभलक्षणः लक्ष्मणः आहवे तम् शक्रजेतारम् हत्वा हृष्टः बभूव,"blood-stained streams, streams of water, rain, rain, rain, rain, rain, rain, rain, rain, rain, rain, rain, rain, rain, rain, rain, rain, rain, rain, rain, rain, rain, rain, rain, rain, rain, rain, rain, rain, rain, rain, rain, rain, rain, rain, rain, rain, rain, rain, rain, rain, rain, rain, rain, rain, rain, rain, rain, rain, rain, rain, rain, rain, rain, rain, rain, rain, rain, or no more.","A city full of blood called Lakshman, and the dragon struck him and killed him.",0.3767785410378921
575,अलक्तरसरक्ताभावलक्तरसवर्जितौअद्यापि चरणौ तस्याः पद्मकोशसमप्रभौ,अलक्तरसक्ताभौ अलक्तरसवर्जितौ तस्याः चरणौ अद्यापि पद्मकोशसमप्रभौ,"His blood is shed in his blood, and his feet are covered with blood.","Her feet are covered with blood, and her feet are still covered with blood.",38.35193624233827
576,लिप्ता चन्दनसारेण राजवस्त्राणि बिभ्रतीविविधं विविधै स्तैस्तैर्भूषणैश्च विभूषिता,चन्दनसारेण लिप्ता राजवस्त्राणि बिभ्रती विविधैः तैस्तैः भूषणैश्च विविधम् विभूषिता,She was decorated with fine linen and fine linen and fine jewelry of all kinds.,They wore royal robes made of fine linen and various decorations.,10.343603005129705
577,प्रतिबुद्धो मुहूर्तेन शोकोपहतचेतनःअथ राजा दशरथस्सचिन्तामभ्यपद्यत,अथ सः राजा मूहूर्तेन प्रतिबुद्धः शोकोपहतचेतनः चिन्ताम् अभ्यपद्यत,"The wise men were seized with grief, and the king was troubled.","When he heard this, he was deeply troubled and troubled.",7.141816289329644
578,तं तु तारा परिष्वज्य स्नेहाद्दर्शितसौहृदाःउवाच त्रस्तसम्भ्रान्ता हितोदर्कमिदं वचः,तारा तम् स्नेहात् परिष्वज्य दर्शितसौहृदाः त्रस्तसम्भ्रान्ता हितोदर्कम् इदं वचः उवाच,"When the stars appeared to him, he said to them, ""Woe to you who are troubled and troubled!","The stars stared at him with admiration, and his eyes were filled with wonder.",2.4426633221059637
579,युद्धेविक्रमतश्चैवहितंमन्त्रयतस्तथा सुग्रीवस्यससैन्यस्यसफलोऽद्यपरिश्रमः,युद्धे विक्रमतः तथा हितम् मन्त्रयतः ससैन्यस्य सुग्रीवस्य परिश्रमः अद्य सफलः,"You have been called to serve in battle, and you have been called to serve in battle, and you have been called to serve as a good soldier.","A soldier's hard work has been successful, not only in battle but also in good intentions.",3.2808945250121395
580,वित्रस्तका दीनमुखा रुरुदुर्मृगपोतकाः उद्वीक्ष्योद्वीक्ष्य नयनैरस्रपाताविलेक्षणाः,मृगपोतकाः वित्रस्तकाः दीनमुखाः अस्रपाताविलेक्षणाः नयनैः उद्वीक्ष्योद्वीक्ष्य रुरुदुः,"The sailors of the sea, the sailors of the sea, the sailors of the sea, the sailors of the sea, the sailors of the sea, the sailors of the sea, the sailors of the sea, the sailors of the sea, the sailors of the sea, the sailors of the sea, the sailors of the sea, the sailors of the sea, the sailors of the sea, the sailors of the sea, the sailors of the sea, the sailors of the sea, the sailors of the sea, the sailors of the sea, the sailors of the sea, the sailors of the sea, the sailors of the sea, the sailors of the sea, the sailors of the sea, the sailors of the sea, the sailors of the sea.","the sailors, the unemployed, the unemployed, the unemployed, the unemployed, the unemployed, the unemployed,",1.2817717146691905
581,सुखंस्वपितिनिश्चिन्तःकालोपहतचेतनः नवषट् सप्तचाष्टौचमासान् स्वपितिराक्षसः,राक्षसः कालोपहतचेतनः निश्चिन्तः नव सप्त षट् अष्टौ च मासान् सुखम् स्वपिति,"He was very happy with his father, and he was in darkness. His body was cremated and his ashes were scattered over the earth for sixty-seven months.","The dragon was put under darkness, and his mind was shut, and he was put to rest for nine months, seven months, and six months.",11.622111816655837
582,स धनुर्धन्विनांश्रेष्ठःप्रगृह्यसुसमाहितः मुमोचाशीविषप्रख्यान्शरान्देहविदारणान्,धन्विनाम् श्रेष्ठः सः धनुः प्रगृह्य सुसमाहितः आशीविषप्रख्यान् देहविदारणान् शरान् मुमोच,He went into the sixth house with a bow and arrows.,"Blessed is he who brings forth the arrows of glad tidings, and brings forth blessings and curses.",2.6725598912586856
583,तांदृष्टवाचारुसर्वाङ्गींरामस्यमहिषींप्रियाम् अब्रवीत्पुरुषंवाक्यंक्रोधाद्रक्षोधिपात्मजम्,चारुसर्वाङ्गीम् रामस्य प्रियाम् महिषीम् ताम् दृष्टवा क्रोधात् रक्षोधिपात्मजम् परुषम् वाक्यम् अब्रवीत्,"I am a woman of speech, a woman of understanding, a woman of love, a woman of understanding, a woman of understanding, a woman of understanding, a woman of understanding, a woman of understanding, a woman of understanding, a woman of understanding, a woman of understanding, a woman of understanding, a woman of understanding, a woman of understanding, a woman of understanding, a woman of understanding, a woman of understanding, a woman of understanding, a woman of understanding, a woman of understanding, a woman of understanding, a woman of understanding, a woman of understanding, a woman of understanding, a woman of understanding, a woman of understanding, a woman of understanding, a woman of understanding, a woman of understanding, a woman of understanding.","When the captain of the garrison saw the woman she loved, he was furious.",0.33223508144316966
584,नाथं पतगलोकस्य चितामारोप्य राघव इमं धक्ष्यामि सौमित्रे हतं रौद्रेण रक्षसा,राघव सौमित्रे रौद्रेण रक्षसा हतम् इमम् पतगलोकस्य नाथम् चिताम् आरोप्य धक्ष्यामि,"""Get out of here, get out of here, get out of here, get out of here, get out of here, get out of here, get out of here, get out of here, get out of here, get out of here, get out of here, get out of here, get out of here, get out of here, get out of here, get out of here, get out of here, get out of here, get out of here, get out of here, get out of here"".","I killed the rider who was guarding the wheels, and threw him down to the bottom of the sea.",0.4410697260161533
585,गम्यतां वत्स सौमित्रे भवानपि च गच्छतुआगन्तव्यं च ते दृष्ट्वा पुनरेवाश्रमं मम,वत्स गम्यताम् सौमित्रे भवानपि च गच्छतु दृष्ट्वा पुनरेव आश्रमं मम ते आगन्तव्यम्,"Even if he had gone for a year and a half, he would have come and found them, and he would have come back to me.","Even if they have lost a year and a half, they will come back to me.",30.44918933465557
586,आराधयिष्याम्यत्राहमगस्त्यं तं महामुनिम् शेषं च वनवासस्य सौम्य वत्स्याम्यहं प्रभो,प्रभो अहम् अत्र तम् महामुनिम् अगस्त्यम् आराधयिष्यामि वनवासस्य शेषम् सौम्य अहम् वत्स्यामि,"""I am the Lord, and I am the Lord, and I am the Lord, and I am the Lord, and I am the Lord, and I am the Lord, and I am the Lord, and I am the Lord, and I am the Lord, and I am the Lord, and I am the Lord, and I am the Lord, and I am the Lord, and I am the Lord, and I am the Lord, and I am the Lord, and I am the Lord, and I am the Lord, and I am the Lord"".","I will worship the Lord with great reverence, and I will sing praises to the remnant of the forest.",1.6889183436075785
587,सतांश्रुत्वाविशालाक्षी: प्रवृत्तिंराक्षसाधिपः एषमन्त्रयतेसर्वैस्सचिवैस्सहरावणः,विशालाक्षी राक्षसाधिपः सःएषः रावणः ताम् प्रवृत्तिम् श्रुत्वा सचिवैःसह मन्त्रयते,"And he said to them, ""Let us go, we will go, we will go, we will go, we will go, we will go, we will go, we will go, we will go, we will go, we will go, we will go, we will go, we will go, we will go, we will go, we will go, we will go, we will go, we will go, we will go, we will go, we will go, we will go, we will go, we will go, we will go, we will go, we will go, we will go, we will go, we will go, we will go, we will go, we will go, we will go"".","When the ruler heard about this, he went to the secretary and consulted with him.",0.33223508144316966
588,ततस्तन्नगरद्वारं वेगेनाप्लुतवानहम्पुच्छेन च प्रदीप्तेन तां पुरीं साट्टगोपुराम् दहाम्यहमसंभ्रान्तो युगान्ताग्निरिव प्रजाः,ततः अहम् वेगेन तत् नगरद्वारम् आप्लुतवान् अहम् असंभ्रान्तः युगान्ताग्निः प्रजाः इव साट्टप्राकारगोपुराम् तां पुरीम् प्रदीप्तेन पुच्चेन दहामि,"and the city gates and its lanterns, and the tenth column, and the tenth column, and the tenth column, and the tenth column, and the tenth column, and the tenth column, and the tenth column, and the tenth column, and the tenth column, and the tenth column, and the tenth column, and the tenth column, and the tenth column, and the tenth column, and the tenth column, and the tenth column, and the tenth column, and the tenth column, and the tenth column, and the tenth column, and the tenth column.",Then I knocked on the city gates. I was like a burning fiery furnace that shines brightly.,1.2684167408442948
589,ब्रह्मणा च समागम्य तत्र तस्थौ समाहित: तमब्रुवन्सुरास्सर्वे समभिष्टूय सन्नता:,ब्रह्मणा समागम्य तत्र समाहित: तस्थौ सुरा: सर्वे सन्नता: तम् समभिष्टूय अब्रुवन्,"When the brothers and sisters got together, they were joined by Tabruvanus and Saul, who were all gathered together.","When he came to Brahmana, he was joined by a group of men.",4.343737891358309
590,ऐलाधाने नदीं तीर्त्वा प्राप्य चापरपर्पटान् शिलामकुर्वतीं तीर्त्वा आग्नेयं शल्यकर्षणम् सत्यसन्धश्शुचिश्श्रीमान्प्रेक्षमाण श्शिलावहाम् अत्ययात्स महाशैलान्वनं चैत्ररथं प्रति,सत्यसन्ध: शुचिः श्रीमान् सः ऐलाधाने नदीम् तीर्त्वा अपरपर्पटान् प्राप्य च शिलाम् अकुर्वतीम् तीर्त्वा आग्नेयम् शल्यकर्षणम् शिलावहाम् प्रेक्षमाणः चैत्ररथं वनं प्रति महाशैलान् अत्ययात्,"When they got to the river, the shepherds pulled up the stakes and rolled them away. They saw the fire, the fire, and the flames of the fire. There was a great thunderstorm and a great noise.","The truth is this: A clean man went up to the well of Siloam, where he dug the water, and found it dry, and he dug the stone, and set it on fire, and set it on fire.",5.385055353719994
591,विकर्षन्नूर्मिजालानि बृहन्ति लवणाम्भसिपुप्लुवे कपिशार्दूलो विकिरन्निव रोदसी,कपिशार्दूलः लवणाम्भसि बृहन्ति ऊर्मिजालानि विकर्षन् रोदसी अन्तरिक्ष विकिरन्निव पुप्लुवे,"They are like large webs of twigs and thorns. Some of them run wild, some of them run wild.","And some of them will be like worms in their brow. They will spread out the great webs of fire. They will roar through the skies, and the wind will blow them out of the sky.",4.529710128926761
592,सतोयाम्बुदसङ्काशंकाञ्चनाङ्गदभूषणम् दृष्टवापुनःप्रदुद्रवावानराणांमहाचमूः,सतोयाम्बुदसङ्काशम् काञ्चनाङ्गदभूषणम् दृष्टवा वानराणाम् महाचमूः पुनः प्रदुद्राव,"He looked at the poor man's clothes, his clothes, and his clothes. He looked at the rich man's clothes, his clothes, his clothes, his clothes, his clothes, his clothes, his clothes, his clothes, his clothes, his clothes, his clothes, his clothes, his clothes, his clothes, his clothes, his clothes, his clothes, his clothes, his clothes, his clothes, his clothes, his clothes, his clothes, his clothes, his clothes, his clothes, his clothes, his clothes, his clothes, his clothes, his clothes, his clothes, his clothes, his clothes, his clothes, his clothes, his clothes, his clothes, his clothes, his clothes, his clothes, his clothes, his clothes, his clothes, his clothes.","When he saw that she was wearing glasses of gold and silver, he fell asleep again.",0.3031366596887116
593,यद्व्यलीकं कृतं पुत्र मात्रा ते यदि वा मयान तन्मनसि कर्तव्यं त्वया तात तपस्विना,पुत्र ते मात्रा यदिवा मया यत् व्यलीकम् कृतम् तात तपस्विना त्वया तत् मनसि न कर्तव्यम्,"But if you have done anything to me like this, do it to me.","My son, if you do not remember my sins, do not be afraid of them.",6.454610432581535
594,तद्वियोगेन्धनवतातच्चिन्ताविपुलार्चिषा रात्रिंदिवंशरीरंमेदह्यतेमदनाग्निना,तद्वियोगेन्धनवता: तच्चिन्ता: विपुलार्चिषा: मदनाग्निना: मे: शरीरम्: रात्रिंदिवम्: दह्यते:,"They will burn their bodies day and night, burning their coals and burning their coals.",and the fire of the fire of the fire of the fire of the fire of the fire of the fire of the fire of the fire of the fire of the fire of the fire of the fire of the fire of the fire of the fire of the fire of the fire of the fire of the fire of the fire of the fire of the fire of the fire of the fire of the fire of the fire of the fire of the fire of the fire of the fire of the fire of the fire of the fire of the fire of the fire of the fire of the fire of the fire of the fire of the fire of the fire of the fire of the fire of the fire of the fire of the fire of the fire of the fire of the fire of the fire of the fire of the fire of the fire of the fire of the night.,0.0003939441608163811
595,सीताहरणजं दुःखं न मे सौम्य तथाविधम् यथा विनाशे गृध्रस्य मत्कृते च परन्तप,परन्तप सौम्य गृध्रस्य विनाशे मत्कृते च यथा सीताहरणजम् दुःखम् तथाविधम् न,"They will not mourn, they will not grieve, they will not be ashamed, they will not be ashamed, they will not be ashamed, they will not be ashamed, they will not be ashamed, they will not be ashamed, they will not be ashamed, they will not be ashamed, they will not be ashamed, they will not be ashamed, they will not be ashamed, and they will not be ashamed.",But he will not be like a thief who is weeping and gnashing of teeth.,1.8349564586975993
596,ब्रुवतश्चाङ्गदस्यैवं श्रुत्वा वचनमव्ययम्प्रहृष्टमनसो वाक्यमिदमूचुर्वनौकसः,एवम् ब्रुवतः अङ्गदस्य अव्ययम् वचनम् श्रुत्वा वनौकसः प्रहृष्टमनः इदम् ऊचुः,"When he heard the sound of the trumpet, he was deeply moved.","When they heard the voice of a cripple, they shouted loudly.",7.474875887495341
597,ये च राज्ञो ददौ दिव्ये महात्मा वरुण स्स्वयम्जनकस्य महायज्ञे धनुषी रौद्रदर्शने अभेद्यकवचे दिव्ये तूणी चाक्षयसायकौआदित्यविमलौ चोभौ खड्गौ हेमपरिष्कृतौ सत्कृत्य निहितं सर्वमेतदाचार्यसद्मनिसर्वमायुधमादाय क्षिप्रमाव्रज लक्ष्मण,लक्ष्मण महात्मा वरुणः स्वयम् राज्ञः जनकस्य महायज्ञे दिव्ये रौद्रदर्शने ये धनुषी दिव्ये अभेद्यकवचे अक्षयसायकौ तूणी च हेमपरिष्कृतौ आदित्यविमलौ उभौ खड्गौ ददौ एतत् सर्वम् सत्कृत्य आचार्य सद्मनि निहितम् सर्वम् आयुधम् आदाय क्षिप्रं आव्रज,"who have set their feet on the feet of kings, who have set their feet on the feet of mighty men, who have set their feet on the feet of mighty men, who have set their feet on the feet of mighty men, who have set their feet on the feet of mighty men, who have set their feet on the feet of mighty men, who have set their feet on the feet of mighty men, who have set their feet on the feet of mighty men, who have set their feet on the feet of mighty men, who have set their feet on the feet of mighty men, who have set their feet on the feet of mighty men, who have set their feet on the feet of mighty men, who have set their feet on the feet of mighty men, who have set their feet on the feet of good men, who have done what is right, who have done what is right, who have done what is right, and have done what is right, and have done what is right.","and to the king himself, and to the king himself, and to the mighty man, and to the wise man, and to the wise man, and to the wise man, and to the wise man, and to the wise man, and to the wise man, and to the wise man, and to the wise man, and to the wise man, and to the wise man, and to the wise man, and to the wise man, and to the wise man, and to the wise man, and to the wise man, and to the wise man, and to the wise man, and to the wise man, and to the wise man,",0.8578164860421668
598,अनिद्रस्सततं रामस्सुप्तोऽपि च नरोत्तमःसीतेति मधुरां वाणीं व्याहरन्प्रतिबुध्यते,रामः सततम् अनिद्रः नरोत्तमः सुप्तोऽपि सीतेति मधुराम् वाणीम् व्याहरन् प्रतिबुध्यते,"Even when the sheep are asleep and the goats are asleep, the wise will understand the sound of their voice.","The lambs are always sleeping, and even when they are asleep, they are silent.",7.946357815712818
599,स तामसितकेशान्तां भास्करस्य प्रभामिव वसनाभरणोपेतां मैथिलीं रावणोऽब्रवीत्,सः रावणः असितकेशान्ताम् भास्करस्य प्रभामिव वसनाभरणोपेताम् मैथिलीम् अब्रवीत्,"Then he took a cup of vinegar, and put it on the table, and put it on the table, and put it on the table, and put it on the table, and put it on the table, and put it on the table, and put it on the table, and put it on the table, and put it on the table, and put it on the table, and put it on the table, and put it on the table, and put it on the table, and put it on the table, and put it on the table, and put it on the table, and put it on the table, and put it on the table, and put it on the table, and put it on the table, and put it on the table, and put it on the table, and put it on the table, and put it on the table, and put it on the table, and put it on the table, and put it on the table.","He spoke the language of Ravan, the ruler of Asitkeshanta, the ruler of Bhaskar,",0.2941642265218984
600,दृष्ट्वा सम्भाषितश्चाहं रावणेन दुरात्मना पृष्टश्च लङ्कागमनं राक्षसानां च तं वधम्,अहम् दुरात्मना रावणेन दृष्ट्वा सम्बाषितश्च लङ्कागमनम् राक्षसानाम् तम् वधम् पृष्टश्च,"When he had finished speaking, the evil spirit asked him to cry out, and the evil spirit squeezed him out.","When I saw the demon coming out of him, I asked the demon to come in and worship him.",2.9988395231243055
601,मण्डलीकृतधनूरावणिःसमतिञ्जयः हरीनभ्यहनत्कृद्धःपरंलाघवमास्थितः,समितिञ्जयः सःरावणिः मण्डलीकृतधनुः क्रुद्धः परम् लाघवम् आस्थितः हरीन् अभ्यहनत्,"The congregation was filled with the rich and the poor, and they were sitting on their beds covered with green garlands.","When he came to the assembly, he was furious with the assembly.",4.334264033674369
602,परिवृत्य च धर्मज्ञो राघवस्सह सीतया सुतीक्ष्णस्याश्रमं श्रीमान्पुनरेवाजगाम ह,धर्मज्ञः श्रीमान् राघवः सीतया सह परिवृत्य पुनरेव सुतीक्ष्णस्य आश्रमम् आजगाम ह,"and his family, and his pious wife, Ruth, who was well trained in righteousness and diligence.","A righteous man, a wealthy man, who lives with his family,",9.379601158083608
603,राम स्सत्पुरुषो लोके सत्यधर्मपरायणःसाक्षाद्रामाद्विनिर्वृत्तो धर्मश्चापि श्रिया सह,लोके राम: सत्पुरुष: सत्यधर्मपरायण: रामात् धर्म: च अपि श्रिया सह साक्षात् विनिर्वृत्त:,"men and women who fear the truth, who bear witness to the truth and live by it.",The people of Ram: righteous man: true piety: Ram: righteousness: as well as Shriya.,1.9206518533265367
604,यावद्रामायणकथा त्वत्कृता प्रचरिष्यति तावदूर्ध्वमधश्च त्वं मल्लोकेषु निवत्स्यसि,त्वत्कृता रामायणकथा यावत् प्रचरिष्यति तावत् त्वम् ऊर्ध्वम् अधश्च मल्लोकेषु निवत्स्यसि,"You will make a great deal of news about it, and you will live in the midst of the sea.",You're going to go up and down the slopes until the Ramayana ends.,2.4426633221059637
605,सापुरासुखसम्वृद्धासुखार्हादुःखकर्शिता त्वय्यधीनंसुखंज्ञात्वासर्वथोगमिष्यति,पुरा सुखसम्वृद्धा सुखार्हा दुःखकर्शिता सा सुखम् त्वयि अधीनम् ज्ञात्वा सर्वधा उपगमिष्यति,"You will be filled with plenty of salt and salt, and the spirit of your captivity will be with you.","You will be filled with joy, and you will be filled with grief. You will know that your grief is overwhelming.",20.747881251624936
606,श्रुत्वातुभीमनिर्ह्रादंशक्राशनिसमस्वनम् वीक्षमाणादिशस्सर्वादुद्रुवुर्वानरर्षभा:,शक्राशनिसमस्वनम् भीमनिर्ह्रादम् श्रुत्वा वानरर्षभा वीक्षमाणाः सर्वाः दिशः भृशम् दुद्रुवुः,"When they heard this, they were terrified and shouted.","When they heard the sound of the roar and the noise of the earthquake, the wild beasts and the scorpions turned their faces in horror.",3.8739628584460557
607,सुपुष्पिताग्रैर्बहुभिः पादपैरन्वितः कपिःहनुमान् पर्वताकारो बभूवाद्भुतदर्शनः,बहुभिः सुपुष्पिताग्रैः पादपैः अन्वित: कपिः पर्वताकारः हनुमान् अद्भुतदर्शनः बभूव,They were covered with fine grains. Some of them were covered with fine grains. Some of them were covered with fine grains. Some of them were covered with fine grains. Some of them were covered with fine grains. Some of them were covered with fine grains. Some of them were covered with fine grains.,"They were filled with beautiful flowers and flowers. On a hilltop, Hanukkah was given a miraculous vision.",1.494616359907479
608,ऋचीकस्य वचश्श्रुत्वा तेषां माता महात्मनाम् उवाच नरशार्दूलमम्बरीषं तपस्विनी,ऋचीकस्य वच: श्रुत्वा महात्मनाम् तेषाम् माता तपस्विनी नरशार्दूलम् अम्बरीषम् उवाच,"When they heard this, their mother was filled with awe.","When Rachel heard this, her mother was astonished.",17.242221289766626
609,षष्टि: कोट्योऽभवंस्तासाम् अप्सराणां सुवर्चसाम्असङ्ख्येयास्तु काकुत्स्थ यास्तासां परिचारिका:,काकुत्स्थ सुवर्चसाम् तासाम् अप्सराणाम् षष्टि: कोट्य: अभवन् तासाम् या: परिचारिका: असङ्ख्येया:,"six hundred thousand, ten thousand, ten thousand, twenty thousand, twenty thousand, twenty thousand, twenty thousand, twenty thousand, twenty thousand, twenty thousand, twenty thousand, twenty thousand, twenty thousand, twenty thousand, twenty thousand, twenty thousand, twenty thousand, twenty thousand, twenty thousand, twenty thousand, twenty thousand, twenty thousand, twenty thousand, twenty thousand, and twenty thousand.","The number of hours spent in the ministry was six, the number of hours spent in the ministry was six, the number of hours spent in the ministry was six, the number of hours spent in the ministry was six, the number of hours spent in the ministry was six, the number of hours spent in the ministry was six, the number of hours spent in the ministry was six, the number of hours spent in the ministry was six, the number of hours spent in the ministry was six, the number of hours spent in the ministry was six, and the number of hours spent in the ministry was six.",0.8336918438388945
610,पुररोधस्यमूलंतुराघवस्सहलक्ष्मणः हतेतस्मिन् हतंसर्वंतंवधिष्यामिसंयुगे,सहलक्ष्मणः राघवः पुररोधस्य मूलम् तस्मिन् हते सर्वम् हतम् संयुगे तम् वधिष्यामि,"We will be filled with blood, blood, sweat, and tears.","And I will make him the root of the fury, the root of the fury, the root of the fury, the root of the fury, the root of the fury, the root of the fury, the root of the fury, the root of the fury, the root of the fury, the root of the fury, the root of the fury, the root of the fury, the root of the fury, the root of the fury, the root of the fury, the root of the fury, the root of the fury.",0.005534520196104546
611,नहिपश्यामिततसौम्यपृथिव्यामपिवानर सदृशंयत्प्रियाख्यानेतवदत्त्वाभवेत्सुखम्,प्रियाख्यान सदृशम् यत् तव दत्त्वा सुखम् भवेत् सदृशम् किञ्चन पृथिव्याम् न हिपश्यामि,"""Let the earth be quiet, and let the earth be joyful, "" he said.","I do not desire anything on earth, as though it were your good pleasure.",2.8265205879007453
612,तां शय्यां तमसातीरे वीक्ष्य वृक्षदलैः कृताम्रामः सौमित्रिणा सार्धं सभार्यस्संविवेश ह,तमसातीरे वृक्षदलैः कृताम् तां शय्याम् वीक्ष्य रामः सभार्यः सौमित्रिणा सार्धम संविवेश ह,"He saw her on her bed in the woods, made of wood, and had a gentle conversation with her friends.","In the field, they made their beds in the trees, and they saw the lambs and the sheep, and they were gathered together with their friends.",4.780587633162802
613,तस्याश्चास्यं महद्भीमं वर्धते मम भक्षणेन च मां साधु बुबुधे मम वा विकृतं कृतम्,तस्याः महत् भीमम् आस्यं च मम भक्षणे वर्धते माम् कृतम् मम विकृतम् साधु न बुबुधे,She made me sick in my stomach and sick in my stomach.,"For her wrath and her passion have increased in me, and she has made me sick, and she has not made me sick.",5.228182116523521
614,स प्रहस्य महारौद्रः स्थित्वाजृम्भत राक्षसःजृम्भमाणस्य ते बाणाः कायान्निष्पेतुराशुगाः,महारौद्रः सः राक्षस: प्रहस्य स्थित्वा अजृम्भत जृम्भमाणस्य कायात् आशुगाः ते बाणाः निष्पेतुः,"He stood in the thunderbolt of the sea, looking like a giant monster. His arrows were sharp,",The dragon was a monster. He stood on the threshing floor and cast his spears out of the furnace.,6.779369947161301
615,हिरण्यं च सुवर्णं च वासांसि विविधानि चप्रकिरन्तो जना मार्गं नृपतेरग्रतो ययुः,जनाः नृपतेः अग्रतः हिरण्यम् सुवर्णं च विविधानि वासांसि च प्रकिरन्तः मार्गम् ययुः,"and gold and pearls, and all manner of splendor.",The people went out to the king's palace and to the king's palace with precious gems of various kinds.,2.1763171075118732
616,अथोवाचमहातेजाहरिराजोमहाबलः किमियंव्यथितासेनामूढवातेवनौर्जले,अथ महातेजाः महाबलः हरिराजः वाच इयंसेना जले मूढवातेव नौःइव किम् व्यथिता,"When the king heard this, he said, ""The mighty warrior, who is the commander of the army,",Why did the mighty and mighty Harish king see that the ship was drowned in the sea?,2.5828020030551087
617,अमृष्यमाणः पुनरुग्रतेजाः निशम्य तं नास्तिकवाक्यहेतुम्अथाब्रवीत्तं नृपतेस्तनूजो विगर्हमाणो वचनानि तस्य,अथ उग्रतेजाः नृपतेः तनूजः तम् नास्तिक वाक्य हेतुम् निशम्य अमृष्यमाणः तस्य वचनानि विगर्हमाणः तम् अब्रवीत्,"The king rebuked him, saying that he would not believe in the resurrection of the dead.",But the powerful and arrogant rulers rebuked him for speaking blasphemously.,5.10809933294318
618,अथैवमुपसङ्गम्यहनूमान्वाक्यमब्रवीत् ममपृष्ठंसमारुह्यराक्षसंशास्तुमर्हसि विष्णुर्यथागरुत्मन्तंबलवन्तंसमाहितः,अथ हनूमान् एनम् उपसङ्गम्य वाक्यम् अब्रवीत् विष्णुः गरुत्मन्तम् बलवंन्तं समाहितः यथा मम पृष्ठम् समारुह्य राक्षसम् शास्तुम् अर्हसि,"Then John the Baptist answered, ""I am filled with the Spirit of truth and the Spirit of truth.","These are the words of the prophet Hanun. He was filled with deep and powerful spirit, like a demon's ruler before me.",4.245788852289418
619,एवं ब्रुवाणं काकुत्स्थं प्रतिवार्य शुचिस्मिताउवाच सीता संहृष्टा चर्मणा हृतचेतना,शुचिस्मिता चर्मणा हृतचेतना हृष्टा सीता एवम् ब्रुवाणम् काकुत्स्थम् प्रतिवार्य उवाच,"and to wash their faces with clean water, and to cleanse their hearts of unclean and unclean skin,","She had a clear skin and a clear conscience, and she responded with a bright brown coat.",4.814971807094068
620,तस्य विश्रममाणस्य शुनश्शेफो महायशा:पुष्करक्षेत्रमागम्य विश्वामित्रं ददर्श ह तप्यन्तमृषिभिस्सार्धं मातुलं परमातुर:,तस्य विश्रममाणस्य महायशा: शुन:शेफ: परमातुर: पुष्करक्षेत्रम् आगम्य ऋषिभि:सार्धम् तप्यन्तम् मातुलम् विश्वामित्रम् ददर्श ह,"When she was at work, she saw the great sunflower, and she saw the angel of God sitting with her.","And when he came to her, he saw her, and saw her, and her mother, and her father, and her mother, and her mother, and her mother, and her mother, and her mother, and her father, and her mother, and her mother,",1.078150933175133
621,स सुप्तस्समये भ्रात्रा लक्ष्मणः प्रतिबोधितःजहौ निद्रां च तन्द्रीं च प्रसक्तं च पथि श्रमम्,सुप्त: स: लक्ष्मण: समये भ्रात्रा प्रतिबोधित: निद्रां च तन्द्रीं च पथि प्रसक्तम् श्रमं च जहौ,"When he fell asleep, his brother Laxma began to work hard.",sleep: he: Laxman: when the brother is betrayed: sleep and sleep: when the way is good: when the work is bad: when the sleep is bad: when the way is bad: when the work is bad: when the sleep is bad: when the way is bad: when the work is bad: when the sleep is bad: when the sleep is bad: when the work is bad: when the work is bad: when the work is bad: when the sleep is bad: when the sleep is bad: when the work is bad: when the work is bad: when the sleep is bad: when the sleep is bad: when the work is bad: when the sleep is bad: when the sleep is bad: when the sleep is bad: when the sleep is bad: when the sleep is bad: when the sleep is bad: when the sleep is bad: when the sleep is bad: when the sleep is bad: when the sleep is bad: when the sleep is bad: when the sleep is bad: when the sleep is bad: when the sleep is bad: when the sleep is bad is bad: when the sleep is bad is bad: when the sleep is bad: when the sleep is bad is bad:,4.915679072041357e-08
622,तं प्रविष्टं रिपुं दृष्ट्वा बिलं रोषवशं गतःमामुवाच तदा वाली वचनं क्षुभितेन्द्रियः,तदा बिलम् प्रविष्टम् तं रिपुम् दृष्ट्वा वाली रोषवशम् गतः क्षुभितेन्द्रियः माम् उवाच,"When he came in, he saw that Bill was gone, and he was furious.","When he came in, he looked at him, and his anger was kindled, and he began to cry bitterly.",26.495251175337465
623,मावमंस्था दशरथं भर्तारं वरदं पतिम् भर्तुरिच्छा हि नारीणां पुत्रकोट्या विशिष्यते,भर्तारम् वरदम् पतिम् दशरथम् मावमंस्थाः नारीणाम् भर्तुः इच्छा पुत्रकोट्याः विशिष्यते,"If a woman has a husband rather than a husband because of me, her children will be less than the children of a woman.","If a man is married and has a wife for ten years, he or she desires to have children.",4.699443186217679
624,देवगन्धर्वकन्याभिर्यक्षकन्याभिरेव च सार्धं प्रभो रमस्वेह सीतया किं करिष्यसि,प्रभो देवगन्धर्वकन्याभिः यक्षकन्याभिरेवच सार्धम् इह रमस्व सीतया किं करिष्यसि,How can you do what is right in the eyes of the Lord with the virgins who are not married?,"""What are you going to do with the virgins and the virgins? What are you going to do with the virgins and the virgins?",6.685865576145139
625,तथेयं त्वां समासाद्य लङ्का रत्नौघसङ्कुला अपराधात्तवैकस्य नचिराद्विनशिष्यति,तथा त्वाम् समासाद्य रत्नौघसङ्कुला इयम् लङ्का एकस्य तव अपराधात् न चिरात् विनशिष्यति,"so that when you are thrown into a trap with a precious stone, you will be condemned by a criminal.",And this treasure that is with you will not perish for your transgressions.,4.343737891358309
626,अदोमूला: क्रियास्सर्वा मम राजन्न संशय:बहुना किं प्रलापेन न दास्ये कामदोहिनीम्,राजन् मम सर्वा: क्रिया: अदोमूला: संशय: न बहुना प्रलापेन किम् कामदोहिनीम् न दास्ये,Adamola: I am not sure of all that I am doing. Why do not many people work hard?,"And the king said unto me, I will not make thee a king, nor a king, nor a king, nor a king, nor a king, nor a king, nor a king, nor a king, nor a king, nor a king, nor a king, nor a king, nor a king, nor a king, nor a king, nor a king, nor a king, nor a king, nor a king, nor a king, nor a king, nor a king, nor a king, nor a king, nor a king, nor a king, nor a king, nor a king, nor a king, nor a king, nor a king, nor a king, nor a king, nor a king, nor a king, nor a king, nor a king, nor a king, nor a king, nor a king, nor a king, nor a king, nor a king, nor a king, nor a king, nor a king, nor a king, nor a king, nor a king, nor a king,",0.0002541339165386168
627,स पपात महाबाहुश्छिन्नबाहुर्महास्वनःखं च गां च दिशश्चैव नादयञ्जलदो यथा,महाबाहुः सः छिन्नबाहुः महास्वनः जलदः यथा खं च गां च दिशश्चैव नादयन् पपात,"And it fell down like a pool of water, like a pool of water, and like a pool of water, like a pool of water, and like a pool of water, like a pool of water.","The sound of a great trumpet sounded like a trumpet. It sounded like a trumpet, sounded like a trumpet, sounded like a horn, sounded like a trumpet, sounded like a trumpet, sounded like a trumpet, sounded like a trumpet, sounded like a trumpet, sounded like a trumpet, sounded like a trumpet, sounded like a trumpet, and sounded like a trumpet.",2.4150125211140394
628,नानाप्रहरणाः क्षिप्रमितो गच्छत सत्वराःजनस्थानं हतस्थानं भूतपूर्वं खरालयम्,नानाप्रहरणाः सत्वराः इतः क्षिप्रम् हतस्थानम् खरालयम् भूतपूर्वम् जनस्थानम् गच्छत,The seventy-seven went to the place where they were slaughtered.,"Then the seventy went to the former wilderness, where the slaughter took place.",11.532706802722437
629,अभिज्ञानं कुरुष्व त्वमात्मनो वानरेश्वरयेन त्वामभिजानीयां द्वन्द्वयुद्धमुपागतम्,वानरेश्वर द्वन्द्वयुद्धम् उपागतम् त्वाम् येन अभिजानीयाम् अभिज्ञानम् आत्मनः कुरुष्व,"You have fought hard in your body, both spiritually and spiritually.","You have fought the battles of God with the help of the Spirit, so that you may know what wisdom is.",6.0539733080081515
630,ह्लादितस्तेन वाक्येन शुभेन शुभदर्शनःराम स्संहृष्टवदनस्तानृषीनभ्यपूजयत्,शुभदर्शनः रामः शुभेन तेन वाक्येन ह्लादितः संहृष्टवदनः तान् ऋषीन् अभ्यपूजयत्,"They were delighted to hear the good news, and they worshipped the Lord humbly.",They were filled with joy because of the good news of God's word.,11.980914528565991
631,किमत्रचित्रंधर्मज्ञ: लोकनाथ: सुखावहा: यत्त्वमार्यंप्रभाषेथास्सत्त्ववान् सत्पथेस्थितः,धर्मज्ञ: लोकनाथसुखावहा: सत्त्ववान् सत्पथे: स्थितः त्वम् आर्यम् प्रभाषेथाः इतियत् अत्र: चित्रम् किम्,"For thou hast spoken the truth, and hast led the way of truth.",Location: Location: Location: Location: Location: Location: Location: Location: Location: Location: Location: Location: Location: Location: Location: Location: Location: Location: Location: Location: Location: Location: Location: Location: Location: Location: Location: Location: Location: Location: Location: Location: Location: Location: Location: Location: Location: Location: Location: Location: Location: Location: Location: Location: Location: Location: Location: Location: Location: Location: Location: Location: Location: Location: Location: Location: Location: Location: Location: Location: Location: Location: Location: Location: Location: Location: Location: Location: Location: Location: Location: Location: Location: Location: Location: Location: Location: Location: Location: Location: Location: Location: Location: Location: Location,0.0
632,सुग्रीवेण तु निस्सङ्गं सालमुत्पाट्य तेजसागात्रेष्वभिहतो वाली वज्रेणेव महागिरिः,सुग्रीवेण तु तेजसा निस्सङ्गम् सालम् उत्पाट्य वज्रेण महागिरिः इव गात्रेषु अभिहतः,"When the wheat sprouted, it grew cold, and the waves of the sea were strong, and the waves of the sea were strong.","But the grapes sprouted brightly, grew wild, and fell on thorns like thorns in thorns.",3.796469564911484
633,नित्यं शस्त्रं परिवहन्क्रमेण स तपोधनः चकार रौद्रीं स्वां बुद्धिं त्यक्त्वा तपसि निश्चयम्,नित्यम् शस्त्रम् परिवहन् सः तपोधनः तपसि निश्चयम् त्यक्त्वा क्रमेण स्वाम् बुद्धिं रौद्रीम् चकार,"Rather, set aside the constant armour of discipline and self - control.","Armed with all the weapons of war, set aside your defences and take up your sanity.",9.818135975194961
634,प्रसाद्यभ्रातरंजेष्ठंसान्त्वेनोपस्थितक्रमः देशकालार्थसंवादिदृष्टलोकपरावरः,दृष्टलोकपरावरः सान्त्वेन: ज्येष्ठंभ्रातरं: प्रसाद्य: उपस्थितक्रमः देशकालार्थसंवादि:,The elderly are encouraged and encouraged by the good news of God's goodness.,The watchman is calm; the elder is calm; the elder is calm; the elder is calm; the elder is calm; the elder is calm; the elder is calm; the elder is calm; the elder is calm; the elder is calm; the elder is calm; the elder is calm; the elder is calm; the elder is calm; the elder is calm; the elder is calm; the elder is calm; the elder is calm; the elder is calm; the elder is calm; the elder is calm; the elder is calm; the elder is calm; the elder is calm; the elder is calm; the elder is calm; the elder is calm; the elder is calm; the elder is calm; the elder is calm; the elder is calm.,0.00015798219257205762
635,एषत्विदानीमेवाहमप्रियार्थं तवानघम्निवर्तयिष्यामि वनाद्भ्रातरं स्वजनप्रियम्,एषः अहं तु इदानीम् तव अप्रियार्थम् अनघम् स्वजनप्रियम् भ्रातरम् वनात् निवर्तयिष्यामि,"Therefore, because of the love I have for you, I will send you away, dear brother.","But now I am sending my dear brother, whom you hate, away from the woods.",5.577144216540393
636,स धन्यो यस्य पुत्रौ द्वौ धर्मज्ञौ धर्मविक्रमौश्रुत्वा वयं हि सम्भाषामुभयोस्स्पृहयामहे,धर्मज्ञौ धर्मविक्रमौ द्वौ यस्य पुत्रौ सः धन्यः वयम् संभाषाम् श्रुत्वा उभयोः स्पृहयामहे हि,Blessed is the woman whose two sons obeyed God and spoke in tongues.,"Blessed is he who has two sons, both righteous and godly, and he who hears and keeps the word.",5.217108958638395
637,सुराघटसहस्रेण मांसभूतौदनेन चयक्ष्ये त्वां प्रयता देवि पुरीं पुनरुपागता,देवि पुनः पुरीम् उपागता प्रयता सुराघटसहस्रेण मांसभूतौदनेन च यक्ष्ये,"You have been striving to return to God through the death of the serpent and the serpent,","Then he went up again, and made a serpent, and a serpent, and a serpent, and a serpent, and a serpent, and a serpent, and a serpent, and a serpent, and a serpent, and a serpent, and a serpent, and a serpent, and a serpent, and a serpent, and a serpent, and a serpent, and a serpent, and a serpent, and a serpent, and a serpent, and a serpent, and a serpent, and a serpent, and a serpent, and a serpent, and a serpent, and a serpent, and a serpent, and a serpent, and a serpent, and a serpent, and a serpent, and a serpent, and a serpent, and a serpent, and a serpent.",0.003157225938921862
638,कृतकृत्योऽद्य सुग्रीवो वैरेऽस्मिन्नतिदारुणेयस्य रामविमुक्तेन हृतमेकेषुणा भयम्,अतिदारुणे अस्मिन् वैरे सुग्रीवः अद्य कृतकृत्यः यस्य भयम् रामविमुक्तेन एकेषुणा हृतम्,"For I am afraid of what I have done, and I am afraid of what my heart is afraid of.","For we have done a great deal of hard work in this day. Some of them have become discouraged,",4.724932626401583
639,आधिरोहाऽर्य पादाभ्यां पादुके हेमभूषितेएतेहि सर्वलोकस्य योगक्षेमं विधास्यतः,आर्य हेमभूषिते पादुके पादाभ्याम् अधिरोह एते सर्वलोकस्य योगक्षेमम् विधास्यतः हि,They were all dressed in their own clothes and had their feet covered in sandals.,"They were clothed in fine linen, and their feet were covered with sandals, and they sat in front of the crowd.",5.275542229237791
640,लोहिताक्षं महाबाहुमामुक्तमणिकुण्डलम्रामं यदि न पश्येयं गमिष्यामि यमक्षयम्,लोहिताक्षम् महाबाहुम् आमुक्तमणिकुण्डलम् रामम् न पश्येयं यदि यमक्षयम् गमिष्यामि,"If I don't go and see the iron curtain, and the iron curtain, and the iron curtain, and the iron curtain, and the iron curtain, and the iron curtain, and the iron curtain, and the iron curtain, and the iron curtain, and the iron curtain, and the iron curtain, and the iron curtain, and the iron curtain, and the iron curtain, and the iron curtain, and the iron curtain, and the iron curtain, and the iron curtain, and the iron curtain,","If I go to Jerusalem, I will not see the iron curtain, nor the iron curtain, nor the iron curtain, nor the iron curtain, nor the iron curtain.",11.951352503327573
641,स्त्रीषुशूरविनाथासुपरदाराभिमर्शक कृत्वाकापुरुषंकर्मशूरोऽहमितिमन्यसे,विनाथासु स्त्रीषु शूर परदाराभिमर्शक कापुरुषम् कर्म कृत्वा अहम् शूरः इति मन्यसे,"They were guarded by women and children, and men were guarded by men.","I was a brave man, a man who used to speak boldly to women who were destitute.",2.8465719742659896
642,ततोयुद्धायतेजस्वीरक्षोगणबलैर्वृतः निर्ययावुद्यतधनुःकालान्तकयमोपमः,ततः तेजस्वी रक्षोगणबलैः कालान्तकयमोपमः उद्यतधनुः युद्धाय निर्ययौ,"We will fight with the mighty, with the mighty, and with the mighty, and with the mighty, and with the mighty, and with the mighty, and with the mighty, and with the mighty, and with the mighty, and with the mighty, and with the mighty, and with the mighty, and with the mighty, and with the mighty, and with the mighty, and with the mighty, and with the mighty, and with the mighty, and with the mighty.","Then, with a mighty force, they set out for a long time to fight.",0.9848359777293672
643,सुलभाः पुरुषा राजन्सततं प्रियवादिनःअप्रियस्य तु पथ्यस्य वक्ता श्रोता च दुर्लभः,राजन् प्रियवादिनः पुरुषाः सततम् सुलभाः अप्रियस्य तु पथ्यस्य वक्ता श्रोता च दुर्लभः,"They are not good men, they are not kings, they are not lovers of men, they are not lovers of men, they are not good speakers, they are not listeners.","men who love kings, men who love good things, men who hate bad things, men who do not listen.",3.066455401840426
644,वहन्ति वर्षन्ति नदन्ति भान्ति ध्यायन्ति नृत्यन्ति समाश्वसन्तिनद्यो घना मत्तगजा वनान्ताः प्रियाविहीनाश्शिखिनः प्लवङ्गमाः,नद्यः घनाः मत्तगजाः वनान्ताः प्रियाविहीनाः शिखिनः प्लवङ्गमाः वहन्ति वर्षन्ति नदन्ति भान्ति ध्यायन्ति नृत्यन्ति समाश्वसन्ति,"They are the rainbow, the rainbow, the rainbow, the rainbow, the rainbow, the rainbow, the rainbow, the rainbow, the rainbow, the rainbow, the rainbow, the rainbow, the rainbow, the rainbow, the rainbow, the rainbow, the rainbow, the rainbow, the rainbow, the rainbow, the rainbow, the rainbow, the rainbow, the rainbow, the rainbow, the rainbow, the rainbow, the rainbow, the rainbow, the rainbow, the rainbow, the rainbow, the rainbow, the rainbow, the rainbow, the rainbow.","rivers are full of water, rivers are full of wine, forests are full of wildlife, rivers are full of water, rains are pouring, rivers are pouring, peace is coming, dancing is coming.",0.5644285261085523
645,कृतास्त्रमकृतास्त्रं वा नैनं शक्ष्यन्ति राक्षसा:गुप्तं कुशिकपुत्रेण ज्वलनेनामृतं यथा,कृतास्त्रम् अकृतास्त्रं वा कुशिकपुत्रेण गुप्तम् एनम् ज्वलनेन अमृतं यथा राक्षसा: न शक्ष्यन्ति,"And they shall see the handmaid's sword and her spear; and the son of man shall be set on fire, and shall be burned with fire.","They will not be able to find any hidden weapon, nor will they be able to find any concealed weapon, nor will they be able to find any concealed weapon, nor will they be able to find any concealed weapon.",1.1470679500084795
646,देवदानवगन्धर्वपिशाचपतगोरगैःअभयं यस्य सङ्ग्रामे मृत्युतो मानुषादृते,यस्य सङ्ग्रामे मानुषात् ऋते देवदानवगन्धर्वपिशाचपतगोरगैः मृत्युतः अभयम्,For we are like mortals in the body of this man.,"In the synagogue of this man there was death, blood, sweat, blood, blood, blood, and blood.",5.727104609129388
647,ततस्सुमन्त्रं द्युतिमान्राजा वचनमब्रवीत्रामः कृतात्मा भवता शीघ्रमानीयतामिति,ततः द्युतिमान् राजा सुमन्त्रम् कृतात्मा रामः भवता शीघ्रम् आनीयताम् इति वचनम् अब्रवीत्,"The angel said to him, ""Go quickly!","The angel urged him, ""Come quickly, "" said the Spirit.",14.320952289897711
648,क्षान्तं क्षमावतां पुत्र्य: कर्तव्यं सुमहत्कृतम्ऐकमत्यमुपागम्य कुलं चावेक्षितं मम,पुत्र्य: क्षमावताम् कर्तव्यम् क्षान्तम् कृतम् सुमहत् ऐकमत्यम् उपागम्य मम कुलं च अवेक्षितम्,"Forgive me, my son. I have been overwhelmed by my debt, and I am now in need of a key.","""My son, I am sorry for my sin. I am sorry for my sin. My family and I are sorry.",5.939733368904656
649,इदं पञ्चाप्सरो नाम तटाकं सार्वकालिकम् निर्मितं तपसा राम मुनिना माण्डकर्णिना,राम इदम् माण्डकर्णिना मुनिना तपसा निर्मितम् सार्वकालिकम् पञ्चाप्सरः नाम तटाकम्,This is the fifth temple built by Rama Munina Mandarkani.,"This stone was made of timber, and its name is Tatak.",4.112362514034741
650,प्राकृतोऽन्यः कथं चेमां भूमिमागन्तुमर्हतिउदधेरप्रमेयस्य पारं वानरपुङ्गव,वानरपुङ्गव प्राकृतः अन्यः अप्रमेयस्य उदधेः पारम् इमाम् भूमिम् आगन्तुम् कथम् अर्हति,"When nature says to him, ""Go down to the ground"", the monkey jumps over the surface of the water.","And the monkey said to him, ""Go down to this land, through the garden of another unfruitful tree"".",29.608660106487147
651,तथागतंसमुत्थाप्यसपत्नयस्तांभृशातुराः पर्यवस्थापयामासूरुदन्त्योरुदतींभृशम्,सपत्नयः तथागताम् ताम् समुत्थाप्य भृशातुराः रुदन्त्यः भृशम् रुदन्तिम् पर्यवस्थापयामासुः,Then he got up from the hill and set up seven columns of brick around it.,The women who were there gathered together and mourned and wept bitterly.,2.719665272174911
652,पुरा भूत्वा मृदुर्दान्तस्सर्वभूतहिते रतःन क्रोधवशमापन्नः प्रकृतिं हातुमर्हसि,पुरा मृदुः दान्तः सर्वभूतहिते रतः भूत्वा क्रोधवशम् आपन्नः प्रकृतिम् हातुम् नार्हसि,"You are an old man, and you are a gentle man, and you are a gentle man, and you are not a gentle man, but you are a gentle man, and you are not a gentle man, and you are not a gentle man, but you are a gentle man, and you are not a gentle man, and you are not a gentle man, but you are a gentle man, and you are not a gentle man, and you are not a gentle man, but you are a gentle man, and you are a gentle man.","You are a gentle tooth, a tooth full of all things, and you do not put off your temper.",2.4871340488348213
653,ततस्तयोरपाये तु शून्ये सीतां यथासुखम्निराबाधो हरिष्यामि राहुश्चन्द्रप्रभामिव,ततः तयोः अपाये तु शून्ये यथासुखम् निराबाधः सीताम् राहुः चन्द्रप्रभामिव हरिष्यामि,"I will wash them like dew, and they will be like the dew on the earth.","And I will make them as the dust, and as the moon, and as the dew, and as the dew, and as the dew, and as the dew, and as the dew, and as the dew, and as the dew, and as the dew, and as the dew, and as the dew, and as the dew, and as the dew, and as the dew, and as the dew, and as the dew, and as the dew, and as the dew, and as the dew.",0.10809654351583957
654,प्राजात्यं च नक्षत्रंरोहिणींकशशिनःप्रियाम् समाक्रम्यबुधस्तस्थौप्रजानामशुभावहः,प्राजापत्यम् नक्षत्रम् शशिनः प्रियाम् रोहिणीम् बुधः आक्रम्य प्रजानाम् अशुभावहः तस्थौ,"to the heavenly bodies, to the stars, to the stars, to the stars, to the stars, to the stars, to the stars, to the stars, to the stars, to the stars, to the stars, to the stars, to the stars, to the stars, to the stars, to the stars, to the stars, to the stars, to the stars, to the stars, to the stars, to the stars, to the stars, to the stars, to the stars, to the stars, to the stars, to the stars, to the stars, to the stars, to the stars, to the stars, to the stars, to the stars, to the stars, to the stars, to the stars, to the stars, to the stars, to the stars, to the stars, to the stars, to the stars, to the stars, to the stars, to the stars, to the stars, and to the stars.","The bright stars, the bright stars, the bright stars, the bright sunshine, the bright sunshine, the bright sunshine, the bright sunshine, the bright sunshine, the bright sunshine, the bright sunshine, the bright sunshine, the bright sunshine, the bright sunshine, the bright sunshine, the bright sunshine, the bright sunshine.",0.9816442735770582
655,दत्तौ मम महेन्द्रेण तूणी चाक्षयसायकौ सम्पूर्णौ निशितैर्बाणैर्ज्वलद्भिरिव पावकैः महारजतकोशोऽयमसिर्हेमविभूषितः,अक्षयसायकौ निशितैः ज्वलद्भि: पावकैरिव बाणैः सम्पूर्णौ तूणी मम महेन्द्रेण दत्तौ महारजतकोशः अयम् हेमविभूषितः,"My temple was decorated with gold, silver, bronze, blue, purple, and green.","And the wheels were set on fire, and the bars were set on fire, and the bars were set on fire, and the bars were set on fire, and the bars were set on fire, and the bars were set on fire, and the bars were set on fire, and the bars were set on fire, and the bars were set on fire, and the bars were set on fire, and the bars were set on fire, and the bars were set on fire, and the bars were set on fire, and the bars were set on fire, and the bars were set on fire.",0.020324355471745575
656,नाऽत्मनः कामकारोऽस्ति पुरुषोऽयमनीश्वरःइतश्चेतरतश्चैनं कृतान्तः परिकर्षति,आत्मनः कामकारः नास्ति अयम् पुरुषः अनीश्वरः कृतान्तः एनम् इतश्च इतरतश्च परिकर्षति,"For the Spirit is the workman, and the man rejoices in all that he does.","But the spirit does not work. The spirit does not work. The spirit does not work. It is contrary to God's will, and so on and so forth.",2.348661985268085
657,तान्पूजयित्वा धर्मात्मा राजा दशरथस्तदाधर्मार्थसहितं युक्तं श्लक्ष्णं वचनमब्रवीत्,धर्मात्मा दशरथ: राजा तदा तान् पूजयित्वा धर्मार्थसहितम् श्लक्ष्णम् इदं युक्तं वचनम् अब्रवीत्,"They worshiped him, and he taught them wisdom and righteousness.",Then the king worshiped them and brought them up with wisdom and wisdom.,7.545339613823569
658,तद्गच्छत विचिन्वध्वं पुत्रका: भद्रमस्तु व:समुद्रमालिनीं सर्वां पृथिवीमनुगच्छत,पुत्रका: तत् गच्छत व: भद्रम् अस्तु समुद्रमालिनीम् सर्वाम् पृथिवीम् अनुगच्छत,"""Go and be astonished, O son of man, because of the beauty of the earth, and because of the multitude of the seas, and because of all that is on the earth.","Son of man, go and say, ""Follow the sea and the mountains and the whole earth"".",5.204714020211711
659,हनुमत्प्रमुखास्ते तु प्रस्थिताः प्लवगर्षभाःविन्ध्यमेवादितस्तावद्विचेरुस्ते समन्ततः,हनुमत्प्रमुखाः प्लवगर्षभाः प्रस्थिताः आदितः तावत् विन्ध्यमेव समन्ततः विचेरुः,"But when Hanun was released, he was thrown into the sea, and his feet were tied together.","And Hanun, the chief of the tribes, came forth, and they lay in the same place.",5.039518688486958
660,कैकेय्या क्लिश्यमानेन राज्ञा सञ्चोदितो वनम्परित्राता जनस्यास्य जगतः क्व नु गच्छति,कैकेय्या क्लिश्यमानेन राज्ञा वनम् सञ्चोदितः अस्य जनस्य जगतः परित्राता क्व नु गच्छति,"Kakeya, the king's successor, and the king's successor, the man who saved the forest.",Kakeya and Kelsey have set up the king's forests. This man is the savior of the world.,5.74631410535388
661,पतितंतमभिज्ञायराक्षसीसामहाचमूः वध्यमानादिशोभेजेहरिभिर्जितकाशिभिः,राक्षसी महाचमूः जितकाशिभिः हरिभिः वध्यमाना तम् पतितम् अभिज्ञाय दिशः भेजे,"We have fallen away from the way of the wise, from the way of the foolish, from the way of the proud, from the way of the foolish, from the way of the foolish.",A giant herd of wild goats came up to him and sent him down to make a vow.,1.1216940038341034
662,अत्र देवाश्च यक्षाश्च नागाश्च पतगैस्सहवसन्ति नियताहारा धर्ममाराधयिष्णवः,देवाश्च यक्षाश्च पतगैस्सह नागाश्च नियताहाराः धर्मम् आराधयिष्णवः अत्र वसन्ति,"God, the serpent, the serpent, the serpent, the serpent, the serpent, the serpent, the serpent, the serpent, the serpent, the serpent, the serpent, the serpent, the serpent, the serpent, the serpent, the serpent, the serpent, the serpent, the serpent, the serpent, the serpent, the serpent, the serpent, the serpent, the serpent, the serpent, the serpent, the serpent, the serpent,","These are the spirits of men who worship idols, devils, snakes, snakes, and wild beasts.",0.6042614825967025
663,राज्यं यदि हि रामस्य भरतस्यापि तत्तदामन्यते हि यथात्मानं तथा भ्रातृ़ंश्च राघवः,रामस्य राज्यं यदि तत् तदा भरतस्यापि राघव: आत्मानम् यथा भ्रातृ़ंश्च तथा मन्यते,"And if the kingdom of heaven is given to him, he is given to the Holy Spirit and to his brothers.","If Ram's kingdom were to come, let him go to Bharat. The Spirit and the brothers are the same.",5.0434268098327735
664,ततो रुदन्त्यो विवशाविलप्य च पुनः पुनःयानेभ्यस्सरयूतीरमवतेरुर्वराङ्गनाः,ततः रुदन्त्यो विवशाः वराङ्गनाः पुनः पुनः विलप्य सरयूतीरम् यानेभ्यः अवतेरुः,They wept and were filled with grief. Once again they were filled with grief and anguish.,"They wept and were filled with grief, and they went down to the harbour.",35.752971644498096
665,तमुवाच ततो राम: परिहास समन्वितम्गवां सहस्रमप्येकं न नु विश्राणितं मया परिक्षिपसि दण्डेन यावत्तावदवाप्स्यसि,ततः रामः परिहाससमन्वितम् तम् उवाच मया एकम् गवां सहस्रमपि न च विश्राणितम् दण्डेन यावत् परिक्षिपसि तावत् अवाप्स्यसि,"""Ram"", he replied, ""I have not rested for a thousand years until you have bound me"".","And Ram laughed and said to him, I have not rested a thousand cubits, and I have not rested a thousand cubits.",13.076935410279392
666,अयोमुखानां शूलानामग्रे चरितुमिच्छसि रामस्य सदृशीं भार्यां योऽधिगन्तुं त्वमिच्छसि,यः त्वम् रामस्य सदृशीम् भार्याम् अधिगन्तुम् इच्छसि अयोमुखानाम् शूलानाम् अग्रे चरितुम् इच्छसि,"You want to be like sheep, carrying heavy loads under the bushes of fools.","You want to carry a load like a sheep, and you want to walk on empty bottles.",10.322774777212684
667,पांशुदण्डेन हि मां बन्धने नोपपादयेत्शठः क्रूरो नृशंसश्च सुग्रीवो राज्यकारणात्,शठः क्रूरः नृशंसः सुग्रीवः राज्यकारणात् माम् उपांशुदण्डेन बन्धनेन उपपादयेत्,"I was thrown into prison because of the flogging, the violence, and the oppression of the Gentiles.","and put me in chains for the sake of my kingdom, for the sake of a cruel and unjust nation.",2.817888551057183
668,नानानगरवास्तव्यान्पृथग्जानपदानपि समानिनाय मेदिन्याः प्रधानान्पृथिवीपतीन्,नानानगरवास्तव्यान् जानपदानपि मेदिन्याः प्रधानान् पृथिवीपतीन् पृथक् समानिनाय,"There are many small towns on the earth, and the rulers of the earth have ruined them.","and to destroy the rulers of the earth, and to destroy the great cities, and the great cities, and the mighty cities, and the mighty cities, and the mighty cities, and the mighty cities, and the mighty cities, and the mighty cities, and the mighty cities, and the mighty cities, and the mighty cities, and the mighty cities, and the mighty cities, and the mighty cities, and the mighty cities, and the mighty cities, and the mighty cities, and the mighty cities, and the mighty cities, and the mighty cities, and the mighty cities, and the mighty cities.",0.15489195859817662
669,नदतां भीमघोषाणां निशासु मृगपक्षिणाम्निशम्य नूनं सन्त्रस्ता राघवं संश्रयिष्यति,निशाम् भीमघोषाणाम् मृगपक्षिणाम् नदताम् निशम्य सन्त्रस्ता नूनम् राघवम् संश्रयिष्यति,"And the fowl shall dwell in the nests of the foxes, and the birds of the air.",It will be a salty place for the beasts of war and for the birds of the air.,27.60258064653157
670,इदमेव स्मराम्यस्यास्सहसैवोपजल्पितम्कैकेयी संश्रितं वाक्यं नेदानीं प्रतिभाति मा,अस्याः इदमेव स्मरामि सहसैव उपजल्पितम् कैकेयी संश्रितम् वाक्यम् इदानीम् मा न प्रतिभाति,"Do not rely on these words, which are sourced from old, that you will no longer believe them.","I am reminded of this fact, because I am not even now able to grasp the meaning of these words.",4.354822575114032
671,ततःपुस्फोटचर्मास्यप्रसुस्राव च शोणितम् मुष्टिनातेनसञ्जज्ञेमेघेविद्युदिवोत्थिता,तेन मुष्टिना तत: अस्य चर्मपुस्फोट शोणितं च प्रसुस्राव मेघे विद्युत् उत्थिताइव सञ्जज्ञे,"And the lampstand and the lampstand were bright, and the lampstand and the lampstand were bright.","Then the angel said to him, ""Look! There is a cloud of lightning coming out of the sky.",2.432074937831609
672,एतावेव हि सङ्कृद्धौ सवाजिरथकुञ्जराम्लङ्कां नाशयितुं शक्तौ सर्वे तिष्ठन्तु वानराः,सङ्कृद्धौ एतावेव सवाजिरथकुञ्जराम् लङ्काम् नाशयितुम् शक्तौ सर्वे वानराः तिष्ठन्तु,"Let all the monkeys stand, and let them be able to break the shackles of the sword.","Let all the beasts of the earth stand, and let all the beasts of the earth stand, and let all the beasts of the earth stand, and let all the beasts of the earth stand, and let all the beasts of the earth stand, and let all the beasts of the earth stand, and let all the beasts of the earth stand, and let all the beasts of the earth stand, and let all the beasts of the earth stand, and let all the beasts of the earth stand, and let all the beasts of the earth stand, and let all the beasts of the earth stand.",0.11123900971273448
673,यावद्विक्रमितुंबुधदिंचक्रुःप्लवगपुङ्गवाः तावदेतानतिक्रम्यनिर्बिभेदनरान्तकः,प्लवगपुङ्गवाः विक्रमितुम् यावत् बुधदिम् चक्रुः तावदेव एतान् अतिक्रम्य नरान्तकः निर्बिभेद,They are not to be confused with the devil. They are not to be confused with the devil. They are not to be confused with the devil.,"And the birds of the air, and the birds of the air, and the birds of the air, and the birds of the air, and the birds of the air, and the birds of the air, and the birds of the air, and the birds of the air, and the birds of the air, and the birds of the air, and the birds of the air, and the birds of the air, and the birds of the air, and the birds of the air, and the birds of the air, and the birds of the air, and the birds of the air.",0.09037592999133853
674,सद्यस्सौम्यं परित्यज्य भिक्षुरूपं स रावणःस्वं रूपं कालरूपाभं भेजे वैश्रवणानुजः,वैश्रवणानुजः सद्यः सौम्यम् भिक्षुरूपम् परित्यज्य स्वम् कालरूपाभम् रूपम् भेजे,"Having left everything he possessed, he became a monk and sent Ravana to live in the likeness of time.","Let the man who hears the word of God put away the present meekness and meekness, and let himself be shaped by the likeness of the present.",5.492542759175083
675,इदं धनुर्वरं राजन् पूजितं सर्वराजभि:मिथिलाधिप राजेन्द्र दर्शनीयं यदिच्छसि,राजेन्द्र मिथिलाधिप राजन् यत् दर्शनीयम् इच्छसि सर्वराजभि: पूजितम् धनुर्वरम् इदम्,"This is the bow of the king, and the bow of the kings, and the bow of the king of the kings, and the bow of the kings, and the bow of the kings, and the bow of the kings, and the bow of the kings, and the bow of the kings, and the bow of the kings, and the bow of the kings, and the bow of the kings, and the bow of the kings, and the bow of the kings, and the bow of the kings, and the bow of the kings, and the bow of the kings, and the bow of the kings, and the bow of the kings.","And the king said to him, My lord, what thou hast desired to see, and all the kings: This is the bow that thou hast worshipped.",2.7503911460782895
676,अद्येमं संयतं क्रोधमसत्कारं च मानदमोक्ष्यामि शत्रुसैन्येषु कक्षेष्विव हुताशनम्,मानद संयतम् इमम् क्रोधम् असत्कारं च हुताशनम् कक्षेष्विव अद्य शत्रुसैन्येषु मोक्ष्यामि,"I have shown you great self - control, great anger and great respect. I have delivered you from the hands of your enemies and from the hands of your enemies.","""Today I will deliver him from the hand of his enemies, from his wrath and from his fierce anger and from his fierce anger,",4.420497000765024
677,कपिरूपं परित्यज्य हनुमान्मारुतात्मजःभिक्षुरूपं ततो भेजे शठबुद्धितया कपिः,ततः मारुतात्मजः कपिः हनुमान् कपिरूपम् परित्यज्य शठबुद्धितया भिक्षुरूपम् भेजे,They put their clothes on him and put him in a demon - possessed form. Some of them were very clever.,"Then the dead spirit left him, wrapped in cloths, and sent him away as a nun.",2.577168813572977
678,वन्दित्वा चरणौ रामो विसंज्ञस्य पितुस्तथाकैकेय्याश्चाप्यनार्यायाः निष्पपात महाद्युतिः,महाद्युतिः रामः विसंज्ञस्य पितुः चरणौ तथा अनार्यायाः कैकेय्याश्चापि वन्दित्वा निष्पपात,"And he bowed himself to the feet of Ramah, the father of the covenant, and of Caiaphas, and of the virgin, and of the virgin, and of the virgin, and of the virgin, and of the virgin, and of the virgin, and of the virgin, and of the virgin, and of the virgin, and of the virgin, and of the virgin, and of the virgin, and of the virgin, and of the virgin, and of the virgin, and of the virgin, and of the virgin, and of the virgin, and of the virgin, and of the virgin, and of the virgin, and of the virgin, and of the virgin, and of the virgin, and of the virgin, and of the virgin, and of the virgin, and of the virgin,","And Ram the prophet fell down at the feet of his father, and of Anariah, and of Kecaiah, and died.",2.1969029503781465
679,तां चाहं तादृशीं दृष्ट्वा सीताया दारुणां दशाम्चिन्तयामास विक्रान्तो न च मे निर्वृतं मनः,अहम् विक्रान्तः सीतायाः तादृशीम् ताम् दारुणाम् दशाम् दृष्ट्वा चिन्तयामास मे मनः न निर्वृतम्,"When she saw her desire, she was discouraged and refused to sell her wine.","When I saw the vendor and the vendor, and they were drunk, my heart was not troubled.",2.9809077846520733
680,उत्पत्यचैनंतरसातलेनोरस्यताडयत् स तेनाभिहतःकोपात्प्रमुमोहाचलोपमः,उत्पत्य एनम् तरसा तलेन उरसि अताडयत् तेन कोपात् अभिहतः अचलोपमः सः प्रमुमोह,"When they had finished the fourth month, he began to persecute them. He was furious and shouted at them in a loud voice.","So he went out and threw it into the urine. He was furious,",10.754672770161259
681,तां दृष्ट्वा परमप्रीतां ब्रुवन्तीं मन्थरां ततःरामस्यैव गुणान्देवी कैकेयी प्रशशंस ह,तत: परम् अप्रीताम् ब्रुवन्तीम् ताम् मन्थराम् दृष्ट्वा देवी कैकेयी रामस्य गुणानेव प्रशशंस ह,"When they saw her, they were filled with joy and praised God.","When the bride saw the temple, she praised the goddess Caesarea for her beauty.",3.8529149326258914
682,उपपन्नं मनोज्ञं च वचनं तव मैथिलिप्रीता चास्म्युचितं किं ते करवाणि ब्रवीहि मे,मैथिलि तव वचनम् उपपन्नम् मनोज्ञं च प्रीता आस्मि उचितम् किं ते करवाणि मे ब्रवीहि,Show them how to live in harmony with what they have learned and how to use what they have learned.,"Dearly beloved, I have obeyed your commands and obeyed them. It is right for me to do this.",2.7156804039319287
683,अहं सम्पातिवचनाच्छतयोजनमायतम् अस्या हेतोर्विशालाक्ष्याः सागरं वेगवान्प्लुतः,अहम् सम्पातिवचनात् वेगवान् अस्याः विशालाक्ष्याः हेतोः शतयोजनम् आयतम् सागरम् प्लुतः,"I was preparing to sail with the word of the Lord, and the waters of the sea were poured out.","I was able to sail faster than the speed of sound, but I was thrown into the sea about a hundred feet above sea level.",5.416242897613308
684,अवृक्षं कामशैलं च मानसं विहगालयम्न गतिस्तत्र भूतानां देवदानव रक्षसाम्,अवृक्षम् विहगालयम् मानसम् कामशैलम् तत्र भूतानाम् गतिः न देवदानव रक्षसां च न,"Beware of greed and debauchery, and of the evil spirits of men.","They have no power over anything, no power over anything. They have no power over anything. They have no power over anything. They have no power over anything.",0.8692636550022332
685,उचितोऽयं जनस्सर्वो दुःखानां त्वं सुखोचितःधर्मात्मंस्तस्य गुप्त्यर्थं जागरिष्यामहे वयम्,धर्मात्मन् अयम् सर्वः जनः दुःखानाम् उचितः त्वम् सुखोचितः तस्य गुप्त्यर्थम् वयम् जागरिष्यामहे,It is only right that you should be comforted in all your afflictions.,"The Spirit of righteousness is sufficient for all these things; but we will keep watch over him, so that he may be comforted.",3.1721343514584146
686,सर्वेमहाराजमहाप्रभावास्सर्वेमहाशैलनिकाशकायाः सर्वेसमर्थापृथिवींक्षणेनकर्तुंप्रविध्वस्तविकीर्णशैलाम्,महाराज: सर्वे: महाप्रभावाः सर्वे: महाशैलनिकाशकायाः सर्वे: क्षणेन: पृथिवीम् प्रविध्वस्तविकीर्णशैलाम् कर्तुम् समर्थाः,"and to bring down to earth the power and authority of the sovereign, the mighty, the mighty, the mighty, and the mighty,","The king said to them: ""All the mighty ones, all the mighty ones, all the mighty ones, all the mighty ones, all the mighty ones, all the mighty ones, all the mighty ones, all the mighty ones, all the mighty ones, all the mighty ones, all the mighty ones, all the mighty ones, all the mighty ones, all the mighty ones, all the mighty ones, all the mighty ones, all the mighty ones, all the mighty ones, all the mighty ones, all the mighty ones, all the mighty ones, all the mighty ones, all the mighty ones, all the mighty ones, all the mighty ones, all the mighty ones, all the mighty ones, all the mighty ones, all the mighty ones, all the mighty ones, all the mighty ones, all the mighty ones, all the mighty ones, all the mighty ones, all the mighty ones, all the mighty ones, all the mighty ones, all the mighty ones, all the mighty ones, all the mighty ones, all the mighty ones, all",0.0067273492590799325
687,मधुरा मधुरालापा किमाह मम भामिनीमद्विहीना वरारोहा हनुमन् कथयस्व मे,मधुरा मधुरालापा वरारोहा मद्विहीना मम भामिनी किम् आह मे कथयस्व,"""Mother, honey, honey, honey, honey, honey, honey, honey, honey, honey, honey, honey, honey, honey, honey, honey, honey, honey, honey, honey, honey, honey, honey, honey, honey, honey, honey, honey, honey, honey, honey, honey, honey, honey, honey, honey"".",Madara Madara Mara Mara Mara Mara Mara Mara Mara Mara Mara Mara Mara Mara Mara Mara Mara Mara Mara Mara Mara Mara Mara Mara Mara Mara Mara Mara Mara Mara Mara Mara Mara Mara Mara Mara Mara Mara Mara Mara Mara Mara Mara Mara Mara Mara Mara Mara Mara Mara Mara Mara Mara Mara Mara Mara Mara Mara Mara Mara Mara Mara Mara Mara Mara Mara Mara Mara Mara Mara Mara Mara Mara Mara Mara Mara Mara Mara Mara Mara Mara Mara Mara Mara Mara Mara Mara Mara Mara Mara Mara Mara Mara Mara Mara Mara Mara Mara Mara Mara Mara Mara Mara Mara Mara Mara Mara Mara Mara Mara Mara Mara Mara Mara Mara Mara Mara Mara Mara Mara Mara Mara Mara Mara Mara Mara Mara Mara Mara Mara Mara Mara Mara Mara Mara Mara Mara Mara Mara Mara Mara Mara Mara Mara Mara Mara Mara Mara Mara Mara Mara Mara Mara Mara Mara Mara Mara Mara Mara Mara Mara Mara Mara Mara Mara Mara Mara Mara Mara Mara Mara Mara Mara Mara Mara Mara Mara Mara Mara Mara Mara Mara Mara Mara Mara Mara Mara Mara Mara Mara Mara Mara Mara Mara Mara Mara Mara Mara Mara Mara Mara Mara Mara Mara Mara Mara Mara Mara Mara Mara Mara Mara Mara Mara Mara Mara Mara Mara Mara Mara Mara Mara Mara Mara Mara Mara Mara Mara Mara Mara Mara Mara Mara Mara Mara Mara Mara Mara Mara Mara Mara Mara Mara Mara Mara Mara Mara Mara Mara Mara Mara Mara,0.0
688,स विमुक्तो महाबाणो निर्घातसमनिस्वनःरामेण धनुरायम्य खरस्योरसिचापतत्,रामेण धनुः आयम्य खरस्य उरसि विमुक्तः निर्घातसमनिस्वनः सः बाणः अपतत्,He unleashed a powerful arrow that pierced the threshing floor.,"Ramen's arrow broke open, and his bow fell down, and he was struck down.",2.5831124391916536
689,ततोऽब्रवीद्विजान्वृद्धान्यज्ञकर्मसु निष्ठितान्स्थापत्ये निष्ठितांश्चैव वृद्धान्परमधार्मिकान् कर्मान्तिकान् शिल्पकरान्वर्धकीन् खनकानपिगणकान्शिल्पिनश्चैव तथैव नटनर्तकान् तथा शुचीन्शास्त्रविद: पुरुषान् सुबहुश्रुतान्यज्ञकर्म समीहन्तां भवन्तो राजशासनात् इष्टका बहु साहस्राश्शीघ्रमानीयतामिति उपकार्या: क्रियन्तां च राज्ञां बहुगुणान्विता:,तत: यज्ञकर्मसु निष्ठितान् वृद्धान् द्विजान् वृद्धान् परमधार्मिकान् स्थापत्ये निष्ठितांश्चैव कर्मान्तिकान् शिल्पकरान् वर्धकीन् खनकानपि गणकान् शिल्पिनश्चैव तथैव नटनर्तकान् तथा शुचीन् शास्त्रविद: सुबहुश्रुतान् पुरुषान् भवन्त: राजशासनात् यज्ञकर्म समीहन्ताम् बहुसाहस्रा इष्टका: शीघ्रम् आनीयताम् राज्ञाम् बहुगुणान्विता: उपकार्या: क्रियन्ताम्,"And to the wise and wise, and to the wise, and to the wise, and to the wise, and to the wise, and to the wise, and to the wise, and to the wise, and to the wise, and to the wise, and to the wise, and to the wise, and to the wise, and to the wise, and to the wise, and to the wise,","The faithful and the elderly, the righteous and the honorable, the hardworking and the skilled, the skilled and the skilled, the blacksmiths and craftsmen, the silversmiths and the scribes,",0.9512763271827103
690,सकीर्यमाणश्शरजालवृष्टिभिर्महात्मनादीप्तधनुष्मतार्दितः भयात्प्रदुद्रावसमेत्यरावणोयथाविलेनाभिहतोबलाहकः,दीप्तधनुष्मता महात्मना शरजालवृष्टिभिः विकीर्यमाणः रावणः समेत्य भयात् अनिलेन अभिहतः वलाहकःयथा प्रदुद्राव,"They were overcome with a violent storm and a violent storm. They were terrified, and their hearts were filled with fear.","The lamp shone brightly, and the rainstorm came down, and the rainstorm struck him. He was terrified, and his voice sounded like a roar.",5.876939631462593
691,ततश्शुश्राव वै शब्दमतिसंरम्भवर्धितम्मध्यमागम्य तोयस्य सह राम:कनीयसा,तत: राम: तोयस्य मध्यम् आगम्य अतिसंरम्भवर्धितम् शब्दम् कनीयसा सह शुश्राव,"When they heard this, they began to speak more and more loudly.","And he said, ""Ram: I come into the midst of you, and I hear a very loud voice and a very loud voice.",1.3749265821588377
692,पातितोऽहं तदा तेन गम्भीरे सागराम्भसिप्राप्य संज्ञां चिरात्तात लङ्कां प्रतिगतः पुरीम्,तात तदा अहम् गम्भीरे सागराम्भसि पातितः चिरात् संज्ञाम् प्राप्य लङ्कां पुरीम् प्रतिगतः,I was thrown into the depths of the sea and sounded like the sound of a sea anchor.,Suddenly a voice came to me from the depths of the deep sea.,14.576846149722611
693,यदत्रानन्तरं कार्यं लोकानां हितकाम्ययासंविधत्स्व विधानज्ञ त्वं हि न: परमा गति:,विधानज्ञ लोकानाम् हितकाम्यया अत्र अनन्तरम् यत् कार्यम् संविधत्स्व त्वम् न: परमा गति: हि,"If, then, you do what is right for others, you do not know the law, but do what is right for others.",For those who are familiar with the law are better advised not to do what is unlawful.,7.066026049079721
694,एकपादेन धर्मात्मा भक्षयित्वा तदामिषम् निषादविषयं हत्वा शाखया पतगोत्तमःप्रहर्षमतुलं लेभे मोक्षयित्वा महामुनीन्,धर्मात्मा पतगोत्तमः तत् आमिषम् एकपादेन भक्षयित्वा शाखया निषादविषयम् हत्वा महामुनीन् मोक्षयित्वा अतुलम् प्रहर्षम् लेभे,"When the Holy Spirit had eaten the fruit of the vine, he cut off the branches of the vine, cut off the branches of the vine, and cut off the branches of the vine.","When the Spirit of righteousness came, he ate the fruit of the vine, cut off the branches of the vine, and cut off the branches of the vine, and rejoiced greatly.",63.7346589279761
695,अथशृङ्गंसमाविध्यभीमंभीमपराक्रमः चिक्षेपराममुद्धिश्यबलवानन्तकोपमः,अथ भीमपराक्रमः बलवान् अन्तकोपमः भीमम् शृङ्गम् समाविध्य रामम् उद्धिश्य चिक्षेप,"We are filled with great fear, great power, great wisdom, and everlasting wrath.","It is a powerful force, a powerful endpoint. It includes a horn, a ram, a rope, and a rope.",3.592519058831139
696,मया त्वेतद्वचश्श्रुत्वा याचितस्स परन्तपःशापयित्वा तु मां पद्भ्यां प्रविवेश बिलं महत्,एतत् वचः श्रुत्वा मया याचितः परन्तपः सः माम् पद्भ्याम् शापयित्वा महत् बिलम् प्रविवेश,"""I was ready to hear your voice, but it was hard for me to enter on my feet.","When I heard this, I thought about it, but he cursed me with a curse.",4.780204393760627
697,पूर्वद्वारेतुलङ्कायानीलोवानरपुङ्गवः प्रहस्तप्रतियोद्धास्याद्वानरैर्बहुभिर्वृतः,लङ्कायाः पूर्वद्वारे वानरपुङ्गवः नीलः बहुभिः वानरैः वृतः प्रहस्तप्रतियोद्धा स्यात्,"On the east side of the gate there was a large wooden statue of him, and there were many statues of him on the outside.",To the east of the gate was a blue eagle with a large number of eagles.,8.777339797465444
698,अथेन्द्रजित्तु द्रुमचीरबद्धं विचार्य वीरः कपिसत्तमं तम्विमुक्तमस्त्रेण जगाम चिन्तां नान्येन बद्धो ह्यनुवर्ततेऽस्त्रम्,अथ वीरः इन्द्रजित्तु द्रुमचीरबद्धम् तम् कपिसत्तमम् अस्त्रेण विमुक्तम् विचार्य चिन्ताम् जगाम अन्येन बद्धः अस्त्रम् नानु वर्तते हि,"He is a man of many talents, a man of few talents, a man of few talents, a man of few talents, a man of few talents, a man of few talents, a man of few talents, a man of few talents, a man of few talents, a man of few talents, a man of few talents, a man of few talents, a man of few talents, a man of few talents, a man of few talents, a man of few talents, a man of few talents, a man of few talents, a man of few talents, a man of few talents, a man of few talents, a man of many talents, a man of many talents, a man of many talents, a man of many talents, a man of many talents.",This man is a valiant warrior. He has been loosed from the most deceptive weapons of war. He thinks he is the newest weapon in the world.,0.5946508676235346
699,दशास्योविंशतिभुजःप्रगृहीतशरासनः अदृशास्यःदशग्रीवःमैनाकःपर्वतःइव,दशास्यः विंशतिभुजः प्रगृहीतशरासनः दशग्रीवः मैनाकःपर्वतः इव अदृश्यत,"The tenth and twentieth, and the tenth and the tenth, and the tenth and the twentieth, and the tenth and the twentieth, and the tenth and the seventh, and the tenth and the seventh, and the seventh and the seventh, and the seventh and the seventh, and the seventh and the seventh, and the seventh and the seventh, and the seventh and the seventh, and the seventh and the seventh, and the seventh and the seventh, and the seventh and the seventh, and the seventh and the seventh, and the seventh and the seventh and the seventh, and the seventh and the seventh and the seventh.","The tenth was like a mountain of maple figs, and the tenth was like a mountain of maple figs.",2.2515889940778226
700,अनुरक्ता महात्मानं रामं सत्यपराक्रमम्अनुजग्मुः प्रयान्तं तं वनवासाय मानवाः,अनुरक्ताः मानवाः वनवासाय प्रयान्तम् महात्मानम् सत्यपराक्रमम् तं रामम् अनुजग्मुः,"He was a man of great power, a man of great power, a man of great power, and a man of great power.","He was a man of great power, a man of great power, a man of great strength, a man of great strength, a man of great strength.",62.89432153712098
701,तरुणादित्यसङ्काशैर्भान्ति तत्र जलाशयाः महार्हमणिरत्नैश्च काञ्चनप्रभकेसरैःनिलोत्पलवनैश्चित्रै स्स देश स्सर्वतो वृतः निस्तुलाभिश्च मुक्ताभिर्मणिभिश्च महाधनैः,तत्र जलाशयाः तरुणादित्यसङ्काशैः भान्ति सः देशः सर्वतः महार्हमणिरत्नैश्च काञ्चनप्रभकेसरैः चित्रैः नीलोत्पलवनैः निस्तुलाभिः मुक्ताभिः महाधनैः मणिभिश्च वृतः,"The young men were thrown into the open sea, they were thrown into the open sea, they were thrown into the sea, they were thrown into the sea, they were thrown into the sea, they were thrown into the sea, they were thrown into the sea, they were thrown into the sea, they were thrown into the sea, they were thrown into the sea, they were thrown into the sea, they were thrown into the sea, they were thrown into the sea, they were thrown into the sea, they were thrown into the sea.","The waters of the lake were filled with gems, pearls, sapphires, lions, lions, pearls, and pearls.",0.5848843924137813
702,अप्रशस्तैशुचिभिस्सम्प्रयोज्य च तापसान्प्रतिध्नन्त्यपरान्क्षिप्रमनार्याः पुरतः स्थिताः,अनार्याः पुरतः स्थिताः तापसान् अप्रशस्तै: अशुचिभिः सम्प्रयोज्य अपरान् प्रतिघ्नन्ति,"The windows of the tower stood empty, and the tower was unstable, and the fire was not quenched.","In the heat of the day, the plants are not harvested. The unclean ones eat them, and the others are harvested.",8.355668607679483
703,कामदर्पमदैर्युक्तं जिह्मताम्रायतेक्षणम्समक्षमिव कन्दर्पमपविद्धशरासनम्,कामदर्पमदैः युक्तम् जिह्मताम्रायतेक्षणम् अपविद्धशरासनम् समक्षम् कन्दर्पमिव,"For I am in the midst of a painful torment, and I am in the midst of a painful torment.","We are not afraid to stand before the unholy courts. We are not afraid to stand before the unholy courts, but we are afraid to stand before the unholy courts.",1.481550196212783
704,तथा चेन्द्रजितो वेश्म ददाह हरियूथपःजम्बुमाले स्सुमालेश्च ददाह भवनं ततः,हरियूथपः तथा इन्द्रजितः वेश्म ददाह ततः जम्बुमालेः सुमालेश्च भवनम् ददाह,"and the moon, and the moon, and the stars, and the stars, and the stars, and the stars, and the stars, and the stars, and the stars, and the stars, and the stars, and the stars, and the stars, and the stars, and the stars, and the stars, and the stars, and the stars, and the stars, and the stars, and the stars, and the stars, and the stars, and the stars, and the stars, and the stars, and the stars, and the stars, and the stars, and the stars, and the stars, and the stars, and the stars.","And I gave the green leopard, and the green leopard, and the green leopard, and the green leopard, and the green leopard, and the green leopard, and the green leopard, and the green leopard, and the green leopard, and the green leopard, and the green leopard, and the green leopard, and the green leopard.",6.590857923245623
705,सोऽहंरिपुविनाशायविजयायाविचारयन् स्वयमेवगमिष्यामिरणशीर्षंतदद्भुतम्,सः अहम् अविचारयन् रिपुविनाशाय विजयाय अद्भुतम् तत् रणशीर्षम् स्वयमेव गमिष्यामि,"""I thought I was going to be defeated, and I thought I was going to die by myself.","I have fought the race, I have fought the race, I have fought the race, I have fought the race, I have fought the race, I have fought the race, I have fought, I have fought, I have fought, I have fought, I have fought, I have fought, I have fought, I have fought, I have fought, I have fought, I have fought, I have fought, I have fought, I have fought, I have fought, I have fought, I have fought, I have fought, I have fought, I have fought, I have fought, I have fought, I have fought.",0.017411660128462795
706,माययाममवत्सेनवञ्चनार्थंवनौकसाम् किञ्चिदेवहतंतत्रसीतेयमितिदर्शितम्,मम वत्सेन मायया वनौकसाम् वञ्चनार्थम् तत्र किञ्चिदेव हतम् इयम् सीताइति दर्शितम्,"And it came to pass, when I was a little young, that they began to lay their hands on me.","When I was younger, my mother was there to talk to me about the woods.",4.504556737153658
707,कृतं चेन्नाभिजानीषे रामस्याक्लिष्टकर्मणःसद्यस्त्वं निशितैर्भावार्हतो द्रक्ष्यसि वालिनम्,त्वम् अक्लिष्टकर्मणः रामस्य कृतम् नाभिजानीषे यदि सद्यः निशितैः बाणैः हतः वालिनम् द्रक्ष्यसे,"You will see the beauty of those who are cleansed by the work of the chainsaw, which they have made.","You do not know what he did to you, you wise man. If you were to see him now, you would have killed him with sharp arrows.",1.7156361558869555
708,भूय एव हि राजेन्द्र शृणु मे वचनं हितम्यथा स देवप्रवर: कथायामेवमब्रवीत्,राजेन्द्र स: देवप्रवर: यथा कथायाम् अब्रवीत् एवम् मे हितम् वचनम् भूय: एव शृणु,"The earth is the voice of the king, and the voice of God is the voice of the king.","The king said, ""Lord God, I have spoken a good word.",2.7156804039319287
709,सुदुष्करमिदंपुत्रितवचारित्रलक्षणम् कृतंयत्तेऽन्यनारीणांयशोह्यभिभविष्यति,पुत्रि तव चारित्रलक्षणम् यत् सुदुष्करम् कृतम् ते इदम् अन्यनारीणाम् यशः अभिभविष्यति,He will be a lesson to other women when the wicked witch tries to bring him to justice.,"My daughter, what you have done is beautiful, and it will be a success for other women.",9.409234028361707
710,स्फिग्देशेनाभिताम्रेण रराज स महाकपिः महता दारितेनेव गिरिर्गैरिकधातुना,सः महाकपिः अभिताम्रेण स्फिग्देशेन दारितेन इव महता गैरिकधातुना गिरिः इव रराज,"the king of Sphinx, and the great Darius, and the golden calf,","It was like a giant sapphire, made of stainless steel, and made of stainless steel.",5.117379575399021
711,विभीषणवच्शुत्वारावणोराक्षसेश्वराः विसर्जयित्वातान्सर्वान्प्रविवेशस्वकंगृहम्,राक्षसेश्वरः रावणः विभीषणवचः श्रुत्वा: तान् सर्वान् विसर्जयित्वा: स्वकम् गृहम् प्रविवेश:,They were terrified and terrified of the beast and his demons.,"And Rabbah, the ruler of Rabbah, heard a terrible voice, and went into his house, and went out from them all.",1.6504858804426332
712,काराग्रैश्चरणाग्रैश्च वानरै रुत्थितं रजः भीममन्तर्दधे लोकं निवार्य सवितुः प्रभाम् पर्वतवनाकाशां दक्षिणां हरिवाहिनी छादयन्ती ययौ भीमा द्यामिवाम्बुदसन्ततिः,वानरैः कराग्रैः चरणाग्रैश्च उद्दतम् भीमम् रजः सवितुः प्रभाम् निवार्य सपर्वतवनाकाशाम् लोकम् अन्तर्दधे भीम हरिवाहिनी अम्बुदसन्ततीः ज्यामिव दक्षिणाम् छादयन्ती ययौ,"And the cattle, and the sheep, and the sheep, and the goats, and the sheep, and the goats, and the goats, and the sheep, and the goats, and the goats, and the goats, and the sheep, and the goats, and the goats, and the goats, and the sheep, and the goats, and the goats, and the goats, and the sheep, and the goats, and the goats, and the goats, and the goats, and the goats, and the goats, and the goats, and the goats, and the goats.",The birds and the bees and the wild boars and the wild boars and the wild boars and the wild boars and the wild boars and the wild boars and the wild boars and the wild boars and the wild boars and the wild boars and the wild boars and the wild boars and the wild boars and the wild boars and the wild boars and the wild boars and the wild boars and the wild boars and the wild boars and the wild boars and the wild boars and the wild boars and the wild boars and the wild boars and the wild boars and the wild boars and the wild boars and the wild boars and the wild boars and the wild boars and the wild boars and the wild boars and the wild boars and the wild boars and the wild boars and the wild boars and the wild boars and the wild boars and the wild boars and the wild boars and the wild boars and the wild boars.,1.9995947481517726
713,ततस्स हनुमान्वाचा श्लक्ष्णया सुमनोज्ञयाविनीतवदुपागम्य राघवौ प्रणिपत्य च आबभाषे तदा वीरौ यथावत्प्रशशंस च,ततः हनुमान् विनीतवत् राघवौ उपागम्य प्रणिपत्य च श्लक्ष्णया सुमनोज्ञया वाचा आबभाषे तदा यथावत् प्रशशंस च,"Then came Hanukkah, the wise and wise woman, the wise and intelligent woman, the wise and the wise, and the wise and the wise, and the mighty and the mighty,","Then Hanukkah came to him with a loud voice, and he bowed himself to him. He spoke to him with wisdom and sound judgment, and he praised him just as he had said.",3.3543078054784767
714,एषासायमुनारम्यादृश्यतेचित्रकानना भरद्वाजाश्रमःश्रीमान्दृश्यतेचैषमैथिलि,मैथिलि एषा चित्रकानना रम्या सायमुना दृश्यते श्रीमान् एषः भरद्वाजाश्रमः दृश्यते,"He looks at the mirror and ears, and he looks at the master.","Mathily has this painting by Rami Simon, rich man who is a hard worker.",2.9236377892525174
715,स तत्र तेषां रुदतां महात्मनां भुवं च खं चानुनिनादयन्स्वनःगुहा गिरीणां च दिशश्च सन्ततं मृदङ्गघोषप्रतिमः प्रशुश्रुवे,तत्र रुदताम् तेषां महात्मनाम् स्वनः भुवं च खं च गिरीणाम् गुहाश्च दिशश्च अनुनिनादयन् मृदङ्गघोषप्रतिमः सन्ततम् प्रशुश्रुवे,And he heard the sound of the roars and the crying of the mighty men and the crying of the earth and the crying of the caves and the rocks.,"And we heard them weeping and mourning, and they fell down on their faces and on their faces, and on their faces, and on their faces, and on their faces, and on their faces, and on their faces, and on their faces, and on their faces, and on their faces, and on their faces, and on their faces, and on their faces, and on their faces, and on their faces, and on their faces, and on their faces, and on their faces, and on their faces, and on their faces, and on their faces, and on their faces, and on their faces, and on their faces, and on their faces, and on their faces, and on their faces.",0.04933292188923656
716,नील मग्निसुतं चैव हनुमन्तं च वानरम्पितामहसुतं चैव जाम्बवन्तं महाबलम् सुहोत्रं च शरारिं च शरगुल्मं तथैव चगजं गवाक्षं गवयं सुषेणमृषभं तथा मैन्दं च द्विविदं चैव विजयं गन्धमादनम्उल्कामुखमसङ्गं च हुताशनसुतावुभौ अङ्गदप्रमुखान्वीरान्वीर: कपिगणेश्वरःवेगविक्रमसम्पन्नान्सन्दिदेश विशेषवित्,वीरः विशेषवित् कपिगणेश्वरः अग्निसुतम् नीलम् वानरम् हनुमन्तं च पितामहसुतम् महाबलम् जाम्बवन्तं चैव सुहोत्रं च शरारिं च तथैव च शरगुल्मम् गजम् गवाक्षम् गवयम् सुषेणम् तथा वृषभम् मैन्दं च द्विविदं चैव विजयम् गन्धमादनम् उल्कामुखम् असङ्गं च हुताशनसुत उभौ अङ्गदप्रमुखान् वेगविक्रमसम्पन्नान् वीरान् सन्दिदेश,"And the lions, and the dragons, and the dragons, and the dragons, and the giants, and the dragons, and the dragons, and the dragons, and the dragon, and the dragon, and the dragon, and the dragon, and the dragon, and the dragon, and the dragon, and the dragon, and the dragon, and the dragon, and the dragon, and the dragon, and the dragon, and the dragon, and the dragon, and the dragon, and the dragon, and the dragon, and the dragon, and the dragon, and the dragon, and the dragon, and the dragon, and the dragon, and the dragon, and the dragon, and the dragon, and the dragon, and the dragon, and the dragon, and the dragon, and the dragon, and the dragon, and the dragon, and the dragon, and the dragon, and the dragon and the dragon, and the dragon and the dragon, and the dragon and the dragon and the dragon, and the dragon and the dragon and the dragon, and the dragon and the dragon and the dragon, and the dragon and the dragon and the dragon, and the dragon and the dragon and the dragon and the dragon and the dragon and","These are the heroes: the heroes, the heroes, the heroes, the heroes, the heroes, the heroes, the heroes, the heroes, the heroes, the heroes, the heroes, the heroes, the heroes, the heroes, the heroes, the heroes, the heroes, the heroes, the heroes, the heroes, the heroes, the heroes, the heroes, the heroes, the heroes, the heroes, the heroes, the heroes, the heroes, the heroes, the heroes, the heroes, the heroes, the heroes, the heroes, the heroes, the heroes, the heroes, the heroes, the heroes, the heroes, and the heroes.",1.241882217809672
717,तस्य बुद्धिरियं जाता वाल्मीकेर्भावितात्मन: कृत्स्नं रामायणं काव्यमीदृशै: करवाण्यहम्,अहम् कृत्स्नम् रामायणम् काव्यम् ईदृशै: करवाणि इयम् बुद्धि: भावितात्मन: तस्य महर्षे: वाल्मीकेः जाता,"His mind was filled with wisdom, and he was filled with the spirit of righteousness.","I wrote a poem in Kṛṣṇa's Ramayana: ""This is the wisdom to do.",3.0098043843528286
718,ततस्सन्दिश्य सुग्रीवश्श्वशुरं पश्चिमां दिशम्वीरं शतवलिं नाम वानरं वानरर्षभः,वानरर्षभः सुग्रीवः श्वशुरम् पश्चिमां दिशम् सन्दिश्य ततः नाम वीरम् वानरम् शतवलिं,"And I saw a great horned creature looking toward the west, and a beast named Centauri.","And he saw the great and mighty monkeys toward the west, and the name of the great and mighty monkeys came to him.",15.784759607120007
719,पश्येममचलं भद्रे नानाद्विजगणायुतम्शिखरैः खमिवोद्विद्धैर्धातुमद्भिर्विभूषितम्,भद्रे नानाद्विजगणायुतम् खम् उद्विद्धैरिव धातुमद्भि: शिखरैः विभूषितम् इमम् अचलम् पश्य,The upper part of my body was covered with fine lumps of sand and gravel.,"Look at her. She was crowned with gold, silver, and bronze.",3.4585921141027365
720,तेनमुष्टिप्रहोरेणसञ्चुकोपमहाकपिः कुपितश्चनिजग्राहकिरीटेराक्षसर्षभम्,महाकपिः तेन मुष्टिप्रहारेण सञ्चुकोप कुपितः च राक्षसर्षभम् किरीटे निजग्राह,"It is filled with fury and fury. It is filled with fury and anger, and it has a glorious crown.","The great dragon will be thrown into the sea with his wings, and the dragon will be crowned with a crown.",5.356850921756574
721,कामं खल्वहमप्येकस्सवाजिरथकुञ्जराम् लङ्कां नाशयितुं शक्तस्तस्यैष तु न निश्चयः,अहम् एकोऽपि सवाजिरथकुञ्जराम् लङ्काम् नाशयितुम् कामम् शक्तः खलु एषः तु निश्चयः न,But he who is unable to do the work is not able to break the chains of each one's chains.,I am not sure if anyone has the authority to break the chain of the chains.,10.273327819011904
722,शक्रचापनिभं चापं विकृष्य कनकाङ्गदम्दीप्तान् क्षिपति नाराचान्सर्पानिव महाविषान्,शक्रचापनिभम् कनकाङ्गदम् चापम् विकृष्य महाविषान् सर्पानिव दीप्तान् नाराचान् क्षिपति,"They sold their silverware, their spears, their lanterns, their candles, their lanterns, their lanterns, their serpents, and their huge spears.","They sold their silverware for gold, their spears for gold, and their spears for silver. They sold the serpents and their lanterns for gold.",17.678748653651848
723,तं मत्तमिव मातङ्गं बद्धं कपिवरोत्तमम्राक्षसा राक्षसेन्द्राय रावणाय न्यवेदयन्,मत्तम् मातङ्गमिव बद्धम् कपिवरोत्तमम् तम् राक्षसाः राक्षसेन्द्राय रावणाय न्यवेदयन्,They bound him with ropes and placed him in a garment that was more expensive than gold.,Then the demons brought him into the temple of the demons.,2.55404966647159
724,ग्राहयामासतारेयस्स्वयमात्मनमात्मवान् बलंदर्शयितुंवीरोयातुधानगणेतदा,तदा आत्मवान् वीरः तारेयः यातुधानगणे बलम् दर्शयितुम् स्वयम् आत्मानम् ग्राहयामास,"When he had received the gift, he went to the temple to strengthen his spirit.","Then the spirit of boldness came upon the stars, to show them the power of the sea.",3.1820155742184126
725,तामाससादातिबलो भ्रातृभ्यां रहितां वने रहितां चन्द्रसूर्याभ्यां सन्ध्यामिव महत्तमः,अतिबलः वने भ्रातृभ्याम् रहिताम् ताम् चन्द्रसूर्याभ्याम् सन्ध्याम् महत् तमः इव आससाद,"The sun, the moon, and the evening were more pleasant when you were with your brothers and sisters in the woods.","The brothers were surrounded by a strong forest, and they were blessed like the sun, the moon, and the moon.",28.48931827772396
726,यदा तु बहवो वृद्धा गुणवन्तो बहुश्रुताः परिप्रक्ष्यन्ति काकुत्स्थं वक्ष्यामि किमहं तदा,गुणवन्तः बहुश्रुताः बहवः वृद्धाः काकुत्स्थम् यदा परिप्रक्ष्यन्ति तदा अहम् किं वक्ष्यामि,For there are many older men and women in the church who are trying and trying to understand what I am trying to say.,"And what shall I say, when many of the elders have wept and wept?",2.357313684245234
727,स पर्वतान्वृक्षगवान् सरांसिनदीस्तटाकानिपुरोत्तमानि स्फीतान् जनान्तानपिसम्प्रवीक्ष्यजगामवेगापतितृतुल्यवेगः,पितृतुल्यवेगः सः पर्वतान् वृक्षगवान् सरांसि नदीः तटाकानि पुरोत्तमानि तान् स्फीतान् जनान्तान् अपि सम्प्रवीक्ष्य वेगात् जगाम,"He looked at the mountains, the hills, the mountains, the hills, the mountains, the mountains, the hills, the mountains, the mountains, the mountains, the hills, the mountains, the mountains, the mountains, the hills, the mountains, the mountains, the mountains, the mountains, the mountains, the mountains, the mountains, the mountains, the mountains, the mountains, the mountains, the mountains, the hills, the mountains, the mountains, the mountains, the mountains, the mountains, the mountains, the mountains, and the mountains.","He moved the mountains, the hills, the rivers, the coastlines, the mountains, the rivers, the rivers, the rivers, the mountains, the mountains, the rivers,",15.509119447509216
728,सम्मूढमिव त्रैलोक्यं सम्प्रक्षुभितमानसम्भास्करो निष्प्रभश्चैव महर्षेस्तस्य तेजसा,त्रैलोक्यम् सम्प्रक्षुभितमानसम् सम्मूढमिव तस्य महर्षे: तेजसा भास्करश्च निष्प्रभ:,"Even though we are in the midst of a great tribulation, the glory of the Lord is the glory of his majesty.","I have gathered to him the glory of his glory, the glory of his glory, the glory of his glory, and the glory of his glory.",16.978008124086653
729,नवाम्बुधाराहतकेसराणि द्रुतं परित्यज्य सरोरुहाणिकदम्बपुष्पाणि सकेसराणि नवानि हृष्टा भ्रमराः पतन्तिः,हृष्टाः भ्रमराः नवाम्बुधाराहतकेसराणि सरोरुहाणि द्रुतम् परित्यज्य सकेसराणि नवानि कदम्बपुष्पाणि दृष्ट्वा पतन्ति,"When they leave their new clothes, they quickly drop off the fresh flowers of the sea.","When they see new flowers and new plants, they quickly drop out of the lake.",19.672746885239153
730,अवतीर्य विमानाच्च हनुमान् मारुतात्मजःचिन्तामुपजगामाथ शोकोपहतचेतनः,अथ मारुतात्मजः हनुमान् विमानात् अवतीर्य शोकोपहतचेतनः चिन्ताम् उपजगाम,"He was in a plane crash, and Hanukkah was killed, and his spirit was troubled, and his spirit was troubled, and his mind was troubled.","When the deadly spirit descended from the plane, Hanukkah was filled with grief and anguish.",3.3961882197738325
731,एवमुक्तो नरपतिर्ब्राह्मणैर्वेदपारगै: गवां शतसहस्राणि दश तेभ्यो ददौ नृप: शतकोटीस्सुवर्णस्य रजतस्य चतुर्गुणम्,नरपति: नृप: वेदपारगै: ब्राह्मणै: एवम् उक्त: तेभ्य: गवां दश शतसहस्राणि सुवर्णस्य शतकोटी: रजतस्य चतुर्गुणम् ददौ,"And the king gave them ten thousand talents of gold and silver, four times as many as a hundred thousand talents of silver.",This is what the king said to them: They were given ten thousand talents of gold and a hundred thousand talents of silver.,44.67710283121971
732,कृत्येष्वचोदितः पित्रा सर्वस्यान्तःपुरस्य चगतिर्यश्शरणं चापि स रामोऽद्य प्रवत्स्यति,यः पित्रा कृत्येषु अचोदितः सर्वस्य अन्तः पुरस्य गतिः शरणं च आसीत् सः रामः अद्य प्रवत्स्यति,"Even though his father had done all he could, he was still living in Rome.","who was astonished at all that Peter had done, and who was in the innermost part of the inner circle and in the inner part of the inner circle, is called the Lamb of God.",1.818961658422601
733,आलिखन्तीमिवाकाशमुत्थितांपश्यलक्ष्मण मनसेवकृतांलङ्कांनगाग्रेविश्वकर्मणा,लक्ष्मण विश्वकर्मणा नगाग्रे मनसा कृताम् इव उत्थिताम् आकाशम् आलिखन्तीम् लङ्काम् पश्य,"I have written about the things in heaven and on earth, about the things in heaven and on earth, about the things in heaven and on earth, about the things in heaven and on earth, about the things in heaven and on earth, about the things in heaven and on earth, about the things in heaven and on earth, about the things in heaven and on earth, about the things in heaven and on earth, about the things in heaven and on earth, about the things in heaven and on earth, about the things in heaven and on earth, about the things in heaven and on earth.","Then Laxman stood up and looked up at the sky and wrote,",0.42195971003232113
734,भावमस्यतुविज्ञायतत्त्वतस्त्वंकरिष्यसि यदिदुष्टोनदुष्टोवाबुद्धिपूर्वंनरर्षभ,नरर्षभ: अस्य: भावम् तत्त्वतः विज्ञाय: दुष्टोयदि: नदुष्टोवा: बुद्धिपूर्वम् त्वम् करिष्यसि:,"If you know what you are doing, you will be wise. If you are not wise, you will be wise.","Narashv: It means knowing the principle. If you are evil: not evil: before you know it, you will do it.",15.357828990855818
735,पर्वततटाग्रस्थःपीडयन् पर्वतोत्तमम् हनूमान्दृश्यतेवीरोद्वितीयइवपर्वतः,पर्वतताटाग्रस्थः पर्वतोत्तमम् पीडयन् वीरः सःहनूमान् द्वितीय पर्वतःइव दृश्यते,"On the top of the hill, Hanukkah saw a mountain that was much higher than the hill, and there was a second mountain.","On the top of the hill, he climbed the hill. He saw Hananuman on the second hill.",26.15858282579583
736,पठन्द्विजो वागृषभत्वमीयात्स्यात्क्षत्रियो भूमिपतित्वमीयात् वणिग्जन: पण्यफलत्वमीयात्जनश्च शूद्रोऽपि महत्वमीयात्,पठन् जन: द्विज: स्यात् वागृषभत्वम् ईयात् क्षत्रिय: भूमिपतित्वम् ईयात् वणिग्जनः पण्यफलत्वम् ईयात् जनश्च शूद्रोऽपि महत्वम् ईयात्,"I am a farmer, and I am a farmer, and I am a farmer, and I am a farmer, and I am a farmer, and I am a farmer, and I am a farmer, and I am a farmer, and I am a farmer, and I am a farmer, and I am a farmer, and I am a farmer, and I am a farmer, and I am a farmer, and I am a farmer, and I am a farmer, and I am a farmer.","He said, ""Two things are more important than this: to be rich or poor, to be rich or poor, to be rich or poor, to be rich or poor, to be rich or poor, to be rich or poor or poor or poor or poor or poor or poor or poor or poor or poor or poor or poor or poor or poor or poor or poor or poor or poor or poor or poor or poor or poor or poor or poor or poor or poor or poor or poor or poor or poor or poor or poor or poor or poor or poor or poor or poor or poor or poor or poor or poor or poor or poor or poor or poor or poor or poor or poor or poor or poor or poor or poor or poor or poor or poor or poor or poor or poor or poor or poor or poor or poor or poor or poor or poor or poor or poor or poor or poor or poor or poor or poor or poor or poor or poor or poor or poor or poor or poor or poor or poor or poor or poor or poor or poor or poor or poor or poor or poor or poor or poor or poor or poor or poor or poor or poor or poor or poor or poor or poor or poor or poor or poor or poor or poor",0.12348251393579965
737,विक्रमिष्यतिरक्षस्सुभर्तातेसहलक्ष्मणः यथाशत्रुषुशत्रुघ्नोविष्णुनासहवासवः,सहलक्ष्मणः तेभर्ता शत्रुघ्नः विष्णुनासह वासवः शत्रुषु यथा रक्षस्सु विक्रमिष्यति,"They will be sold in stores, they will be sold in stores, they will be sold in stores, they will be sold in stores, they will be sold in stores, they will be sold in stores, they will be sold in stores, they will be sold in stores, they will be sold in stores, they will be sold in stores, they will be sold in stores, they will be sold in stores, they will be sold in stores, they will be sold in stores, and they will be sold in stores.",He will betray those who hate him. He will betray those who hate him. He will betray those who hate him. He will betray those who hate him.,0.5059482236900364
738,मायावी नाम तेजस्वी पूर्वजो दुन्दुभेः सुतःतेन तस्य महद्वैरं स्त्रीकृतं विश्श्रुतं पुरा,दुन्दभेः पूर्वजः सुतः मायावी तेजस्वी पुरा तस्य विश्श्रुतं तेन स्त्रीकृतम् महत् वैरम्,"The woman named Maya, who was a glorious sunflower, slept with her great-great-great-great-great-great-great-great-great-great-great-great-great-great-great-great-great-great-great-great-great-great-great-great-great-great-great-great-great-great-great-great-great-great-great-great-great-great-great-great-great-great-great-great-great-great-great-great-great-great-great-great-great-great-great-great-great-great-great-great-great-great-great-great-great-great-great-great-great-great-great-great-great-great-great-great-great-great-great-",The foolish man fell asleep in his wickedness and glory.,2.627961710408444
739,सोऽधिरुह्य नरव्याघ्रः पादुके ह्यवरुह्य चप्रायच्छत्सुमहातेजा भरताय महात्मने,नरव्याघ्रः सुमहातेजाः सः पादुके अधिरुह्य अवरुह्य च महात्मने भरताय प्रायच्छत्,"A dragon came out of the ark. A dragon came up on his feet and roared, filling the temple with majesty and glory.","And the dragon came down from his feet, and was filled with glory.",5.685840967437622
740,एवमुक्ता मया सा तु सुरसा कामरूपिणी अब्रवीन्नातिवर्तेत कश्चिदेष वरो मम,मया एवम् उक्ता कामरूपिणी सा सुरसा अब्रवीत् कश्चित् नातिवर्तेत एषः मम वरः,So let me tell you something: I am a hard worker and a hard worker.,"When I said this, the woman called out, ""This is my son - in - law.",2.2796871594840864
741,इति सीता च रामश्च लक्ष्मणश्च कृताञ्जलिःअभिगम्याऽश्रमं सर्वे वाल्मीकि मभिवादयन्,इति सीता च रामश्च कृताञ्जलि: लक्ष्मणश्च सर्वे आश्रमम् अभिगम्य वाल्मीकिम् अभिवादयन्,"They greeted Cethas, Ramah, and Laxman, and all who worked hard to get to work.","and they greeted Sith and Ram, and Laxman and all the Asherahs, and they greeted Valmiki.",11.451997463067551
742,परिक्षिप्ता समुद्रेण लङ्केयं शतयोजनानेयं धर्षयितुं शक्या सेन्द्रैरपि सुरासुरैः,शतयोजना इयम् लङ्का समुद्रेण परिक्षिप्ता सेन्द्रैः सुरासुरै रपि इयम् धर्षयितुम् न शक्या,"And even the sails of the sea, which were able to carry the weight of a hundred and twenty cubits,",Neither the sailors nor the hares were able to land the ship.,7.645949399477267
743,कामवृत्तमिदं रौद्रं स्त्रीणामसदृशं मतम्वपुषा त्वस्य सत्त्वस्य विस्मयो जनितो मम,रौद्रम् इदम् कामवृत्तम् स्त्रीणाम् असदृशम् मतम् तु अस्य सत्त्वस्य वपुषा मम विस्मयः जनितः,"I have been a slave to your work, a slave to women's work. I am amazed at the truthfulness of your word.",I was amazed at the truthfulness of this woman's words.,15.337404749451007
744,स तु दूरमुपागम्य सर्वैस्तै: कपिसत्तमैःविचिनोति स्म विन्ध्यस्य गुहाश्च गहनानि च पर्वताग्रान्नदीदुर्गान्सरांसि विपुलान्द्रुमान्वृक्षषण्डांश्च विविधान्पर्वतान्घनपादपान्,सः सर्वैः तैः कपिसत्तमैः दूरम् उपागम्य ततः विन्ध्यस्य गुहाश्च गहनानि च विचिनोति पर्वताग्रान् नदीदुर्गान् सरांसि विपुलान्द्रुमान् वृक्षषण्डांश्च विविधान् पर्वतान् घनपादपान्,"He came from far away and covered everything: the caves and the deep, the mountains and rivers, and all the great deep, and all the mountains and all the hills.",Then he stood at a distance from them all and led them through the caves and deep ravines of mountains and rivers and deep gorges and deep ravines and tree stumps and all kinds of mountains.,8.565154159385912
745,जग्राहभरतोरमशीन्शत्रुघ्नश्चत्रमाददे लक्ष्मणोव्यजनंतस्यमूर्ध्निसम्पर्यवीजयत् श्वेतं च वालव्यजनंजगृहेपरितस्स्थितः अपरंचन्द्रसङ्काशंराक्षसेन्द्रोविभीषणः,भरतः रमशीन् जग्राह शत्रुघ्नः छत्रम् तस्य मूर्ध्नि आददे लक्ष्मणः व्यजनम् सम्पर्यवीजयत् परितः स्थितः राक्षसेन्द्रः विभीषणः चन्द्रसङ्काशम् श्वेतम् अपरम् वालव्यजनम् जगृहे,"The earth was filled with fire, flames, and smoke. The earth was filled with flames of fire and smoke, and the earth was filled with flames of fire, and the earth was filled with flames of fire, and the earth was filled with flames of fire, and the earth was filled with flames of fire, and the earth was filled with flames of fire, and the earth was filled with flames of fire, and the earth was filled with flames of fire, and the earth was filled with flames of fire, and the earth was filled with flames of fire, and the earth was filled with flames of fire.","His head was covered with a rainbow, and his head was covered with a cloud of fools. He was surrounded by demons. He was terrified. The moon was full of light, white, and blue.",1.3078627111452488
746,इत्युक्तास्तेप्रहस्तेनबलाध्यक्षा: कृतत्वरा: बलमुद्योजयामासुस्तस्मिन्राक्षसमन्दिरे,कृतत्वरा: बलाध्यक्षाः इत्युक्ता: प्रहस्तेन तस्मिन् राक्षसमन्दिरे बलम् उद्योजयामासुः,"When they had said this, they took him by the hand and put him in the synagogue.","These words came from the ruler of the city: ""Let us put our hands in the temple of the beast.",4.1246854488197995
747,वसिष्ठस्य वच श्शृत्वा भरतो धारणां गतःप्रेतकार्याणि सर्वाणि कारयामास धर्मवित्,धर्मवित् भरतः वसिष्ठस्य वचः श्रूत्वा धारणाम् गतः सर्वाणि प्रेतकार्यणि कारयामास,Be obedient to the faithful and do what is right.,"The man, who was filled with God's Word, was astonished at what he said and began to do all his miracles.",1.7189335857165506
748,ततस्तेवानराःसर्वेशोणितौघपरिप्लुताः ध्वजवर्मरथानश्वान्नानाप्रहरणानि च आप्लुत्याप्लुत्यसमरेवानरेन्द्राबभञ्चिरे,ततः सर्वे ते वानराः शोणितौघपरिप्लुताः समरे वानरेन्द्राः ध्वजवर्मरथान् अश्वान् नानाप्रहरणानि च आप्लुत्य आप्लुत्य बभञ्जिरे,"They were filled with blood, sweat, blood, and blood. They were filled with blood, blood, sweat, blood, and blood.","Then all the monkeys, wild beasts, foxes, and dragons went down to the lake of Samaria, throwing up their flags and their horses and their plunder.",3.2817966970763432
749,उक्तोऽहं पुनरेवेदं निश्चित्य मनसा तयाहनुमन्मम वृत्तान्तं वक्तुमर्हसि राघवे,अहम् तया मनसा निश्चित्य पुनरेव उक्तः हनुमान् राघवे मम वृत्तान्तम् वक्तुम् अर्हसि,"I will say this again, and I will make sure that you do not hesitate to tell me what happened.","I was convinced of this, and I told him again, ""Get rid of him!",8.461633959345022
750,सा गृहीता विचुक्रोश रावणेन यशस्स्विनी रामेति सीता दुःखार्ता रामं दूरगतंवने,रावणेन गृहीता यशस्स्विनी सा सीता दुःखार्ता वने दूरगतम् रामम् राम इति विचुक्रोश,She took the house and moved to Ravana. She was successful in Ramati. She was saddened by Ram's absence.,"Ravana's daughter, Yashwini, took Sita and mourned for her leaving the forest. She cried out, ""Rama! Ram!""",3.7900211758054216
751,तेयुद्धकुशलैरूढास्तोमराङ्कुशपाणिभिः अन्येलक्षणसंयुक्ताश्शूरारूढामहाबलाः,तोमराङ्कुशपाणिभिः रूढाः ते युद्धकुशलैः शूरारूढाः लक्षणसंयुक्ताः अन्ये महाबलाः,"They were skilled in warfare, and they had weapons of mass destruction, and weapons of mass destruction, and weapons of mass destruction.","with their spears, their weapons of war, their weapons of war, their weapons of might, and all their might.",6.257164371920778
752,दुःख मासाद्यते देवी तथाऽदुःखोचिता सती रावणान्तः पुरे रुद्धा राक्षसीभि स्सुरक्षिताएकवेणीधरा दीना त्वयि चिन्तापरायणा अधःशय्या विवर्णाङ्गी पद्मिनीव हिमागमेरावणाद्विनिवृत्तार्था मर्तव्यकृतनिश्चया देवी कथञ्चित्काकुत्स्थ त्वन्मना मार्गिता मया,तथा दुःखोचिता देवी दुःखम् आपद्यते रावणान्तःपुरे रुद्धा राक्षसीभि स्सुरक्षिता एकवेणीधरा दीना त्वयि सती चिन्तापरायणा अध: शय्या हिमागमे पद्मिनीव विवर्णाङ्गी रावणात् विनिवृत्तार्था मर्तव्यकृन्तिश्चया काकुत्स्थ त्वन्मनाः देवी कथञ्चित् मार्गिता,"My heart is filled with sorrow, and my heart is filled with grief, and my heart is filled with sorrow, and my heart is filled with sorrow, and my heart is filled with sorrow, and my heart is filled with sorrow, and my heart is filled with grief, and my heart is filled with sorrow, and my heart is filled with sorrow, and my heart is filled with sorrow, and my heart is filled with grief, and my heart is filled with sorrow, and my heart is filled with sorrow, and my heart is filled with sorrow.","And the goddess of sorrow brings sorrow, sorrow, tears, tears, demons, insecurities, tears, tears, anxieties, and worries. The goddess of sleep, the goddess of sleep, the goddess of sleep, the goddess of sleep, the goddess of sleep, the goddess of sleep, the goddess of sleep, the goddess of sleep, the goddess of sleep, the goddess of sleep, the goddess of death, the goddess of death, the goddess of death, the goddess of death.",1.472090343516207
753,प्रविश्य नगरीं लङ्कां कपिराजहितंकरः चक्रेऽथ पादं सव्यं च शत्रूणां स तु मूर्धनि,कपिराजहितंकरः सः लङ्कां नगरीम् प्रविश्य अथ शत्रूणाम् मूर्धनि सव्यं पादम् चक्रे,"When he enters a city, he puts on a pillar of salt, and puts his feet on the feet of his enemies.","He went into the city with no royal coat, and laid his feet on the heads of their enemies.",13.471766853689124
754,प्रदीप्तमग्निं पवनस्तेषु वेश्मस्वचारयत्अभूच्छ्वसनसंयोगादतिवेगो हुताशनः,पवनः प्रदीप्तम् अग्निम् तेषु वेश्मसु आचारयत् श्वसनसंयोगात् हुताशनः अतिवेगः अभूत्,"The flames of the flame are on their hands, and the flames of darkness are on their faces.","The flame of the wind engulfed their clothes, and they were filled with fury.",6.439931429457922
755,अवष्टब्धधनुं रामं क्रुद्धं च रिपुघातिनम्ददर्शाऽश्रममागम्य खरस्सह पुरस्सरैः,खरः पुरस्सरैः सह आश्रमम् आगम्य अवष्टब्धधनुम् क्रुद्धम् रिपुघातिनम् रामम् ददर्श,"They were filled with rage, anger, and anger. They were filled with violence, and they were filled with grief.","When he came with the priests to the temple, he saw Ram lying in a manger.",2.0705706652424007
756,निशम्य नदतो नादं वानरास्ते समन्ततः बभूवुरुत्सुकास्सर्वे सुहृद्धर्शनकाङ्क्षिणः,समन्ततः सर्वे ते वानराः नदतः नादम् निशम्य सुहृद्धर्शनकाङ्क्षिणः उत्सुकाः बभूवुः,"A river that never fails to flow, a river that never fails to flow, a river that never fails to flow, a river that never fails to flow, a river that never fails to flow, a river that never fails to flow, a river that never fails to flow, a river that never fails to flow, a river that never fails to flow, a river that never fails to flow, a river that never fails to flow, a river that never fails to flow, a river that never fails to flow, a river that never fails to flow, a river that never fails to flow, a river that never fails to flow, a river that never fails to flow.","At the same time, all the birds of prey were roaring at the same time.",0.31261169871001165
757,हनुमन् सिंहसंकाशावुभौ तौ रामलक्ष्मणौ सुग्रीवञ्च सहामात्यं सर्वान् ब्रूया ह्यनामयम्,हनुमन् सिंहसंकाशौ तौ रामलक्ष्मणौ उभौ सहामात्यम् सुग्रीवञ्च सर्वान् अनामयम् ब्रूयाः,"and Hanuman, and the lions, and the lions, and the ram, and the ram, and the ram, and the ram, and the ram, and the ram, and the ram, and the ram, and the ram, and the ram, and the ram, and the ram, and the ram, and the ram, and the ram, and the ram, and the ram, and the ram, and the ram, and the ram, and the ram, and the ram, and the ram, and the ram, and the ram, and the ram.","and Hanuman, and the lions, and the ram, and the ram, and the ram, and the ram, and the ram, and the ram, and the ram, and the ram, and the ram,",36.552375710238714
758,एवं कथयमानस्य ददर्शाश्रममण्डलम् कुशचीरपरिक्षिप्तं ब्राह्म्या लक्ष्म्या समावृतम्,एवम् कथयमानस्य कुशचीरसमाक्षिप्तम् ब्राह्म्या लक्ष्म्यया समावृतम् आश्रममण्डलम् ददर्श,And the tabernacle of the tabernacle was covered with bricks.,"When he had said this, Brahma saw the temple covered with linen.",6.786053138365654
759,लाभो जनस्यास्य यदेष सर्वं प्रपत्स्यते राष्ट्रमिदं चिरायन ह्यप्रियं किञ्चन जातु कश्चित्पश्येन्न दुःखं मनुजाधिपेऽस्मिन्,एषः यत् सर्वम् इदं राष्ट्रम् चिराय प्रपत्स्यते अस्य जनस्य लाभः अस्मिन् मनुजाधिपे कश्चित् जातु अप्रियम् किञ्चन न पश्येत् हि दुःखम् न,"For a man's business is profitable, and he earns everything. He loves his people, loves their animals, and treats them badly.",He is the one who has ruined all this nation and its benefits. It is not a shame that no one in this world will be held responsible for anything.,1.7949729449838596
760,एवमुक्तस्तु कैकेय्या राजा दशरथस्तदाप्रत्युवाच ततः क्रुद्धो मुहूर्तं विह्वलन्निव,तदा कैकेय्या एवम् उक्तः राजा दशरथः क्रुद्धः मुहूर्तम् विह्वलन्निव ततः प्रत्युवाच,"When Caiaphas heard this, king Deshbazzar was furious and shook his head.","Then Hezekiah answered and said, The king is angry, and is angry.",3.739277016277878
761,नित्यमस्थिरचित्ता हि कपयो हरिपुङ्गवनाज्ञाप्यं विषहिष्यन्ति पुत्रदारान्विना त्वया,हरिपुङ्गव कपयः नित्यम् अस्थिरचित्ताः हि पुत्रदारान् विना त्वया आज्ञाप्यम् न विषहिष्यन्ति,"You will become like a son of God, who will destroy everything that is corrupt and unrighteous.","They will not harm you, nor will they harm you, nor will they harm you, nor will they harm you, nor will they harm you, nor will they harm you, nor will they harm you, nor will they harm you, nor will they harm you, nor will they harm you, nor will they harm you.",0.24127584717860048
762,अद्येदानीं तवानार्ये सीते पापविनिश्चयेराक्षस्यो भक्षयिष्यन्ति मांसमेतद्यथासुखम्,अनार्ये पापविनिश्चये सीते अद्य इदानीम् तव एतत मांसम् राक्षस्यः यथासुखम् भक्षयिष्यन्ति,For now in your temple you will eat the flesh of the wicked and the wicked.,"Now you will eat the flesh of the goats, and the flesh of the serpent, and the flesh of the serpent, and the flesh of the serpent, and the flesh of the beast, and the flesh of the beast, and the flesh of the beast, and the flesh of the beast, and the flesh of the beast.",2.2158735931575424
763,तेभक्ष्यमाणाहरयोरामंजुग्मुस्तदागतिम् कुम्भकर्णोभृशंक्रुद्धःकपीन् खादन् प्रधावति,तदा भक्ष्यमाणा तेहरयः रामम् गतिम् जग्मुः भृशम् क्रुद्धः कुम्भकर्णः कपीन् खादन् प्रधावति,"When he comes to them, they will eat and drink, and the cup will be poured out on them.","Then the hungry will eat, and the hungry will run away, and the hungry will eat, and the hungry will run away, and the hungry will eat.",5.943885932392393
764,एवमुक्तस्तु रामेण कृद्धस्संरक्तलोचनःप्रत्युवाच खरो रामं प्रहसन्क्रोधमूर्छितः,रामेण एवम् उक्तः खरः संरक्तलोचनः ततः प्रहसन् क्रोधमूर्छितः रामम् प्रत्युवाच,"And he said to them, ""Remember, I am the LORD your God, and I am the LORD your God"".","And Ram spoke to them, saying, This is the word of the LORD. And Ram answered them in anger.",8.165974140980245
765,न हि कश्चिदिमं देशं शक्नोत्यागन्तुमीदृशम्यक्षिण्या घोरया राम उत्सादितमसह्यया,राम घोरया असह्यया यक्षिण्या उत्सादितम् ईदृशम् इमम् देशम् आगन्तुम् कश्चित् न शक्नोति,"It is not that anyone can enter a country with great enthusiasm, with great enthusiasm,","""No one can come to this country like this"", he said.",3.0098043843528286
766,विदेहराजो नूनं मां दृष्ट्वा विरहितं तया सुतास्नेहेन सन्तप्तो मोहस्य वशमेष्यति,विदेहराजः तया विरहितम् माम् दृष्ट्वा सुतास्नेहेन सन्तप्तः मोहस्य वशम् एष्यति नूनम्,"But if the salt loses its saltiness in me, it will be salty and salty.","When she saw me naked, she was filled with grief.",3.0098043843528286
767,द्वारस्था हरयस्तत्र महाकाया महाबलाःबभूवुर्लक्ष्मणं दृष्ट्वा सर्वे प्राञ्जलय स्थिताः,तत्र द्वारस्थाः महाकायाः महाबलाः हरयः सर्वे लक्ष्मणम् दृष्ट्वा प्राञ्जलयः स्थिताः बभूवुः,"When they saw a great earthquake and a great earthquake, they stood at the entrance of the gate.","The people who stood at the gates of the temple were great and mighty. When they saw this, the windows of the temple were filled with trembling.",9.14143374346162
768,अप्यहं जीवितं जह्यां त्वां वा सीते सलक्ष्मणाम्न तु प्रतिज्ञां संश्रुत्य ब्राह्मणेभ्यो विशेषतः,सीते अहम् जीवितमपि सलक्ष्मणाम् त्वां वा जह्याम् तु प्रतिज्ञाम् विशेषतः ब्राह्मणेभ्यः संश्रुत्य न,"But as long as I am alive, I am more than willing to give to you or to Silas and Silas, especially to those who have heard the promises.","But if I am alive or dead, I am not going to obey you, nor will I obey you, but I will obey Abraham.",8.635800047213177
769,अद्यरामस्यतद्दृष्टवामयानीतंरणाच्छिरः सुखीभवमहाबाहो सीताभवतुदुःखिता,महाबाहो अद्य रणात् आनीतम् रामस्य तत् शिरः दृष्टवा सुखी भव सीता दुःखिता भवतु,Today you will be filled with joy and gladness and mourning.,"""Woe to you! Today when you see the head of the ram brought from the threshing floor, you will be glad and sorrowful.",4.295024050477016
770,स चापि रामः प्रतिपूर्णमानसोमहद्धनं धर्मबलैरुपार्जितम्नियोजयामास सुहृज्जनेऽचिराद्यथार्हसम्मानवचः प्रचोदितः,सः राम: चापि प्रतिपूर्णमानसः धर्मबलैः उपार्जितम् महत् धनम् अचिरात् यथार्हसम्मानवचः प्रचोदितः सुहृज्जने नियोजयामास,"And it came to pass, when he came to the house of Josiah, the son of Josiah, a man full of grace, and of Josiah the son of Josiah, the son of Josiah, the son of Josiah, the son of Josiah, the son of Josiah, the son of Josiah, the son of Josiah, the son of Josiah, the son of Josiah, the son of Ahaziah, the son of Ahaziah, the son of Ahaziah, the son of Ahaziah, the son of Ahaziah, the son of Ahaziah, the son of Ahaziah, the son of Ahaziah, that the son of Ahaziah, the son of Ahaziah, the son of Ahaziah, the son of Ahaziah, the son of Ahaziah, the son of Ahaziah, the son of Ahaziah, the son of Ahaziah, the son of Ahaziah,","And he made himself rich by virtue of God's mighty power, so that the word of God might be spoken in an accurate and beautiful way.",0.630930523450786
771,स हि राज्यात्परिभ्रष्टः कृतवैरश्च वालिनाहृतदारो वने त्यक्तो भ्रात्रा विनिकृतो भृशम्,वालिना कृतवैरः भ्रात्रा हृतदारः भृशम् विनिकृतः राज्यात् विभ्रष्टः सः त्यक्त: वने,"He is a perverted man, a violent man, a violent man, a violent man, a violent man, a violent man, a violent man, a violent man, a violent man, a violent man, a violent man, a violent man, a violent man, a violent man, a violent man, a violent man, a violent man, a violent man, a violent man, a violent man, a violent man, a violent man, a violent man, a violent man, a violent man, a violent man, a violent man, a violent man, a violent man, a violent man, a violent man, a violent man, a violent man, a violent man, and a violent man.",A brother who has been cut off from the kingdom by a widow is cut off from the kingdom and thrown into the woods.,0.3533679213280508
772,रथंशीघ्रमिदंसूतराघवाभिमुखंनय नाहत्वासमरेशत्रून्निवर्तिष्यतिरावणः,सूत इमम् रथम् शीघ्रम् राघवाभिमुखम् नय रावणः समरे शत्रून् अहत्वा न निवर्तिष्यति,"The chariot is fast, and the ravens are not at the front, but the wind is at the rear.","For his chariot will soon be turned toward the rags, and he will not break his enemies in Samaria.",4.546308713404574
773,त्रिशिराः काञ्चनः केतुस्तालस्तस्य महात्मनः स्थापितः पर्वतस्याग्रे विराजति सवेदिकः,महात्मनः तस्य पर्वतस्य अग्रे स्थापितः केतुः त्रिशिराः काञ्चनः सवेदिकः तालः विराजति,"There were three Tabernacles: a large statue of Zeus at the top of the hill,","There was a statue of him standing in front of the mountain. It was three cubits long, and it was covered with white water.",4.271624875486471
774,पृथिवीधरसङ्काशोनिपीड्यधरणीधरम् पृथिवींक्षोभयामाससार्णवांमारुतात्मजः,पृथिवीधरसङ्काशः मारुतात्मजः धरणीधरम् निपीड्य सार्णवाम् पृथिवीम् क्षोभयामास,"The earth was shaken, and the earth was shaken, and the spirits of the dead went down into the earth.","The earth was shaken, and the spirits of the dead trembled upon the earth.",50.14756677893481
775,दृष्टा देवीति हनुमद्वदनादमृतोपमम् आकर्ण्य वचनं रामो हर्षमाप सलक्ष्मणः,सलक्ष्मणः रामः हनुमद्वदनात् अमृतोपमम् देवी दृष्टा इति वचनम् आकर्ण्य हर्षम् आप,"And when she saw him, she gave him a voice, and spoke to him, and he rejoiced, and said,","He was very pleased when he heard that God had said to him, ""I have seen the goddess of the dead"".",6.680315067894362
776,नातिदूरे न चासन्ने मृगयूथपिपीडिताः मयूरनादिता रम्याः प्रांशवो बहुकन्दराःदृश्यन्ते गिरयः सौम्य फुल्लैस्तरुभिरावृताः,सौम्य मृगयूथपिपीडिताः मयूरनादिताः रम्याः प्रांशवः बहुकन्दराः फुल्लैः तरुभिः आवृताः गिरयः नातिदूरे आसन्ने दृश्यन्ते,"They are not far from the vine, but they are bitter, bitter, bitter, bitter, bitter, bitter, bitter, bitter, bitter, bitter, bitter, bitter, bitter, bitter, bitter, bitter, bitter, bitter, bitter, bitter, bitter, bitter, bitter, bitter, bitter, bitter, bitter, bitter, bitter, bitter, bitter, bitter, bitter, bitter, bitter, bitter, bitter, bitter, bitter, bitter, bitter, bitter, bitter, bitter, bitter, and bitter.","They were of fine silk and fine silk. They were of fine silk and fine silk. They were of fine silk and fine silk. They were of fine silk and fine silk. They were of fine silk and fine silk, and they were of fine silk and fine silk.",0.8675049807340108
777,यूयमेवाभिजानीत योऽयं यद्वा करिष्यतिअहिरेव ह्यहेः पादान्विजानाति न संशयः,अयम् यः यद्वा करिष्यति यूयमेव अभिजानीत अहेः पादान् अहिरेव विजानाति संशयः न,For you know that this man does not know how to wash his feet.,For you know that he who does these things knows the feet of those who are weak.,15.492355458950048
778,इहस्थां मां न जानीते शङ्के लक्ष्मणपूर्वजःजानन्नपि हि तेजस्वी धर्षणं मर्षयिष्यति,लक्ष्मणपूर्वजः माम् इहस्थाम् न जानीते शङ्के जानन्नपि तेजस्वी धर्षणम् मर्षयिष्यति,"I don't know what time it is, but I'm afraid it's going to be a glorious day.","Father Laxman, I don't know what time it is, but I'm afraid I'll die in the light of day.",49.254460676350206
779,तस्य संविशतस्तत्र रुदन्तो वानरर्षभाः नयनेभ्यः प्रमुमुचुरुष्णं वै वारि दुःखिताः,तस्य तत्र संविशतः वानरर्षभाः दुःखिताः रुदन्तः नयनेभ्यः उष्णम् वारि प्रमुमुचुः,"When they saw her, they wept and were filled with grief.","They were surrounded by monkeys, who wept and wept. They were filled with warmth and warmth.",9.913440329668468
780,साहं तस्याग्रतस्तूर्णं प्रस्थिता वनचारिणी न हि मे तेन हीनाया वासस्स्वर्गेऽपि रोचते,सा अहम् वनचारिणी तूर्णम् तस्य अग्रतः प्रस्थिता तेन हीनायाः मे स्वर्गेऽपि न रोचते,"I am not the one who keeps the scroll, but I am the one who wants to go to heaven, to the dwelling place of Eden.","I am the shepherd of the flock, and I have appeared before him, and I have not seen the heavens, nor the earth.",6.773638670879234
781,आसन्याश्शम्बरे मायास्सहस्रमसुराधिपे सर्वास्त्वयि निविष्टास्ता भूयश्चान्यास्सहस्रशः,असुराधिपे शम्बरे याः सहस्रश: मायाः आसन् ताः सर्वाः भूयः सहस्रशः अन्याश्च त्वयि निविष्टाः,"The seats on the throne were ten thousand, the seats on the throne were ten thousand, the seats on the throne were ten thousand, and the seats on the throne were ten thousand, and the seats on the throne were ten thousand, and the seats on the throne were ten thousand, and the seats on the throne were ten thousand.","Asur and Sammar are a thousand; all the earth is mine, and a thousand others dwell in thee.",1.4768078630909172
782,गच्छन्त्विति तत स्सर्वे वसिष्ठं वाक्यमब्रुवन्तेषां तद्वचनं श्रूत्वा वसिष्ठो वाक्यमब्रवीत्,ततः गच्छन्तु इति सर्वे वसिष्ठम् वाक्यम् अब्रुवन् तेषाम् तत् वचनम् श्रुत्वा वसिष्ठः वाक्यम् अब्रवीत्,"As they were leaving, all who were listening to what they were saying became aware of what they were saying.","When the crowd heard this, they were furious.",4.108053662461269
783,बहुभिश्चैकमत्यस्यन्नेकेन च बहून्जनान्विनियोक्ष्याम्यहं बाणान्नृवाजिगजमर्मसु,अहम् बहुभिः एकम् अत्यस्यन् एकेन बहून् जनान् बाणान् नृवाजिगजमर्मसु विनियोक्ष्यामि,"I have been a burden to many, a burden to many, a burden to many, a burden to many.","For I am a man of many with one arm, and with one arm I am a man of many arrows.",2.678425460878287
784,ततःकोपपरीतात्मारावणोराक्षसेश्वरः निर्याणंसर्वसैन्यानांद्रुतमाज्ञापयत्तदा,ततः राक्षसेश्वरः रावण सर्वसैन्यानां निर्याणं कोपपरीतात्मा द्रुत आज्ञापयत्तदा,At once the captain of the cavalry and the commander-in-chief ordered the whole army to leave.,"And Rabshakeh commanded Ravan to send forth all the army, and the spirit of anger prevailed against him.",5.244025089673065
785,राक्षसेन्द्रं महाभागं पौलस्त्यकुलनन्दनम् रावणं शत्रुहन्तारं मन्त्रिभिः परिवारितम्अभिगम्याब्रवीद्वाक्यं राक्षसी भयविह्वला,राक्षसी भयविह्वला राक्षसेन्द्रम् महाभागम् पौलस्त्यकुलनन्दनम् शत्रुहन्तारम् मन्त्रिभिः परिवारितम् रावणम् अभिगम्य वाक्यम् अब्रवीत्,"Paul greeted him with a loud shout. His enemies surrounded him with rhetoric, and he was terrified by the words of the Hebrews.","Fearing the evil spirits, Paul was overjoyed, and the enemy's hands were on him.",4.085892079136997
786,पञ्च पञ्च नखा भक्ष्या ब्रह्मक्षत्रेण राघव शल्यक श्श्वाविधो गोधा शशः कूर्मश्च पञ्चमः,राघव ब्रह्मक्षत्रेण शल्यकः श्वाविधः गोधा शशः कूर्मश्च पञ्चमः पञ्चनखाः भक्ष्याः,"The fifth is wheat, rye, rye, barley, oats, rye, wheat, barley, rye, and oats.","the golden calf, the golden calf, the golden calf, the golden calf, the golden calf, the golden calf, the golden calf, the golden calf, the golden calf, the golden calf, the golden calf, the golden calf, the golden calf, the golden calf, the golden calf, the golden calf, the golden calf, the golden calf, the golden calf, the golden calf, the golden calf, the golden calf, and the golden calf.",0.27185277827178084
787,युध्यस्ववाधृतिंकृत्वाशौर्यमालम्ब्यराक्षस मच्छरैस्त्वंरणेशान्तस्ततःशान्तोभविष्यसि,राक्षस वा धृतिम् कृत्वा शौर्यम् आलम्ब्य युध्यस्व त्वम् रणे मच्छरैः शान्तः ततः भविष्यसि,"You will be at peace with your enemies, you will be at peace with your enemies, you will be at peace with your enemies, you will be at peace with your enemies, you will be at peace with your enemies, you will be at peace with your enemies, you will be at peace with your enemies, you will be at peace with your enemies, you will be at peace with your enemies, you will be at peace with your enemies, you will be at peace with your enemies, you will be at peace with your enemies.","Be courageous, and fight against a monster or a monster, and you will be at peace with the mosquitoes in the wilderness.",4.526606738302925
788,सर्पमाशीविषं बद्ध्वा वस्त्रान्ते नावबुध्यसे ग्रीवायां प्रतिसक्तं च कालपाशं न पश्यसि,आशीविषम् सर्पम् वस्रान्ते बद्ध्वा नावबुध्यसे ग्रीवायाम् प्रतिसक्तम् कालपाशम् न पश्यसि,"You will not see the serpent's hair tied around your waist, nor the serpent's tail tied around your waist, nor the serpent's tail tied around your waist, nor the serpent's tail tied around your waist.","The serpent was tied to the bridle, and the snake was tied to the bridle.",1.5342333164810606
789,कुले जात महाप्राज्ञ महावृत्त महायशःग्राह्यं रामस्य वाक्यं ते पितरं यद्यवेक्षसे,कुले जात महाप्राज्ञ महावृत्त महायशः ते पितरम् अवेक्षसे यदि रामस्य वाक्यम् ग्राह्यम्,"When the high priest, who belonged to the patriarchs, came to them, they asked him what he had said.","When the high priest, who belonged to the patriarchs, came to Peter, they asked him if he would accept what he had to say.",57.38328923029568
790,जानासि हि यथा भीरु स्त्रीणां यौवनमध्रुवम्यावन्न ते व्यतिक्रामेत्तावत्सुखमवाप्नुहि,भीरु स्त्रीणाम् यौवनम् यथा अध्रुवम् जानासि हि ते यावत् न व्यतिक्रामेत् तावत् सुखम् अवाप्नुहि,"You know that the younger women, like men, are full of sexual immorality. They are full of sexual immorality,",The younger women should enjoy themselves until they are fully clothed with their senses.,3.9164496650022476
791,इति भ्रातुर्वचश्श्रुत्वा क्रुद्धस्य च विशेषतःततश्शूर्पणखा वाक्यं सबाष्पमिदमब्रवीत्,भ्रातु: विशेषतः क्रुद्धस्य इति वचः श्रुत्वा ततः शूर्पणखा सबाष्पम् इदं वाक्यम् अब्रवीत्,"But when he heard this, his anger was kindled, and his anger was turned against the word.","When the serpent heard this, he was furious.",8.808424865565325
792,आश्वास्यभरतंदीनंकौसल्यां च यशस्विनीम् कैकेयीं च सुमित्रां च दृष्टवालक्ष्मणमातरम् प्राप्यराज्यमयोध्यायांनन्दयित्वासुहृज्जनम् इक्ष्वाकूणांकुलेवंशंस्थापयित्वामहाबल इष्टवातुरगमेधेनप्राप्यचानुत्तमंयशः ब्राह्मणेभ्योधनंदत्त्वात्रिदिवंगन्तुमर्हसि,महाबल दीनम् भरतम् यशस्विनीम् कौसल्यां च आश्वास्य कैकेयीं च लक्ष्मणमातरम् सुमित्रां च दृष्टवा अयोध्यायाम् राज्यम् प्राप्य सुहृज्जनम् नन्दयित्वा इक्ष्वाकूणाम् कुले वंशम् स्थापयित्वा तुरगमेधेन इष्टवा अनुत्तमम् यश: प्राप्त्य ब्राह्मणेभ्यः धनम् दत्त्वा त्रिदिवम् गन्तुम् अर्हसि,"And when she saw the gold, and the silver, and the silver, and the bronze, and the silver, and the silver, and the gold, and the silver, and the gold, and the silver, and the gold, and the silver, and the gold, and the silver, and the gold, and the silver, and the gold, and the silver, and the gold, and the silver, and the gold, and the silver, and the gold, and the silver, and the gold, and the silver, and the gold, and the silver, and the gold, and the silver, and the gold, and the silver, and the gold, and the silver, and the silver, and the gold, and the silver, and the silver, and the silver, and the silver, and the silver, and the silver, and the silver, and the gold, and the silver, and the silver, and the silver, and the silver, and the silver, and the silver, and the silver, and silver, and the silver, and silver, and silver, and silver, and silver, and silver, and silver, and silver, and silver, and silver, and silver, and silver and silver, and silver and silver","And when he saw the kingdom of Judah, and the kingdom of Judah, and the kingdom of Judah, and the kingdom of Judah, and the kingdom of Judah, and the kingdom of Judah, and the kingdom of Judah, and the kingdom of Judah, and the kingdom of Judah, and the kingdom of Judah, and the kingdom of Judah, and the kingdom of Judah, and the kingdom of Judah, and the kingdom of Judah, and the kingdom of Judah, and the kingdom of Judah, and the kingdom of Judah, and the kingdom of Judah, and the kingdom of Judah, and the kingdom of Judah, and the kingdom of Judah, and the kingdom of Judah, and the kingdom of Judah, and the kingdom of Judah, and the kingdom of Judah, and the kingdom of Judah, and the kingdom of Judah, and the kingdom of Judah, and the kingdom of Judah, and the kingdom of Judah, and the kingdom of Judah, and the kingdom of Judah.",7.003048814256207
793,ततो रामस्य सत्कृत्य विधिना पावकोपमाःआजह्रुस्ते महाभागाः सलिलं धर्मचारिणः,ततः पावकोपमाः महाभागाः ते धर्मचारिणः विधिना सत्कृत्य रामस्य सलिलम् आजह्रुः,"He was well known for his good deeds, both lawfully and lawfully, and he was highly respected today and tomorrow.","Then the chief priests and the elders, who had done right according to the law of righteousness, came to the king's palace.",2.1347907628901255
794,अन्या स्रवन्तु मैरेयं सुरामन्यास्सुविष्ठिताम्अपरा श्चोदकं शीतमिक्षुकाण्डरसोपमम्,अन्याः मैरेयम् स्रवन्तु अन्याः सुविष्ठिताम् सुराम् अपराश्च इक्षुकाण्डरसोपमम् शीतम् उदकम् स्रवन्तु,"The other woman, Mary, was sitting on the porch, washing it in a very clean, well-washed bathtub.","some Mary, some pork flour, some mustard flour, and some mustard flour.",4.343737891358309
795,सुस्राव नयनैः स्त्रीणामस्रमायाससम्भवम्मीनसङ्क्षोभचलितै स्सलिलं पङ्कजैरिव,स्त्रीणाम् नयनैः आयाससम्भवम् अस्रम् मीनसङ्क्षोभ चलितैः पङ्कजैः सलिलमिव सुस्राव,"The women were dressed in fine clothes, covered with fine linen, as long as they could.","The women were able to walk around with boiled eggs, fish, spices, salt and pepper.",9.313775329024091
796,वायसाःसङ्घशःक्रूराव्याहरन्तिसमन्ततः समवेताश्चदृश्यन्तेविमानाग्रेषुसङ्घशः,क्रूराः वायसाः सङ्घश: समन्ततः व्याहरन्ति: विमानाग्रेषु: सङ्घशः समवेताः दृश्यन्ते:,"They must be patient, patient, patient, patient, and upbeat. They must be patient with people in their hearts and minds,",The crude winds are united: united: united: united: united: united: united: united: united: united: united: united: united: united: united: united: united: united: united: united: united: united: united: united: united: united: united: united: united: united: united: united: united: united: united: united: united: united: united: united: united: united: united: united; united: united; united; united; united; united; united; united; united; united; united; united; united; united; united; united; united; united; united; united; united; united; united; united; united; united; united; united; united; united; united; united; united; united; united; united; united; united; united,0.0
797,स्थिरेतस्योरसिव्यूढेपरिघश्शतधाकृतः विकीर्यमाणस्सहसाउल्काशतमिवाम्बरे,स्थिरे व्यूढे तस्यउरसि परिघः शतधा कृतः सहसा अम्बरे उल्काशतमिव विकीर्यमाणः,"They were surrounded by a cloud of lightning, and the sun was shining on them.",It was surrounded on all sides by a wall of brick and stone. It was surrounded on all sides by a wall of brick and stone.,3.3867947180163
798,सुधामणिविचित्राणि भूमिभागानि सर्वशःदशग्रीवस्स्वभवने प्रादर्शयत मैथिलीम्,दशग्रीवः स्वभवने सर्वशः सुधामणिविचित्राणि भूमिभागानि मैथिलीम् प्रादर्शयत,And they gave him a tenth of a tenth of a tenth of a tenth of a tenth of a tenth of a tenth of a tenth of a tenth of a tenth of a tenth of a tenth of a tenth of a tenth of a tenth of a tenth of a tenth of a tenth.,"The Ten Commandments were written in the language of the people of Israel, and in the language of the people of Israel, and in the language of the people of Israel, and in the language of the people of Israel, and in the language of the people of Israel, and in the language of the people of Israel, and in the language of the people of Israel, and in the language of the people of Israel, and in the language of the people of Israel, and in the language of the people of Israel, and in the language of the people of Israel, and in the language of the people of Israel, and in the language of the people of Israel.",0.3477236368990444
799,देवगन्धर्वगोलोकान्ब्रह्मलोकां स्तथाऽपरान्प्राप्नुवन्ति महात्मानो मातापितृपरायणाः,मातापितृपरायणाः महात्मानः देवगन्धर्वगोलोकान् ब्रह्मलोकम् तथा अपरान् प्राप्नुवन्ति,"God gives glory to the nations and to Abraham's descendants, to those who honor their fathers and their fathers,","God's people, God's people, God's people, God's people, God's people, God's people, God's people, God's people, God's people, God's people, God's people, God's people, God's people, God's people, God's people, God's people, God's people, God's people, God's people, God's people, God's people, God's people, God's people, God's people.",0.19040506018649647
800,बाहुवेगप्रणुन्नेन सागरेणाहमुत्सहेसमाप्लावयितुं लोकं सपर्वतनदीह्रदम्,अहम् बाहुवेगप्रणुन्नेन सागरेण सपर्वतनदीह्रदम् लोकम् प्लावयितुम् उत्सहे,"As the crowds roared, they urged the people to be thrown into the sea.",I was about to set the people on fire by the roaring of the sea.,12.451643194233863
801,वानराणां प्रभावो हि न केन विदितः पुरादेवतानां सङ्काशं च ये गच्छन्ति निमन्त्रिताः,ये निमन्त्रिताः देवतानाम् सङ्काशम् गच्छन्ति पुरा वानराणाम् प्रभावः केन न विदितः,"The power of the wild beasts is unknown, and the glory of the ancient gods is unknown.","For those who are called to the light of the gods do not know the power of the serpent,",10.110879968368387
802,अथवा ह्रियमाणायाः पथि सिद्धनिषेविते मन्ये पतितमार्याया हृदयं प्रेक्ष्य सागरम्,अथवा सिद्धनिषेविते पथि ह्रियमाणायाः आर्यायाः हृदयम् सागरम् प्रेक्ष्य पतितम् मन्ये,"or the path of a foolish man, when his heart is troubled, and the sea before him,","or if the path of a perfect fisherman's heart were thrown into the sea,",15.77454598068419
803,मन्दप्रख्यायमानेन रूपेण रुचिरप्रभाम्पिनद्धां धूमजालेन शिखामिव विभावसोः,मन्दप्रख्यायमानेन रूपेण धूमजालेन पिनद्धाम् रुचिरप्रभाम् विभावसोः शिखामिव,"I am not a foolish man, but I am a foolish man. I am not a foolish man, but I am an expert in teaching.","I teach the wise, the wise, the wise, the wise, the wise, the wise, the foolish,",1.8196871111910016
804,कच्चित्ते नियमाः प्राप्ताः कच्चित्ते मनसः सुखम्कच्चित्ते गुरुशुश्रूषा सफला चारुभाषिणि,चारुभाषिणि ते नियमाः प्राप्ताः कच्चित् ते मनसः सुखं कच्चित् ते गुरुशुश्रूषा सफला कच्चित्,"Teach them what is right, teach them what is right, teach them what is right, teach them what is right, teach them what is right, teach them what is right, teach them what is right, teach them what is right, teach them what is right, teach them what is right, teach them what is right, teach them what is right, teach them what is right, teach them what is right, teach them what is right, teach them what is wrong, teach them what is wrong, teach them what is wrong, teach them what is wrong, teach them what is wrong, teach them what is wrong, teach them what is wrong, teach them what is wrong, teach them what is wrong, teach them what is wrong, teach them what is wrong, and teach them what is wrong.","to teach them to speak in tongues, to teach them to be wise, to teach them to be wise,",0.8392789387846255
805,सपुत्रराज्यां सिद्धार्थां मृतपुत्रा तपस्विनीउपस्थास्यतिकौसल्या कच्चित्सौम्य न केकयीम्,सौम्य मृतपुत्रा तपस्विनी कौसल्या सपुत्रराज्याम् सिद्धार्थाम् कैकयीम् न उपस्थास्यति कच्चित्,"He did not have any inheritance, nor any inheritance, nor any inheritance, nor any inheritance, nor any inheritance, nor any inheritance, nor any inheritance, nor any inheritance, nor any inheritance, nor any inheritance, nor any inheritance, nor any inheritance, nor any inheritance, nor any inheritance, nor any inheritance, nor any inheritance, nor any inheritance, nor any inheritance, nor any inheritance, nor any inheritance, nor any inheritance.","A meek son of the dead, obedient to God and wise, will never be able to succeed his son in his kingdom.",0.5442599046902855
806,सीतायाश्चिन्तितं बुद्ध्वा हनुमान्मारुतात्मजः श्रोत्रानुकूलैर्वचनैस्तदा तां संप्रहर्षयत्,मारुतात्मजः हनुमान् सीतायाः चिन्तितम् बुद्ध्वा तदा ताम् श्रोत्रानुकूलैः वचनैः सम्प्रहर्षयत्,"When she heard this, the spirit moved her and stopped her from listening to the word.","But when the spirit of the dead learned that he had done so, he rebuked them with a word.",5.69058918383702
807,तदिच्छामि त्वयाऽऽज्ञप्तं देवि किं करवाण्यहम्रामलक्ष्मणयोः पार्श्वं नयामि त्वां किमुत्तरम्,देवि तत् त्वया आज्ञप्तम् इच्छामि अहम् किम् करवाणि त्वाम् रामलक्ष्मणयोः पार्श्वम् नयामि उत्तरम् किम्,Then I will tell you what I have promised you. I will do nothing against you.,"And I said unto him, What shall I do? And he said unto me, Behold, I am with thee.",2.301174290200105
808,अस्थाने सम्भ्रमो यस्य जातो वै सुमहानयम् धर्मदोष प्रसङ्गेन लोकस्यानतिशङ्कयाकथंह्येतदसम्भ्रान्तस्त्वद्विधो वक्तुमर्हति यथा दैवमशौडीरं शौण्डीर क्षत्रियर्षभ,शौण्डीर क्षत्रियर्षभ यस्य धर्मदोषप्रसङ्गेन लोकस्य अनतिशङ्कया अस्थाने अयम् सुमहान् सम्भ्रमः जातः वै त्वद्विधः असम्भ्रान्तः अशौण्डीरम् दैवम् यथा एतत् कथम् वक्तुम् अर्हति,"The one who goes astray in his place will say, ""I am afraid of the people. "" And he will say, ""You have been cursed. "" He will say, ""You have been cursed. "" He will say, ""You have been cursed. "" He will say, ""You have been cursed. "" He will say, ""You have been cursed. "" He will say, ""You have been cursed"".","""A foolish man, who by reason of his unrighteousness deceives men so much as to deceive them, is worthy of being called a foolish man.",0.6726676431024142
809,तच्चाग्निसदृशं दीप्तं रावणस्य शरावरम्पक्षाभ्यां स महावीर्यो व्याधुनोत्पतगेश्वरः,महावीर्यः सः पतगेश्वरः रावणस्य अग्निसदृशम् दीप्तम् तत् शरावरम् पक्षाभ्याम् व्याधुनोत्,"His shadow was like a blaze of fire, and his shadow was like the shadow of a raven. He was the God of great power and might.","And the glory of God shone forth like the flames of hell, and he spread out the flames of hell.",4.415447650464083
810,यदा वक्तुं स्वयं दैन्यान्न शशाक महीपतिः तदा सुमन्त्रं मन्त्रज्ञा कैकेयी प्रत्युवाच ह,महीपतिः दैन्यात् स्वयम् वक्तुम् यदा न शशाक तदा मन्त्रज्ञा कैकेयी सुमन्त्रम् प्रत्युवाच ह,"As he continued to speak, some of the teachers were amazed.","When he could not speak for himself from day to day, he gave some thoughtful answer.",3.2909945192327683
811,अहं त्ववगतो बुद्ध्या चिह्नैस्तैर्भ्रातरं हतम्पिधाय च बिलद्वारं शिलया गिरिमात्रया शोकार्तश्चोदकं कृत्वा किष्किन्धामागतस्सखेगूहमानस्य मे तत्त्वं यत्नतो मन्त्रिभिश्श्रुतम्,सखे अहं तु तैः चिह्नैः भ्रातरम् हतम् बुद्ध्या अवगतः गिरिमात्रया शिलया बिलद्वारम् पिधाय च शोकार्तः उदकं कृत्वा किष्किन्धाम् आगतः मे गूहमानस्य मन्त्रिभिः तत्त्वम् यत्नतः श्रुतम्,"I have come to you with wisdom, knowledge, wisdom, wisdom, wisdom, wisdom, wisdom, wisdom, wisdom, wisdom, wisdom, wisdom, wisdom, wisdom, wisdom, wisdom, wisdom, wisdom, wisdom, wisdom, wisdom, wisdom, wisdom, wisdom, wisdom, wisdom, wisdom, wisdom, wisdom, wisdom, wisdom, wisdom, wisdom, wisdom, wisdom, wisdom, wisdom, wisdom, wisdom, and wisdom.","When I saw them, I was shocked to learn that they had murdered their brother. I was shocked to learn that they were closing the gates of the city.",0.5848453286773275
812,असौकिरीटीचलकुण्डलास्योनगेन्द्रविन्ध्योपमभीमकायः महेन्द्रवैवस्वतदर्पहन्तारक्षोधिपस्सूर्यइवावभाति,किरीटी चलकुण्डलास्यः नगेन्द्रविन्ध्योपमभीमकायः महेन्द्रवैवस्वतदर्पहन्ता रक्षोधिपः सूर्यःइव अवभाति,"Uncertainty causes the wind to blow, and the wind to blow, and the wind to blow, and the sun to set, and the stars to fall.","The sun shines brightly, the moon shines brightly, and the sun shines brightly.",8.635800047213177
813,उग्रदर्शनकर्माणोबहवस्तत्रदस्यवः आभीरप्रमुखाःपापाःपिबन्तिसलिलंमम,तत्र उग्रदर्शनकर्माणः पापाः आभीरप्रमुखाः बहवः दस्यवः मम सलिलम् पिबन्ति,"For you have been greatly exalted. You have been greatly condemned for your sins, and you have been forgiven for your sins.","""There will be many miraculous ones and sinners in the crowd. They will drink my wine.",1.9822566267103439
814,ऐन्द्रास्त्रेणसमायुज्यलक्ष्मणःपरवीरहा ततशिरःसशिरस्त्राणंश्रीमज्ज्वलितकुण्डलम् प्रमथ्येन्द्रजितःकायात्पातयामासभूतले,परवीरहा लक्ष्मणः ऐन्द्रास्त्रण समायुज्य सशिरस्त्राणम् श्रीमत् ज्वलितकुण्डलम् तत् शिरः प्रमथ्य इन्द्रजितः कायात् भूतले पातयामास,"And the coat of arms, together with the coat of arms, was like a lamp shining from heaven.","There was a coat of sandal wrapped around his head, and he fell to the ground.",4.968018039415939
815,ततो महामेघमहीधराभं प्रभिन्नमत्यङ्कुशमत्यसह्यम्रामौपवाह्यं रुचिरं ददर्शशत्रुञ्जयं नागमुदग्रकायम्,तत: महामेघमहीधराभम् प्रभिन्नम् अत्यङ्कुशम् असह्यम् उदग्रकायम् रामौपवाह्यम् रुचिरम् शत्रृञ्जयम् नागम् ददर्श,He saw a great cloud of clouds and a great cloud of clouds. He saw a sea of clouds and a sea of clouds.,"And he saw a great cloud of clouds, and a great storm, and a fierce storm, and a fierce battle, and a fierce sword, and a dragon.",19.617452221774887
816,तच्छ्रुत्वा करुणं वाक्यं क्रोधो मामभ्यवर्ततउत्तरं च मया दृष्टं कार्यशेषमनन्तरम्,करुणम् तत् वाक्यम् श्रुत्वा माम् क्रोधः अभ्यवर्तत उत्तरम् अनन्तरम् कार्यशेषम् मया दृष्टम्,"And I beheld, and behold, the word of wrath and anger departed from me.","When I heard these words, my anger turned back, and I saw the answer.",6.256118460580958
817,परस्परं घ्नतो स्तत्र वानरासुरयोस्तदाआसीदसुरो युद्धे शक्रसूनुर्व्यवर्धत,तदा तत्र वानरासुरयोः परस्परम् घ्नतोः युद्धे असुरः हीनः आसीद शक्रसूनुः व्यवर्धत,"They hated each other, and the wild beasts were at war with each other.","And there the wild beasts and the beasts of the earth fought with one another, and the Assyrians and the Hittites and the Hittites and the Hittites and the Hittites and the Hittites and the Hittites and the Hittites and the Hittites and the Hittites and the Hittites and the Hittites and the Hittites and the Hittites and the Hittites, and the Hittites and the Hittites, and the Hittites and the Hittites, and the Hittites and the Hittites, and the Hittites and the Hittites, and the Hittites, and the Hittites and the Hittites, and the Hittites, and the Hittites, and the Hittites, and the Hittites, and the Hittites, and the Hittites, and the Hittites, and the Hittites, and the Hittites, and the Hittites, and the Hittites.",0.005014407104054781
818,तमुत्पातकृतोत्साहमवेक्ष्य हरिपुङ्गवम् वर्धमानं महावेगमुवाच जनकात्मजाअश्रुपूर्णमुखी दीना बाष्पगद्गदया गिरा,जनकात्मजा उत्पातकृतोत्साहम् वर्धमानम् महावेगम् तं हरिपुङ्गवम् आवेक्ष्य अश्रुपूर्णमुखी दीना बाष्पगद्गदया गिरा उवाच,"When they saw this, they were filled with awe, and the sound of a great hailstorm came down from their mouth.",He was thrown into a thunderstorm like a tearful hailstorm.,2.0705706652424007
819,सर्वान् समभिधावन्तंयथारुष्टंदिशागजम् मार्गमाणंहरीन्कक्रुद्धंराक्षसैःपरिवारितम्,दुष्टम् दिशागजंयथा सर्वान् समभिधावन्तम् हरीन् मार्गमाणम् क्रुद्धम् राक्षसैः परिवारितम्,"All the people were gathered together. They were covered with thorns, grasshoppers, grasshoppers, and locusts.",They were all together in the wilderness. They were surrounded by angry demons along the green path.,8.808424865565325
820,देवि देवश्च देवी च समागम्य मदन्तरेमन्त्रयेते धृवं किञ्चिदभिषेचनसंहितम्,देवि देवश्च देवी च समागम्य मदन्तरे अभिषेचनसंहितम् किञ्चित् मन्त्रयेते ध्रुवम्,"The temple of God and the goddess, along with some other spices.",God and the Goddess were joined together by a pillar of salt.,12.011055432195764
821,अथ तत्र तदा रामो विश्वामित्रमथाब्रवीत् भगवन् श्रोतुमिच्छामि गङ्गां त्रिपथगां नदीम्त्रैलोक्यं कथमाक्रम्य गता नदनदीपतिम्,अथ राम: तदा तत्र विश्वामित्रम् अब्रवीत् भगवन् त्रिपथगाम् गङ्गां नदीम् श्रोतुम् इच्छामि त्रैलोक्यम् आक्रम्य नदनदीपतिम् कथम् गता,"When he was there, he said to his fellow believer, ""Lord, I have spoken to the sea and to the river, saying, 'Go down three paths, and the river will pass through.'","""Ram"", he replied. ""A friend of mine said, ""God, let me go down three rivers to the river Ganges, and I will go down three rivers to the river Ganges"".",7.477912603899686
822,ततस्सपुरुषव्याघ्र स्तद्धनं सहलक्ष्मणः द्विजेभ्यो बालवृद्धेभ्यः कृपणेभ्योऽह्यदापयत्,ततः पुरुषव्याघ्रः सः सहलक्ष्मणः तत् धनम् द्विजेभ्यः बालवृद्धेभ्यः कृपणेभ्यः अदापयत्,"And he gave him the breast of a lion, two cubs, and two cubs, and a lion, and a lion, and a lion, and a lion, and a lion, and a lion, and a lion, and a lion, and a lion, and a lion, and a lion, and a lion, and a lion, and a lion, and a lion, and a lion, and a lion, and a lion, and a lion, and a lion, and a lion, and a lion.","Then the tiger took the money and gave it to his companions, both young and old, and gave it to them.",0.9662399533377948
823,तच्छ्रुत्वा राक्षसेन्द्रस्तु मन्त्रिपुत्त्रान्महाबलान् पदातिबलसम्पन्नान् प्रेषयामास रावणः,राक्षसेन्द्रः रावणः महाबलान् पदातिबलसम्पन्नान् मन्त्रिपुत्रान् प्रेषयामास,"At once he sent his servants, the greatest of them all, and the richest of them.",Ravana sent powerful and powerful ministers,2.4074859035470344
824,ततः काञ्चनशैलाभ स्तरुणार्कनिभाननःअब्रवीत्प्राञ्जलिर्वाक्यं हनूमान्मारुतात्मजः,ततः काञ्चनशैलाभः तरुणार्कनिभाननः मारुतात्मजः हनूमान् प्राञ्जलिः वाक्यम् अब्रवीत्,"Then some sounded like rain, and the wind blew. The wind blew, and the spirit blew away.","Then some of the disciples heard the voice of a young man named Hanun, who had been killed by the spirit.",5.371298446432264
825,आर्यपुत्र पिता माता भ्राता पुत्रस्तथा स्नुषास्वानि पुण्यानि भुञ्जानाः स्वं स्वं भाग्यमुपासते,आर्यपुत्र पिता माता भ्राता पुत्रः तथा स्नुषा स्वानि पुण्यानि भुञ्जानाः स्वं स्वम् भाग्यम् उपासते,"The father, the mother, the brother, the son, the mother, the mother, the father, the mother, the father, the mother, the father, the mother, the father, the mother, the father, the mother, the father, the mother, the father, the mother, the father, the mother, the father, the mother, the father, the mother, the mother, the father, the mother, the mother, the father, the mother, the mother, the father, the mother, the mother, the mother, the mother, the father, the mother, the mother, the mother, the mother, the mother, the mother, the mother, the mother, the mother, the mother, the mother, the mother, the mother, the father, the mother, the mother, the mother, the mother, the mother, the mother, the mother, the mother, the mother, the mother, the mother, the mother, the mother, the mother, the mother, and the mother, the father, the mother, and the mother, and the mother, the father, the father, and the father, and the mother, and the mother, and the father, and the mother.","The father, the mother, and the brother, the son, and the mother, and the son, and the mother, and the father, and the mother, and the father, and the mother, and the father, and the mother, and the father, and the mother, and the father, and the mother, and the father, and the mother, and the mother, and the father, and the mother, and the father, and the mother, and the mother, and the father, and the mother, and the mother, and the mother, and the mother, and the father, and the mother, and the mother, and the father, and the mother, and the mother, and the mother, and the father, and the mother, and the mother, and the father, and the mother, and the mother, and the father, and the mother, and the mother, and the father, and the mother, and the father, and the daughter, and the daughter, and the daughter, and the daughter and the daughter, and the daughter, and the daughter and the daughter, and the daughter, and the daughter and the daughter, and the daughter, and the daughter and the daughter, and the daughter, and the daughter and the",34.60814390635872
826,एतद्दि किल देवानां वयो भवति नित्यदायथेमे पुरुषव्याघ्रा दृश्यन्ते प्रियदर्शनाः,प्रियदर्शनाः इमे पुरुषव्याघ्राः यथा दृश्यन्ते एतत् देवानाम् वयः नित्यदा भवति किल,"These are the fortresses of the gods, and the appearances of men in perpetual temptation.","The appearance of the gods is like the appearance of men's faces, and the age of the gods is eternal.",11.807145207687945
827,ततो निविष्टां ध्वजिनीं गङ्गामन्वाश्रितां नदीम्निषादराजो दृष्ट्वैव ज्ञातीन्सन्त्वरितोऽऽब्रवीत्,ततः निषादराजः गङ्गां नदीम् अन्वाश्रिताम् निविष्टाम् ध्वजिनीम् दृष्ट्वैव सन्त्वरितः ज्ञातीन् अब्रवीत्,"When he saw that the flag had been lowered, he was amazed at the sound of the rails of the river.","When he saw the flag lying on the banks of the river, he was filled with awe.",15.919638844359847
828,यस्तुहित्वामतंभर्तुस्स्वमतंसम्प्रभाषते अनुक्तवादीदूतस्सन् सदूतोवधमर्हति,यः भर्तुः मतम् हित्वा: स्वमतम् सम्प्रभाषते: धूतस्सन् अनुक्तवादी: सः दूतः वधम् अर्हति:,For the angels who speak in their own tongues are more powerful than the angels who speak in their own tongues.,The man who is in the midst of the crowd speaks in his own voice. The man who is in the midst of the crowd speaks in his own voice. The man who is in the midst of the crowd speaks in his own voice. The man who is in the midst of the crowd speaks in his own voice. The man who is in the midst of the crowd speaks in his own voice. The man who is in the midst of the crowd speaks in his own voice.,0.10353818054936582
829,तस्य चिन्तयमानस्य महर्षेर्भावितात्मन:अगृह्णीतां तत: पादौ मुनिवेषौ कुशीलवौ,तत: मुनिवेषौ कुशीलवौ चिन्तयमानस्य भावितात्मन: तस्य महर्षे: पादौ अगृह्णीताम्,"When he saw her, he was filled with awe and said to her, ""Go and wash your feet"".","Then the spirit of the man who was paralyzed from the waist down said to him, ""Stretch out your feet"".",13.73498871000819
830,अनाहारः कथं शक्तो भग्नसक्थिशिरोमुखः वज्रेणाभिहतः कालं सुदीर्घमपि जीवितुम्,वज्रेण अभिहतः भग्नसक्थिशिरोमुखः अनाहारः सुदीर्घं कालम् जीवितुमपि कथम् शक्तः,"not food, not strength, not strength, not strength, not strength, not strength, not strength, not strength, not strength, not strength, not strength, not strength, not strength, not strength, not strength, not strength, not strength, not strength, not strength, not strength, not strength, not strength, not strength, not strength, not strength, not strength, not strength, not strength, not strength, not strength, not strength, not strength, not strength, not strength.","For a man's life is prolonged, and his days are prolonged.",0.4183823166799266
831,सकृत्तचापःशरताडितश्चमेदार्द्रगात्रोरुधिरावसिक्तः जग्राहशक्तिंस्वयमुग्रशक्तिस्स्वयम्भुदत्तांयुधिदेवशत्रुः,कृत्तचापः शरताडितश्च मेदार्द्रगात्रः रुधिरावसिक्तः स्वयम् उग्रशक्तिः सः देवशत्रुः युधि स्वयम्भुदत्ताम् शक्तिम् जग्राह,"You are powerful men, you are powerful men, you have fought against the forces of evil, against the forces of the world, against the forces of evil, against the forces of evil, against the forces of evil.",He is a mighty warrior. He is a mighty warrior. He is a mighty warrior. He is a mighty warrior. He is a mighty warrior. He is a mighty warrior. He is a mighty warrior.,0.8321783954793125
832,सीतामपश्यन् मनुजेश्वरस्य रामस्य पत्नीं वदतां वरस्यबभूव दुःखाभिहतश्चिरस्य प्लवङ्गमो मन्द इवाचिरस्य,प्लवङ्गमः वदताम् वरस्य मनुजेश्वरस्य रामस्य पत्नीम् सीताम् चिरस्य अपश्यन् दुःखाभिहितः अचिरस्य मन्दः इव बभूव,"When Satan saw the woman, he said, ""The wife of God is Ram, the wife of God"".","They said, ""The wife of Ram, the God of the bridegroom, has become like a sackcloth, filled with grief and anguish.",24.23538407967404
833,अद्य दीर्घस्य कालस्य भविष्याम्यहमाशिताइदं हि मे महत्सत्त्वं चिरस्य वशमागतम्,चिरस्य इदम् महत् सत्त्वम् मे वशम् आगतम् दीर्घस्य कालस्य अद्य अहम् आशिता भविष्यामि,And now I have found greatness and eternal life.,"This is an everlasting truth, and I have come and lived a long time.",5.477194682220922
834,स राक्षसानांकदनंचकारसुमहाकपिः वृतोवानरसैन्येनकालान्तकयोमोपमः,वानरसैन्येन वृतः सःमहाकपिः कालान्तकयमोपमः राक्षसानाम् कदनम् चक्रे,"He was a ruler of the devils, a ruler of giants, and a ruler of armies for a time.","The dragon was thrown into the sea by the army of the wild beasts, and for a long time the beast was thrown into the sea.",5.041016299045804
835,ततस्तान्पूजितान्दृष्टवारत्नार्थैर्हरियूथपान् आरुरोहतदारामस्तद्विमानमनुत्तमम्,ततः रत्नार्थैः तान् हरियूथपान् पूजितान् दृष्टवा रामः तदा अनुत्तमम् तत् विमानम् आरुरोह,"When they saw that they were praying, they put him in prison with a loaf of bread, and put him in prison.","When he saw them worshipping the golden calves, he jumped to his feet.",2.1300733682208985
836,धर्मोवैग्रसतेऽधर्मंततःकृतमभूद्युगम् अधर्मोग्रसतेधर्मंततस्तिष्यःप्रवर्तते,धर्मः यदा अधर्मम् ग्रसते कृतंयुगम् अभूत् अधर्मः धर्मम् ग्रसते तदा तिष्यः प्रवर्तते,For the wickedness of the righteousness of the righteousness of the wickedness of the wickedness of the righteousness of the wickedness of the wickedness of the wickedness of the wickedness of the righteousness of the wickedness of the wickedness of the wickedness of the wickedness of the wickedness of the righteousness of the wickedness of the wickedness of the wickedness of the wickedness of the righteousness of the wickedness of the wickedness of the wickedness of the wickedness of the righteousness of the wickedness of the wickedness of the wickedness of the righteousness of the wickedness of the wickedness of the wickedness of the righteousness of the wickedness of the wickedness of the wickedness of the wickedness of the wickedness of the wickedness of the righteousness of the wickedness of the wickedness of the wickedness of the wickedness of the wickedness of the wickedness of the wickedness of the wickedness of the wickedness of the wickedness.,"But when righteousness has prevailed over lawlessness, lawlessness has prevailed over righteousness.",0.2992375930160206
837,यत्र भागीरथीं गङ्गां यमुनाभिप्रवर्ततेजग्मुस्तं देशमुद्दिश्य विगाह्य सुमहद्वनम् ते भूमिभागान्विविधान् देशांश्चापि मनोरमान्अदृष्टपूर्वान् पश्यन्तस्तत्र तत्र यशश्विनः,यशश्विनः ते सुमहत् वनम् विगाह्य विविधान् भूमिभागान् अदृष्टपूर्वान् मनोरमान् देशांश्चापि तत्र तत्र पश्यन्तः यमुना यत्र भागीरथीम् गङ्गाम् अभिप्रवर्तते तं देशम् उद्दिश्य जग्मुः,"And they came to see the land, and the rivers, and the lakes, and the rivers, and the valleys; and they saw the land, and the land, and the various countries, and they prospered.","And they went through the great forest, and looked upon the land, and looked upon the land of beauty, and behold, the land of Yamuna, where the waters of Bagueroth flow, and looked upon the land.",10.75309290303659
838,मम प्रतिप्रदानं हि रावणस्य न रोचतेरावणं मार्गते संख्ये मृत्युः कालवशं गतम्,मम प्रतिप्रदानम् रावणस्य न रोचते कालवशं गतम् रावणम् संख्ये मृत्युः मार्गते,"My reward is that of not pleasing Ravan, and the number of deaths has passed by.","My reward is no longer for Ravan, but for the last time the number of Ravan is death.",14.078779883814516
839,अनृतं नोक्तपूर्वं मे न च वक्ष्ये कदाचनकृच्छ्रेष्वपि गत स्सौम्य क्षत्रधर्मेण ते शपे,सौम्य मे अनृतम् न उक्तपूर्वम् कदाचन कृच्छ्रेषु गत: अपि न वक्ष्ये क्षत्रधर्मेण ते शपे,"They were cursed by a gentle curse, which had not yet been touched, nor by a curse, nor by a curse, nor by a curse, which had not yet been touched.","Some went to the ravens without saying a word of gentleness, and they cursed them with a curse, not with a curse, but with a curse.",8.002313154198696
840,सूतास्तेहयास्तत्ररथमूहुरविक्लबाः मण्डलान्यभिधावन्तस्तदद्भुतमिवाभवत्,तत्र असूताः ते हयाः अविक्लबाः मण्डलानि अभिधावन्तः रथम् ऊहुः तत् अद्भुतमिव अभवत्,They were amazed at how loudly the crowds shouted.,"As they stood there, they overwhelmed the congregations of the Jews and the Jews, and the chariot was stunned.",1.5029740873775828
841,एवमुक्त्वा महातेजाः समस्तं तद्वरायुधम् दत्वा रामाय भगवानगस्त्यः पुनरब्रवीत्,महातेजा: भगवान् अगस्त्यः एवम् उक्त्वा समस्तम् तत् वरायुधम् रामाय दत्वा पुनः अब्रवीत्,Then the queen gave all the money and returned Ramya to Lord Gastya.,Maiteja: God Augustus said this and he gave all that to the warrior Ramya and brought it back to life.,4.387048221307066
842,अहो भरत सिद्धार्थो येन राजा त्वयाऽनघशत्रुघ्नेन च सर्वेषु प्रेतकृत्येषु सत्कृतः,अनघ भरत येन त्वया शत्रुघ्नेन राजा सर्वेषु प्रेतकृत्येषु सत्कृतः सिद्धार्थः अहो,"O Bharath-e-Siddhartha, may the king be gracious to you, not to your enemies, but to all the evildoers.","Be careful, therefore, that you may be perfect in all your deeds, and that you may be able to defeat all your enemies.",4.214693429291517
843,अथान्यद्वपुरादायदारुणंरोमहर्षणम् निष्पपातमहातेजाःकुम्भकर्णोमहाबलः धनुःशतपरीणाहः स षट्छत्रसमुच्छ्रितः रौद्रःशकटचक्राक्षोमहापर्वतसन्निभः,अथ महातेजाः महाबलः सःकुम्भकर्णः दारुणम् रोमहर्षणम् अन्यत् वपुः आदाय धनुःशतपरीणाहः षट्छत्रसमुच्छ्रितः शकटचक्राक्षः महापर्वतसन्निभः रौद्रः निष्पपात,"These are the great eagles, and the great eagles, and the great eagles, and the great eagles, and the great eagles, and the great eagles, and the eagles, and the eagles, and the eagles, and the eagles, and the eagles, and the eagles, and the eagles, and the eagles, and the eagles, and the eagles, and the eagles.","This great king was a mighty man. He had ears of gold, gold, and silver, and a bow and arrow, and a bow and arrow, and six hundred and thirty seals. He fell from a great mountain.",2.251791787724093
844,लोकेभ्यो यानि रत्नानि सम्प्रमथ्याहृतानि वै तानि मे भीरु सर्वाणि राज्यं चैतदहं च ते,भीरु लोकेभ्यः यानि रत्नानि सम्प्रमथ्य आहृतानि वै तानि सर्वाणि मे एतत् राज्यम् अहं च ते,"I have taken the precious stones of the world, the treasures of the world, and all the kingdoms and kingdoms of the earth.","These kingdoms are mine, and they are mine, and they are mine, and they are mine, and they are mine, and they are mine, and they are mine.",2.689796982106058
845,तांतुसीतापुनःप्राप्तांसरमांवल्गुभाषिणीम् परिष्वज्यचसुस्निग्धंददौचस्वयमासनम्,सीता पुनः प्राप्ताम् वल्गुभाषिणीम् सरमाम् सुस्निग्धम् परिष्वज्य स्वयम् आसनम् ददौ,"But they were gathered together again, and they were filled with joy and gladness.","When she got back to her room, she put on her scented head and sat down on her seat.",2.3547653529958312
846,ततःस्त्वेकंघटंगृह्यसम्स्थाप्यपरमासने घटेनतेनसौमित्रिरभ्यषिञ्चद्विभीषणम् लङ्कायांरक्षसांमध्येराजानंरामशासनात् विधिनामन्त्रदृष्टेनसुहृद्गणसमावृतः,सौमित्रिः सुहृद्गणसमावृतः ततः एकम् घटम् गृह्य विभीषणम् परमासने संस्थाप्य तेन घटेन रक्षसाम् मध्ये मन्त्रदृष्टेन विधिना रामशासनात् लङ्कायाम् राजानम् अभ्यषिञ्चत्,"They seized you with their sword, and you were thrown into prison, and you were thrown into prison, and you were thrown into prison, and you were thrown into prison, and you were thrown into prison, and you were thrown into prison, and you were thrown into prison, and you were thrown into prison, and you were thrown into prison, and you were thrown into prison, and you were thrown into prison, and you were thrown into prison, and you were thrown into prison, and you were thrown into prison, and you were thrown into prison.","Then he got up and threw himself into a cave. He put a curtain on it, and it was hidden from him. Then he went to the palace of the king.",0.804692508559082
847,तेवानरेन्द्रास्त्रिदशारिबाणैर्भिन्नानिपेतुर्भुविभीमकायाः ततस्तुतद्वानरसैन्यमुग्रंप्रच्छादयामाससबाणजालैः,भीमकायाः तेवानरेन्द्राः त्रिदशारिबाणैः भिन्नाः भुवि निपेतुः ततः सः बाणजालैः उग्रम् तत् वानरसैन्यम् प्रच्छादयामास,"They were surrounded by hundreds of thousands of men and women. They were shaken by a great earthquake, and their nets were covered with sackcloth.","Then the dragon's three horns fell to the ground, and threw them into the sea.",2.955622941561161
848,क्षणेन तु महाघोरं वनं निहतराक्षसम्बभूव निरयप्रख्यं मांसशोणितकर्दमम्,निहतराक्षसम् वनम् क्षणेन तु महाघोरम् मांसशोणितकर्दमम् निरयप्रख्य बभूव,"In a moment, a thunderstorm struck the forest and it became like a wild boar.","For a moment, the forest was filled with a fierce fire.",11.64394847706997
849,सन्निधायायुधं क्षिप्रमृष्यमूकालयं कपिम् कुरु राघव सत्येन वयस्यं वनचारिणम्,राघव आयुधम् सन्निधाय वनचारिणम् ऋष्यमूकालयम् कपिम् सत्येन क्षिप्रम् वयस्यम् कुरु,"Do not be afraid of the dark, do not be afraid of the dark, do not be afraid of the dark, do not be afraid of the dark, do not be afraid of the dark, do not be afraid of the dark, do not be afraid of the dark, do not be afraid of the dark, do not be afraid of the dark, do not be afraid of the dark, do not be afraid of the dark, do not be afraid of the dark, do not be afraid of the dark, do not be afraid of the dark, do not be afraid of the dark, do not be afraid of the dark.","Take up your weapons of war, and your guard, and your staff, and your staff, and your staff, and your staff, and your staff, and your staff, and your staff, and your staff, and your staff, and your staff, and your staff, and your staff, and your staff, and your staff, and your staff, and your staff, and your staff, and your staff, and your staff, and your staff, and your staff, and your staff, and your staff, and your staff, and your staff, and your staff, and your staff, and your staff, and your staff, and your staff, and your staff, and your staff, and your staff, and your staff, and your staff, and your staff, and your staff, and your staff, and your staff, and your staff, and your staff, and your staff, and your staff, and your staff.",0.3579406825554006
850,कच्चिदात्मसमा श्शूरा श्श्रुतवन्तो जितेन्द्रियाःकुलीनाश्चेङ्गितज्ञाश्च कृतास्ते तात मन्त्रिणः,तात आत्मसमाः शूराः श्रुतवन्तः जितेन्द्रियाः कुलीनाश्च इङ्गितज्ञाश्च ते मन्त्रिणः कृताः कच्चित्,"When they heard this, they were filled with the Holy Spirit. They were led by Alexander, Cyrene, and Cyrene.","When they heard this, they were overwhelmed by the Holy Spirit.",34.89214645008508
851,सागरोऽप्यतियाद्वेलां मन्दरः प्रचलेदपिन जाम्बवन्तं समरे कम्पयेदरिवाहिनी,सागरः वेलाम् अतियादपि मन्दरः प्रचलेदपि समरे अरिवाहिनी जाम्बवन्तम् न कम्पयेत्,"The waters of the sea were very rough, and the waters of the sea were very shallow, and the waters of the sea were very shallow.",The sea was roaring and the waves of the sea were not shaking.,10.601317434781206
852,एवमुक्त्वा स भरतं भार्यामभ्येत्य राघवःउवाच शोकसन्तप्तः पूर्णचन्द्रनिभाननाम्,सः राघवः भरतम् एवम् उक्त्वा पूर्णचन्द्रनिभाननाम् भार्याम् अभ्येत्य शोकसन्तप्तः उवाच,"When he heard this, he was filled with grief and was filled with grief.","When he had said this, he was filled with grief, and his heart was filled with grief.",50.82027578531172
853,राघवस्य वचश्श्रुत्वा सुग्रीवो वाहिनीपतिःप्रहर्षमतुलं लेभे साधु साध्विति चाब्रवीत्,वाहिनीपतिः सुग्रीवः राघवस्य वचः श्रुत्वा अतुलम् प्रहर्षम् लेभे साधु साधु इति अब्रवीत्,"When the captain of the ship heard this, he was very pleased and asked him to go to the bathroom.","When the centurion heard what had happened, he was overjoyed and said, ""Let's go"".",9.364337313929381
854,न खल्वयं नाभिभवेदुपेक्षितः पराक्रमो ह्यस्य रणे विवर्धतेप्रमापणं त्वेव ममाद्य रोचते न वर्धमानोऽग्निरुपेक्षितुं क्षमः,अयम् न उपेक्षितः नाभिभवेत् न खलु रणे अस्य पराक्रमः वर्धते हि अद्य प्रमापणं त्वेव मम रोचते वर्धमानः अग्निः उपेक्षितुम् न क्षमः,"nor the salt of the earth, nor the salt of the earth, nor the salt of the earth, nor the salt of the earth, nor the salt of the earth, nor the salt of the earth, nor the salt of the earth, nor the salt of the earth, nor the salt of the earth, nor the salt of the earth, nor the salt of the earth, nor the salt of the earth, nor the salt of the earth, nor the salt of the earth, nor the salt of the earth, nor the salt of the earth, nor the salt of the earth.","It has not been neglected, nor has it been scattered, nor has it been scattered, nor has it increased in power, nor is it possible for you to neglect the great fire that is burning in your sight.",1.272694877660614
855,तस्य हर्म्यस्य मध्यस्थं वेश्म चान्यत्सुनिर्मितंबहुनिर्यूहसङ्कीर्णं ददर्श पवनात्मजः,पवनात्मजः तस्य हर्म्यस्य मध्यस्थम् सुनिर्मितम् बहुनिर्यूहसङ्कीर्णम् अन्यत् वेश्म ददर्श,"and the Holy Spirit appeared to him. He saw a linen cloth wrapped around his waist, and a linen cloth wrapped around his waist.","The Spirit of the Spirit came on him, and he saw another robe about him, wrapped in a robe of many robes.",4.042649040111613
856,शूराणांयुद्यमानानांसमरेष्न्विवर्तिनाम् तद्राक्षसगणानांचसुयुद्धंसमवर्तत,शूराणाम् युद्यमानाम् समरेषु अनिवर्तिनाम् राक्षसगणानाम् तत् सुयुद्धम् समवर्तत,"They will go to war with the mighty and the mighty, and with the mighty and the mighty, and with the mighty and the mighty.","He has trained the mighty in battle, the mighty in battle, and the mighty in battle.",8.445516488162156
857,जलप्रपातास्रमुखाश्शृङ्गैरुच्छ्रितबाहुभिःसीतायां ह्रियमाणायां विक्रोशन्तीव पर्वताः,सीतायाम् ह्रियमाणायाम् पर्वताः जलप्रपातास्रमुखाः शृङ्गैः उच्छ्रितबाहुभिः विक्रोशन्तीव,"And the mountains shall be green and green, and the mountains shall be green and green, and the mountains shall be green and green.","and the green mountains of Sith and Hermana, and the rivers of the sea, and the horns of the mountains, and the rocks of the hills,",9.973585293855576
858,यत्सृष्टाऽसि मया सार्धं वनवासाय मैथिलिन विहातुं मया शक्या कीर्तिरात्मवता यथा,मैथिलि यत् मयासार्धम् वनवासाय सृष्टासि आत्मवता कीर्तिर्यथा मया विहातुम् न शक्या,"In order that I may be able to carry out the work of the Spirit in the woods together with you,",I couldn't help but wonder about the spiritual nature of the forest creature that was with me.,4.546308713404574
859,दण्डकारण्यमेषोऽहमितो गच्छामि सत्वरःअविचार्य पितुर्वाक्यं समा वस्तुं चतुर्दश,एषः अहम् पितुः वाक्यम् अविचार्य सत्वरः चतुर्दश समाः वस्तुम् इतः दण्डकारण्यम् गच्छामि,"""I am going to punish you. I am going to punish you. I am going to punish you. I am going to punish you. I am going to punish you. I am going to punish you. I am going to punish you. I am going to punish you. I am going to punish you. I am going to punish you. I am going to punish you. I am going to punish you. I am going to punish you. I am going to punish you.",This is the seventy-fourth time I have sinned against my Father and sentenced him to death.,0.4772646417760986
860,तस्माज्जातोऽहमरुणात्सम्पातिस्तु ममाग्रजःजटायुरिति मां विद्धि श्येनीपुत्रमरिन्दम,अरिन्दम अहम् तस्मात् अरुणात् जातः सम्पातिः मम अग्रज: श्येनीपुत्रम् माम् जटायुरिति विद्धि,"For I am the only one who is worthy of death, but the one who loves me is worthy of death.","I am glad that I have been born of Aaron, and that I have gone before him, and that the son of Shein has seized me.",3.588028099291383
861,कामाद्वा तात लोभाद्वा मात्रातुभ्यमिदं कृतम्न तन्मनसि कर्तव्यं वर्तितव्यं च मातृवत्,तात कामाद्वा लोभाद्वा मात्रा तुभ्यम् इदम् कृतम् तत् मनसि न कर्तव्यम् मातृवत् वर्तिव्यम्,Do not be deceived or deceived by what you have done. Do not be deceived or deceived by what you have done.,"""Do not be deceived by reason of any deceitful act or greed.",12.173115521158184
862,भवत्प्रसादाद् व्यसनंरावणिप्रभवंमहत् आवामिहव्यतिक्रान्तौपूर्ववद् बलिनौकृतौ,भवत्प्रसादाद् आवाम् रावणिप्रभवम् महत् व्यसनम् इह व्यतिक्रान्तौ पूर्ववत् बलिनौ कृतौ,I was so overwhelmed by your suffering that I became stronger and stronger before I was overwhelmed.,"We have been greatly persecuted in the Lord and in the Lord. Moreover, we are stronger than ever before.",2.432074937831609
863,तस्य बाणान्तराद्रक्तं बहु सुस्राव फेनिलम्गिरेः प्रस्रवणस्येव तोयधारापरिस्रवः,तस्य फेनिलम् बहु रक्तम् बाणान्तरात् गिरेः प्रस्रवणस्य तोयधारपरिस्रवः इव सुस्राव,"His throat was filled with water, like perfume and myrrh.",His perfume was like a perfume dripping from a pool of blood.,4.65910170176664
864,अस्या देव्या यथा रूपमङ्गप्रत्यङ्गसौष्ठवम्रामस्य च यथा रूपं तस्येयमसितेक्षणा,अस्याः देव्याः रूपम् अङ्गप्रत्यङ्गसौष्ठवम् यथा च तस्य रूपम् यथा इयम् असितेक्षणा,"The image and likeness of God, the image and likeness of the glory,","The image of the goddess is like a rectangular figure, and the image of the goddess is like an invisible figure.",5.910289406938143
865,अथवारक्ष्यतांरामोयावत्संज्ञाविपर्ययः लब्धसंज्ञौहिकाकुत्स्थौभयंनौव्यपनेष्यतः,अथवा यावत्संज्ञाविपर्ययः रामः रक्ष्यताम् लब्धसंज्ञौ काकुत्स्थौ नौ भयम् व्यपनेष्यतःहि,"So wait until the time of peace, when the promised land will be restored to its inhabitants.","or until the time of the covenant, when the covenant of salvation will be fulfilled, when the covenant of salvation will be fulfilled.",14.50995760682347
866,इत्येवमुक्त्वा हनुमान् श्लक्ष्णं मधुरया गिराबभाषे सोऽभिगच्छेम सुग्रीवमिति राघवम्,हनुमान् मधुरया गिरा इत्येवम् श्लक्ष्णम् उक्त्वा साधु सुग्रीवम् अभिगच्छेम इति राघवम् बभाषे,"When he had said this, he persuaded her to speak wisely and gently.","When Hanukkah said this, he made a wise gesture.",18.20705281109213
867,त्यज शोकं च मोहं च भयं च हृदये स्थितम्त्वया विधानं हर्यग्र्य न शक्यमतिवर्तितुम्,हर्यग्र्य हृदये स्थितम् शोकं च मोहं च भयं च त्यज त्वया विधानम् अतिवर्तितुम् न शक्यम्,"I was deeply saddened, and I was afraid, and my heart was troubled, so that the law could not be changed.","For you could not change your law, neither could your heart's grief, nor my fear, nor my heart's anguish,",4.1202784939919095
868,व्यस्मयन्त मनुष्यास्ते स्वप्नकल्पं तदद्भुतम्दृष्ट्वाऽतिथ्यं कृतं तादृग्भरतस्य महर्षिणा,ते मनुष्याः महर्षिणा भरतस्य कृतम् तादृक् स्वप्नकल्पम् अद्भुतम् तत् आतिथ्यम् दृष्ट्वा व्यस्मयन्त,"And it came to pass that he was exceedingly jealous of the dream, and of the wondrous things which he had seen.",They were amazed at the miraculous vision of the man's hospitality.,3.7419436034576052
869,स्वादूदस्योत्तरे देशे योजनानि त्रयोदश जातरूपशिलो नाम महान्कनकपर्वतः,स्वादूदस्य उत्तरे देशे त्रयोदश योजनानि महान् कनकपर्वतः जातरूपशिलो नाम,"And it came to pass on the north side of Sallod, that there were thirteen mountains named Shiloh, a great mountain,","And there were thirteen plains on the north of Saldur, and the name of the mountain was Shiloh.",11.460878429386794
870,दोषं गुणं वा सम्पृष्टस्त्वमेवं वक्तुमर्हसिअपायं वाप्युपायं वा कार्यस्यास्य विनिश्चये,अस्य कार्यस्य विनिश्चये दोषम् गुणं वा अपायम् उपायं वा सम्पृष्टः त्वम् एवम् वक्तुम् अर्हसि,"If we are to blame for what we have done or for what we have done, we must return to what we have done or what we have decided to do.",You have to decide what is right or wrong in this case.,1.6794256847485505
871,न ह्यहं पापसङ्कल्पे पापे पापं त्वया कृतम्शक्तो धारयितुं पौरैरश्रुकण्ठै र्निरीक्षितः,पापे पापसङ्कल्पे अहम् अश्रुकण्ठैः पौरैः निरीक्षितः त्वया कृतम् पापम् धारयितुम् न शक्तः हि,"For I am not bound by sin, but by sin, so that you may be bound by sin.","For my sins are upon my shoulders, and my tears are upon my shoulders, so that I may not be held responsible for your sins.",6.545100561139679
872,इत्येवमुक्त्वा वचनं महात्मा सीतां प्रियां मैथिलराजपुत्रीम्रामो धनुष्मान्सह लक्ष्मणेन जगाम रम्याणि तपोवनानि,महात्मा रामः प्रियाम् मैथिलराजपुत्रीम् सीताम् इत्येवम् वचनम् उक्त्वा धनुष्मान् सह लक्ष्मणेन रम्याणि तपोवनानि जगाम,"Then the word of the LORD came to you, my beloved Seth, with the bow of Methilus, the daughter of Mramoth, and with the bow of Lachish, and with the bow of the world.","These words were spoken by Mahatma Ram, Priyam, the daughter of Mathil, Siddhartha.",6.61507607186886
873,लक्षयित्वा ह्यभिप्रायं प्रियकामा सुदक्षिणासञ्चोदयति राजानं मदर्थमसितेक्षणा,असितेक्षणा सुदक्षिणा प्रियकामा अभिप्रायम् लक्षयित्वा राजानम् मदर्थम् सञ्चोदयति,"He will come with his right hand, and his right hand, and his right hand, and his right hand, and his right hand, and his right hand, and his right hand, and his right hand, and his right hand, and his right hand, and his right hand, and his right hand, and his right hand, and his right hand, and his right hand, and his right hand, and his right hand, and his right hand, and his right hand, and his right hand, and his right hand, and his right hand, and his right hand, and his right hand, and his right hand, and his right hand, and his right hand, and his right hand, and his right hand.","Now the king is ready to come to me, because he has sought the counsel of the south.",0.3176218296384131
874,इतिब्रुवाणासरमाराक्षसीसीतयासह सर्वोद्योगेनसैन्यानांशब्दंशुश्रावभैरवम्,इति सीतयासह ब्रुवाणा राक्षसी सरमा सैन्यानाम् सर्वोद्योगेन भैरवम् शब्दम् शुश्राव,"""A sound of sound came from all the soldiers who had been sent to battle with the Marathas.","""A voice of terror came from the army of the most powerful beast in the world.",6.439931429457922
875,इति वानरराजस्त्वामाहेत्यभिहितो मयामामैक्षत ततः क्रुद्धश्चक्षुषा प्रदहन्निव,इति वानरराजः त्वाम् आह इति मया अभिहितः ततः क्रुद्धः चक्षुषा प्रदहन्निव माम् ऐक्षत,"The serpent said to the king, ""I will kill you. "" He looked at me, got angry, and pierced his eyes.","""Then I said to him, 'Thou art king,' and he looked at me in anger.",8.688218206838483
876,तामेव मन्मथाविष्टो मयूरोऽप्युपधावति वितत्य रुचिरौ पक्षौ रुतैरुपहसन्निव,मयूरोऽपि रुचिरौ पक्षौ वितत्य रुतैः उपहसन्निव ताम् एव उपधावति मन्मथाविष्टोः,"Then they went to the altar of incense, and put it on the altar of incense, and put it on the altar of incense.","And the rooster came out of the water, and the rooster came out of the water, and the rooster came out of the water, and the rooster came in.",4.047633651892491
877,तेषां वचनसर्वस्वं लक्षयामास चेङ्गितम् उवाच लक्ष्मणो ज्येष्ठं धीमान्भ्रातरमार्तवत्,धीमान् लक्ष्मणः तेषाम् वचनसर्वस्वम् इङ्गितम् लक्षयामास आर्तवत् ज्येष्ठं भ्रातरम् उवाच,"When he had finished speaking all this, the elder and the younger brother Laxmias died.",The older brother called out to him and told him everything they had to say.,3.234245292096216
878,राजा धर्मस्य कामस्य द्रव्याणां चोत्तमो निधिः धर्मश्शुभं वा पापं वा राजमूलं प्रवर्तते,धर्मस्य कामस्य द्रव्याणां च राजा उत्तमः निधिः धर्मः शुभंवा पापं वा राजमूलम् प्रवर्तते,"The king collects treasure from the treasures of righteousness, good or bad, or treasure from the treasures of righteousness,",A king brings good wealth and righteousness and righteousness and righteousness and righteousness and righteousness and righteousness and righteousness.,2.4426633221059637
879,यदस्या निर्गतं तस्मात्तप्तजाम्बूनदप्रभम् काञ्चनं धरणीं प्राप्तं हिरण्यममलं शुभम्,अस्या: तप्तजाम्बूनदप्रभम् यत् निर्गतम् धरणीम् प्राप्तम् तस्मात् शुभम् काञ्चनम् अमलम् हिरण्यम्,It is good that the man who has gone out has found some ground in the Lord.,"For the good and the bad are the fruit of the earth, which the Lord our God has given us.",4.526601509693065
880,स्वबलस्यविघातेनविरूपाक्ष्वधेन च बभूवद्विगुणंक्रुद्धोरावणोराक्षसाधिपः,राक्षसाधिपः रावणः स्वबलस्य घातेन विरूपाक्ष्वधेन च द्विगुणम् क्रुद्धः बभूव,"He is a man of great strength, a man of great strength, a man of great strength, a man of great courage, a man of great wrath, a man of great strength.","Ravana, the ruler of the monsters, was twice as angry because of his strength and violence.",1.5167145487126126
881,मारीचस्य तु मायैषा पूर्वोक्तं लक्ष्मणेन तुतत्तथा ह्यभवच्चाद्य मारीचोऽयं मया हतः,एषा मारीचस्य माया लक्ष्मणेन पूर्वोक्तम् तत् तथा अभवत् हि मया हतः अयम् मारीचः,"""Mary, take care of my mother, and I will take care of you.","This is what happened, as Mary said in her mother's womb.",3.0098043843528286
882,अचिन्त्यकर्मा तपसा ब्रह्मर्षिरतुलप्रभ:विश्वामित्रो महातेजा वेत्स्येनं परमां गतिम्,महातेजा: विश्वामित्र: अचिन्त्यकर्मा तपसा ब्रह्मर्षि: अतुलप्रभ: एनम् परमाम् गतिम् वेत्सि,"The Lord is faithful, and the Lord is faithful, and the Lord is faithful, and the Lord is faithful, and the Lord is faithful, and the Lord is faithful, and the Lord is faithful, and the Lord is faithful, and the Lord is faithful, and the Lord is faithful, and the Lord is faithful, and the Lord is faithful, and the Lord is faithful, and the Lord is faithful, and the Lord is faithful, and the Lord is faithful, and the Lord is faithful, and the Lord is faithful, and the Lord is faithful.",Mother: Friend: Faithful: Faithful: Faithful: Faithful: Faithful: Faithful: Faithful: Faithful: Faithful: Faithful: Faithful: Faithful: Faithful: Faithful: Faithful: Faithful: Faithful: Faithful: Faithful: Faithful: Faithful: Faithful: Faithful: Faithful: Faithful: Faithful: Faithful: Faithful: Faithful: Faithful: Faithful: Faithful: Faithful: Faithful: Faithful: Faithful: Faithful: Faithful:,0.0
883,तेषुवानरमुखेषुदीप्तोल्कोज्ज्वलपाणिषु स्थितेषुद्वारमासाद्यरावणंमन्युराविशत्,दीप्तोल्कोज्ज्वलपाणिषु तेषु वानरमुख्येषु द्वारम् आसाद्य स्थितेषु रावणम् मन्युराविशत्,"They had candles in their mouths, candles in their mouths, and candles in their mouths.","The lampstands were lit with water, and the lampstands stood on their doors.",5.10809933294318
884,न राज्याद्भ्रंशनं भद्रे न सुहृद्भिर्विनाभवःमनो मे बाधते दृष्ट्वा रमणीयमिमं गिरिम्,हे भद्रे इमम् रमणीयम् गिरिम् दृष्ट्वा राज्यात् भ्रंशनम् मे मनः न बाधते सुहृद्भिर्विनाभवः न,We were glad to fall down when we saw that there was no treachery in our hearts.,"""My dear brother, you have seen this man's good deeds, and your heart is not troubled because of the corruption of the kingdom.",1.3026405658027873
885,छिन्नवर्णतनुत्राणाराक्षसावानरैर्हताः रुधिरंप्रसृतास्तत्ररससारमिवद्रुमाः,वानरैः हताः राक्षसाः छिन्नवर्णतनुत्राणाः द्रुमाः रससारम् तत्र रुधिरम् प्रसृताः,"They had shades of purple and crimson, and their faces were covered with blood.",And the serpents and the dragons and the scorpions and the hailstones and the sprinklers of blood sprinkled on it.,2.6755299975605418
886,ततोनानाप्रहरणाभीमाक्षाभीमदर्शनाः निष्पेतूराक्षसामुख्याबलाध्यक्षप्रचोदिताः,ततः नानाप्रहरणाः भीमाक्षाः भीमदर्शनाः मुख्याः राक्षसाः बलाध्यक्षप्रचोदिताः निष्पेतुः,"When they heard this, they began to cry out to the captain of the guard,","Then they cut off the serpents, and the beasts, and the beasts, and the beasts, and the princes of the army.",3.545256468515113
887,हयोत्तमसमायुक्तंसर्वायुधसमाकुलम् आरुरोहरथश्रेष्ठंत्रिशिरारावणात्मजः,रावणात्मजः त्रिशिराः हयोत्तमसमायुक्तम् सर्वायुधसमाकुलम् रथश्रेष्ठम् आरुरोह,"You have been trained to do good in the church, to do good in battle, to be stronger than men, to have perseverance in the Spirit,","Ravan, three chariots, three horsemen, all kinds of weapons, all kinds of chariots, all kinds of weapons, all kinds of weapons, all kinds of weapons, all kinds of weapons, all kinds of weapons, all kinds of weapons, all kinds of weapons, all kinds of weapons, all kinds of weapons, all kinds of weapons, all kinds of weapons, all kinds of weapons, all kinds of weapons, all kinds of weapons, all kinds of weapons, all kinds of weapons, all kinds of weapons, all kinds of weapons, all kinds of weapons, all kinds of weapons, all kinds of weapons, all kinds of weapons, all kinds of weapons, all kinds of weapons, all kinds of weapons, all kinds of weapons, all kinds of weapons, all kinds of weapons.",0.02463031424765589
888,चिरस्य बत पश्यामि दूराद्भरतमागतम्दुष्प्रतीकमरण्येऽस्मिन् किं तात वनमागतः,अस्मिन् अरण्ये दूरात् आगतम् दुष्प्रतीकं भरतम् चिरस्य पश्यामि बत तात वनम् किम् आगतः,"And I saw a fox coming from afar, and the evil one came into the wilderness.",We have seen a dragon coming from far away in the wilderness. Why has he come to the forest?,9.25617898868023
889,तानुवाचततःसर्वान्हनुमान् मारुतात्मजः विषण्णवदनान्दीनांस्त्रस्तान्विद्रवतःपृथक्,ततः मारुतात्मजः हनुमान् विषण्णवदनान् दीनान् त्रस्तान् पृथक् विद्रवतः तान् सर्वान् उवाच,"Then the spirits of the dead, who were still alive, cried out in a loud voice.",Then the spirit of death seized him with a loud cry and tore him to pieces.,6.336859268415405
890,एतत्सुनीतंममदर्शनेनरामंहिदृष्टवैभवेदनर्धः इहैवतेसेत्स्यतिमोत्सुकोभूर्महानयुद्धेनसुखस्यलाभः,एतत् मम दर्शने सुनीतम् रामम् दृष्टवैव अनर्थः भवेत् हि ते अयुद्धेन सुखस्य महान् लाभः इहैव सेत्स्यति उत्सुकः माभूः,"When I saw this, I was terrified. I was terrified. I was afraid. I was afraid. I was afraid. I was afraid. I was afraid. I was afraid. I was afraid. I was afraid. I was afraid. I was afraid. I was afraid. I was afraid. I was afraid. I was afraid. I was afraid. I was afraid. I was afraid. I was afraid. I was afraid. I was afraid. I was afraid. I was afraid. I was afraid. I was afraid. I was afraid. I was afraid. I was afraid. I was afraid. I was afraid. I was afraid. I was afraid. I was afraid.","When I saw this, I was eager to see if Sunita and Rama could tell me that they were going to have a good time without fighting and enjoying themselves.",3.9903183883004316
891,एकस्यैवाभियानेतुहेतुर्यःकथितस्त्वया तत्राप्यनुपपन्नंतेवक्ष्यामियदसाधु च,एकस्यैव अभियाने त्वया यः हेतुः कथितः तत्रापि यत् अनुपपन्नम् असाधु च ते वक्ष्यामि,"When one of your brothers says to you, ""Take care of yourself, "" you give him what he needs, and you give him what he needs.",Let me tell you about what you said and what you did not say.,1.9508315563589547
892,मामप्येवं विशालाक्षी जानकी जातसम्भ्रमा मदनेनाभिवर्तेत यदि नाऽपहृता भवेत्,विशालाक्षी जानकी अपहृता न भवेत् यदि मदनेन जातसम्भ्रमा एवम् मामपि अभिवर्तेत,"For if I had not been saved, I would not have been saved if I had not been saved, and if I had not been saved, I would not have been saved if I had not been saved.","If I were to go along with them, they would not have killed me.",3.865880063854098
893,ततोऽम्बुधरसङ्काशं प्रवृद्धशिखरं गिरिम्विचित्रकूटं कूटैश्च सर्वतः परिवारितम् शिलागृहैरवततं नानावृक्षैः समावृतम्ददर्श हरिशार्दूलो रम्यं जगति पर्वतम्,ततः हरिशार्दूलः जगति रम्यं पर्वतम् अम्बुधरसङ्काशम् प्रवृद्धशिखरम् विचित्रकूटम् सर्वतः कूटै: परिवारितम् शिलागृहैः अवततम् नानावृक्षैः समावृतम् गिरिम् ददर्श,"Then I saw a mountain of green, green, and round, and covered with stone pillars.","Then he saw the green and green mountains, the green and the green, the green and the green, and the green and the green, and the green and the green, and the green and the green, and the green and the green, and the green and the green, and the green and the green, and the green and the green, and the green, and the green, and the green, and the green, and the green, and the green, and the green, and the green, and the green, and the green, and the green, and the green, and the green, and the green, and the green, and the green, and the green, and the green, and the green, and the green, and the green, and the green, and the green and the green, and the green, and the green, and the green and the green, and the green, and the green, and the green and the green, and the green, and the green, and the green and the green, and the green, and the green, and the green and the green, and the green and the green, and the green, and the green, and the green and the green, and the green, and the",5.284330414878846e-05
894,शोचन्त्या अल्पभाग्याया न किञ्चिदुपकुर्वतापुत्रेण किमपुत्राया मया कार्यमरिन्दम,अरिन्दम शोचन्त्याः अल्पभाग्यायाः अपुत्रायाः किञ्चित् नोपकुर्वता पुत्रेण मया किम् कार्यम्,"I am not the son of a wretched man, but rather the son of a wicked man.",What have I done for a son who is deprived of his dignity? What have I done for a son who is deprived of his dignity? What have I done for a son who is deprived of his dignity? What have I done for a son who is deprived of his dignity? What have I done for a son who is deprived of his dignity? What have I done for a son who is deprived of his dignity? What have I done for a son who is deprived of his dignity? What have I done for a son who is deprived of his dignity? What have I done for a son who is deprived of his dignity?,0.011798236641999181
895,वृतश्शतसहस्रेण त्वद्विधानां वनौकसाम्वैवस्वतसुतैस्सार्धं प्रतिष्ठस्व स्वमन्त्रिभिः,त्वद्विधानाम् वनौकसाम् शतसहस्रेण वृतः स्वमन्त्रिभिः वैवस्वतसुतैस्सार्धम् प्रतिष्ठस्व,"You will be honored by your ministers, by your servants, by your servants, by your servants, by your servants, by your servants, by your servants, by your servants, by your servants, by your servants, by your servants, by your servants, by your servants, by your servants, by your servants, by your servants, by your servants, by your servants, by your teachers, by your teachers, by your teachers, by your teachers, by your teachers, by your teachers, by your teachers, by your teachers, by your teachers, by your teachers, by your teachers, by your teachers, by your teachers, by your teachers, by your teachers, by your teachers, by your teachers, by your teachers, by your teachers, by your teachers, by your teachers, by your teachers, by your teachers, by your teachers, by your teachers, by your teachers, by your teachers, by your teachers, by your teachers, by your teachers, by your teachers, by your teachers, and by your teachers.","And thou shalt be honoured with thy honour, and with thy honour, and with thy honour, and with thy honour, and with thy honour, and with thy honour, and with thy honour, and with thy honour, and with thy honour, and with thy honour, and with thy honour, and with thy honour, and with thy praise, and with thy praise, and with thy praise, and with thy praise, and with thy praise, and with thy praise, and with thy praise, and with thy praise, and with thy praise, and with thy praise, and with thy praise, and with thy praise, and with thy praise.",0.6532157498378566
896,ततो निष्क्रम्य सम्भ्रान्तश्शिष्यो लक्ष्मणमब्रवीत् क्वासौ रामो मुनिं द्रष्टुमेतु प्रविशतु स्वयम्,ततः शिष्यः सम्भ्रान्तः निष्क्रम्य लक्ष्मणम् अब्रवीत् असौ रामः क्व मुनिम् द्रष्टुम् एतु स्वयम् प्रविशतु,"Then the other disciples went to him and said, ""Let him go in and see the pool"".","Then his disciples drove him away and asked him, ""Come in and see for yourself where the lamb is lying"".",10.055007966848114
897,सवानराणांमुख्यानामुत्तमाङ्गानिसर्वशः पातयामानकायेभ्यःफलंवृन्तादिवानिलः,सःसर्वशः मुख्यानाम् वानराणाम् उत्तमाङ्गानि अनिलः वृन्तात् फलमिव कायेभ्यः पातयामास,"And every tree of the earth, and every tree of the field, and every tree of the field, and every tree of the field, and every tree of the field, and every tree of the field, and every tree of the field, and every tree of the field, and every tree of the field, and every tree of the field, and every tree of the field, and every tree of the field, and every tree of the field, and every tree of the field, and every tree of the field, and every tree of the field, and every tree of the field, and every tree of the field.","And he poured out every kind of fruit from the head of the serpent, from the head of the serpent, from the head of the serpent, from the head of the serpent, from the head of the serpent, from the head of the serpent, from the head of the serpent, from the head of the serpent, from the head of the serpent, from the head of the serpent, from the head of the serpent, from the head of the serpent, from the head of the serpent, from the head of the serpent, from the head of the serpent, from the head of the serpent, from the head of the serpent, from the head of the serpent, from the head of the serpent, from the head of the serpent, from the head of the serpent, from the head of the serpent, from the head of the serpent, from the head of the serpent, from the head of the serpent, from the head of the serpent.",1.619372556603676
898,प्रीतियुक्तस्स सर्वेषां ददौ तेषां महात्मनाम्तदेतद्देवदेवस्य धनूरत्नं महात्मन: न्यासभूतं तदा न्यस्तमस्माकं पूर्व के विभो,स: प्रीतियुक्त: तेषाम् महात्मनाम् ददौ विभो महात्मन: देवदेवस्य तत् एतत् धनूरत्नम् तदा अस्माकम् पूर्वके न्यासभूतम् न्यस्तम्,"For he loved them and gave them a glorious name. Therefore, let us not trust in the Lord our God.","""Praise them, sir, "" she said"". This is the great treasure of God, and we trust in it.",4.397171872517491
899,स चिन्तयित्वा धर्मात्मा प्रभावं तं महात्मनाम्हितकारिणमेकाग्रं लक्ष्मणं राघवोऽब्रवीत्,धर्मात्मा सः राघवः महात्मनाम् प्रभावम् चिन्तयित्वा हितकारिणम् एकाग्रम् लक्ष्मणम् अब्रवीत्,"When he thought about it, the Spirit of Righteousness came upon him, and he ordered him to cut off the golden calf.",The righteous spirit saw the power of the raisin and brought it down.,2.357313684245234
900,अमोघास्सूर्यसङ्काशा ममैते निशिता श्शराःतस्मिन्वालिनि दुर्वृत्ते निपतिष्यन्ति वेगिताः,अमोघाः सूर्यसङ्काशाः रुषा अन्विता ममैते निशिताः मे शराः दुर्वृत्ते तस्मिन् वालिनि पतिष्यन्ति,"Those who live in darkness will be thrown out of darkness as the sun shines, and those who live in darkness will be thrown out of darkness.","The sun shines brightly and brightly, and the sun shines brightly, and the sun shines brightly, and the sun shines brightly, and the sun shines brightly, and the sun shines brightly, and the sun shines brightly, and the sun shines brightly, and the sun shines brightly, and the sun shines brightly, and the sun shines brightly, and the sun shines brightly, and the sun shines brightly, and the sun shines brightly, and the sun shines brightly, and the sun shines brightly, and the sun shines brightly.",0.49134623161444074
901,तानि मूलानि दिव्यानि फलानि च फलाशनाःऔषधानि च दिव्यानि जगृहुर्हरियूथपाः,फलाशनाः हरियूथपाः दिव्यानि तानि मूलानि फलानि च दिव्यानि औषधानि च जगृहुः,"These are the roots of the lampstands, the fruits of the vineyard, the grapes of the vineyard, the grapes of the vineyard, the grapes of the vineyard, and the grapes of the vineyard.","The fruit is green, the fruit is green, the fruit is green, the fruit is green, the fruit is green, the fruit is green, the fruit is green, the fruit is green, the fruit is green, the fruit is green, the fruit is green, the fruit is green, the fruit is green, the fruit is green, the fruit is green, the fruit is green, the fruit is green, the fruit is green, the fruit is green, the fruit is green, the fruit is green, the fruit is green, the fruit is green, the fruit is green, the fruit is green, the fruit is green, the fruit is green, the fruit is green, the fruit is green, the fruit is green, the fruit is green, the fruit is green, the fruit is green, and the fruit is green.",0.2484338798512079
902,शराभिघातसम्रब्दःसोऽभिजग्राहसायकान् काकुत्स्थ: सुमहातेजायुगान्तादित्यतेजसः,शराभिघातसम्रब्दः सुमहातेजाः सःकाकुत्स्थ: युगान्तादित्यतेजसः सायकान् अभिजग्राह,"And he said to them, ""Woe to those who buy wine and drink wine! They will be bound forever.",He will destroy the kings of Sodom and Gomorrah. He will rule as kings forever and ever.,2.328734903585348
903,कुटुम्बवृद्धिंधनधान्यवृद्धिंस्त्रियश्चमुख्यास्सुखमुत्तमं च श्रुत्वाशुभंकाव्यमिदंमहार्थंप्राप्नोतिसर्वांभुविचार्थसिद्धम्,महार्थम् शुभम् काव्यम् श्रुत्वा कुटुम्बवृद्धिम् धनधान्यवृद्धिम् मुख्याः स्त्रियश्च उत्तमम् सुखं च भुवि सर्वाम् अर्थसिद्धिं च प्राप्नोति,"The whole world is filled with joy because of the abundance of grain, wheat, barley, and oats.","And it shall come to pass, when they hear good tidings, that they shall increase their families, and increase their riches, and increase their wealth, and increase their wealth, and increase their wealth, and increase their wealth, and increase their wealth, and increase their wealth, and increase their wealth, and increase their wealth, and increase their wealth, and increase their wealth, and increase their wealth, and increase their wealth, and increase their wealth, and increase their wealth, and increase their wealth, and increase their wealth, and increase their wealth, and increase their wealth, and increase their wealth.",0.040950846485748246
904,कोऽसौपर्वतसङ्काशोधनुष्मान्हरिलोचनः युक्तेहयसहस्रेणविशालेस्यन्दनेस्थितः,पर्वतसङ्काशः धनुष्मान् हरिलोचनः हयसहस्रेण युक्ते विशाले स्यन्दने स्थितः असौ कः,You can see a great mountain that is surrounded by green streams.,"These are the mountains, and the hills, and the mountains, and the rivers, and the mountains, and the hills, and the mountains, and the hills, and the mountains, and the mountains, and the hills, and the mountains, and the mountains, and the hills, and the mountains, and the mountains.",0.05657802171468194
905,इति सर्वा महिष्यस्ता विवत्सा इव धेनवःपतिमाचुक्रुशुश्चैव सस्वरं चापि चुक्रुशुः,इति सर्वाः ताः महिष्यः विवत्साः धेनवः इव सस्वरम् चुक्रुशुः च अपि पतिम् अचुक्रुशुश्च एव,"He was glorified as a crown of thorns, a crown of thorns, a crown of thorns, a crown of thorns, a crown of thorns, a crown of thorns, a crown of thorns, a crown of thorns, a crown of thorns, a crown of thorns, a crown of thorns, a crown of thorns, a crown of thorns, a crown of thorns, a crown of thorns, a crown of thorns, a crown of thorns, a crown of thorns, a crown of thorns, a crown of thorns, a crown of thorns.","They were all crowned with the crown of thorns, with the crown of thorns, with the crown of thorns, with the crown of thorns, with the crown of thorns, with the crown of thorns, with the crown of thorns, with the crown of thorns, with the crown of thorns, with the crown of thorns, with the crown of thorns, with the crown of thorns, with the crown of thorns.",26.767708158393372
906,एष कालात्ययस्तावदिति कालविदां वरः एतमर्थं समग्रं मे सुपार्श्वः प्रत्यवेदयत्,तात एषः कालात्ययः इति कालविदां वरः सुपार्श्वः एतमर्थम् समग्रम् मे प्रत्यवेदयत्,"When the time was right, the bridegroom answered the crowd,","""Now is the time, "" the bridegroom replied.",10.127993013562818
907,गोलाङ्गूलेश्वरंचैववालिपुत्रमथाङ्गदम् विव्याधबहुभिर्बाणैस्त्वरमाणोऽथरावणिः,अथ रावणिः त्वरमाणः गोलाङ्गूलेश्वरम् अथ वालिपुत्रम् अङ्गदम् बहुभिः बाणैः विव्याद,"He was like a golden lion, like a giant lion. He was like a giant lion. He was like a giant lion.","And it came to pass, when the thunder came out of the earth, that God smote the bones of the son of man with many arrows.",1.5306944060614467
908,स तस्यचापनिर्घोषात्कुपितोराक्षसर्षभः अमृष्यमाणस्तंघोषमभिदुद्रावराघवम्,तस्य चापनिर्घोषात् कुपितः सः राक्षसर्षभः तंघोषम् अमृष्यमाणदु राघवम् अभिदुद्राव,"And when he had opened his mouth, there came to him a fierce sword, and a fierce dragon.","He was furious with the fierceness of his anger, and the fierceness of his anger provoked him to anger, and the fierceness of his anger provoked him to anger.",2.942358444982774
909,अष्टभिस्सायकैस्सूतं रथोपस्थान्न्यपातयत् रामश्चिच्छेद बाणेन ध्वजं चास्य समुच्छ्रितम्,रामः अष्टभिः सायकैः सूतम् रथोपस्थात् न्यपातयत् बाणेन अस्य समुच्छ्रितम् ध्वजम् चिच्छेद,"Eight cyclists fell from the top of the chariot, and they cut off the chariot and the flag.","And he threw down the saddle of the chariot from the top of the chariot, and broke the banner of the chariot with a spear.",27.955598694151025
910,सन्तप्तो ह्यवसन्नाङ्गो गतबुद्धिर्विचेतनःनिषसादातुरो दीनो निश्श्वस्याशीतमायतम्,सन्तप्तः अवसन्नाङ्गः गतबुद्धि: विचेतनः आतुरः दीनः अशीतम् आयतम् निश्श्वस्य निषसाद,Be wary of self - control. Be wary of the foolish mind. Be wary of the foolish. Be wary of the unfaithful.,Be content with joy. Be wise. Be self - controlled. Be humble. Be self - controlled. Be self - controlled. Be self - controlled. Be self - controlled. Be self - controlled. Be self - controlled. Be self - controlled. Be self - controlled. Be self - controlled. Be self - controlled. Be self - controlled. Be self - controlled. Be self - controlled. Be self - controlled. Be self - controlled. Be self - controlled. Be self - controlled. Be self - controlled. Be self - controlled. Be self - controlled. Be self - controlled. Be self - controlled. Be self - controlled. Be self - controlled.,0.08884431870546129
911,अनुज्ञाय सुमन्त्रं च सबलं चैव तं गुहम्आस्थाय नावं रामस्तु चोदयामास नाविकान्,रामस्तु सुमन्त्रम् सबलम् तं गुहम् अनुज्ञाय नावम् आस्थाय नाविकान् चोदयामास,"By permission of the king and by virtue of his wisdom and might, the sailors set sail for Ramathas,","When they got stronger, they allowed the boat to sink to the bottom of the lake.",4.319402267866687
912,चतुर्थेनतथाचाह्नाद्वाविंशतिरथासिवा योजनानिमहावेगैःकृतानित्वरितस्तुतैः,ततः महावेगैः त्वरितैः अथापि वा चतुर्धेन अह्ना द्वाविंशतिः योजनानि कृतानि,"and the fourth, twenty-two, and twenty-three, according to the plan.",So they hurried along and made twenty - two pairs.,3.377156414337854
913,रावणेन जनस्थानाद्बलादपदहृता यदि सीता त्वमसि भद्रं ते तन्ममाचक्ष्व पृच्छतः,त्वम् जनस्थानात् रावणेन बलात् अपहृता सीता असि यदि तत् पृच्छतः मम आचक्ष्व ते भद्रम्,"If you were a good man, they would ask you about it.","If you had been kidnapped and taken away from the city by robbers, it would have been better for me to ask.",3.8030351481894393
914,तदपत्यं भवानस्तु मा भवान् दुष्कृतं पितुःअभिपत्ता कृतं कर्म लोके धीरविगर्हितम्,भवान् तत् अपत्यम् अस्तु लोके धीरविगर्हितम् दुष्कृतम् पितुः कृतम् कर्म भवान् अभिपत्ता मास्तु,"""Then do not say to them,' Do not do evil as your father has done evil. '","You, then, are a man of instinct, and do not repent of the deeds of your father.",5.684653076227407
915,ध्रुवमद्य पुरी राजन्नयोध्यायुधिनां वरनिष्प्रभा त्वयि निष्क्रान्ते गतचन्द्रेव शर्वरी,आयुधिनाम् वर राजन् अद्य अयोध्यापुरी त्वयि निष्क्रान्ते गतचन्द्र शर्वरीव निष्प्रभा ध्रुवम्,"The world is full of wars, wars, wars, wars, wars, wars, wars, wars, wars, wars, wars, wars, wars, wars, wars, wars, wars, wars, wars, wars, wars, wars, wars, wars, wars, wars, wars, wars, wars, wars, wars, wars, wars, wars, wars, wars, wars, wars, wars, wars, wars, wars, wars, wars, wars, wars, wars, and wars.","""Today, O king of Ayodhya, you are angry, and the moon has gone astray, and the poles have gone astray.",0.9624159861661019
916,एवमुक्त्वा वचस्सौम्यं प्रत्युत्थाय कृताञ्जलि:उभौ मुनिवरौ राजा जनको वाक्यमब्रवीत्,जनक: राजा एवम् सौम्यम् वच: उक्त्वा प्रत्युत्थाय कृताञ्जलि: उभौ मुनिवरौ वाक्यम् अब्रवीत्,"When he had said this, he stood up and told the young man what the king had said.","""The king said quietly, 'Get up and go.' The two young women said the same thing.",5.305143683457204
917,मया निसृष्टां भरतो महीमिमांसशैलषण्डां सपुरां सकाननाम् शिवां सुसीमामनुशास्तु केवलंत्वया यदुक्तं नृपते तथास्तु तत्,नृपते सशैलषण्डाम् सपुराम् सकाननाम् शिवाम् सुसीमाम् मया निसृष्टाम् इमां महीम् भरतः केवलम् अनुशास्तु त्वया यत् उक्तम् तत् तथा अस्तु,"And I saw the beast, and the beast, and the beast, and the beast, and the beast, and the beast, and the beast, and the beast, and the beast, and the beast, and the beast, and the beast, and the beast, and the beast, and the beast, and the beast, and the beast, and the beast, and the beast, and the beast, and the beast, and the beast, and the beast, and the beast, and the beast, and the beast, and the beast, and the beast, and the beast, and the beast.","The king said, ""This is what I have commanded you, and this is what I have commanded you to do.",0.7379070374143264
918,तरुणी रूपसम्पन्ना सर्वाभरणभूषिताह्रियमाणा मया दृष्टा रावणेन दुरात्मना क्रोशन्ती राम रामेति लक्ष्मणेति च भामिनीभूषणान्यपविध्यन्ती गात्राणि च विधुन्वती,दुरात्मना रावणेन ह्रियमाणा तरुणी रूपसम्पन्ना सर्वाभरणभूषिता रामरामेति लक्ष्मणेति च क्रोशन्ती भूषणानि अपविध्यन्ती गात्राणि विधून्वती भामिनी मया दृष्टा,"I saw a young woman dressed in gold and clothed in perfume. She was furious with evil spirits, raged with anger, raging with violence, and destroying all kinds of food.","I saw a young woman who was haunted by evil spirits. She was greedy and rich. She was dressed in fine linen and laced with linen. She was furious and disgusting, and she was a widow.",18.13793071187143
919,इति राजर्षयस्सिद्धास्सगणाश्च द्विजर्षभाःजातकौतूहलास्तस्थुर्विमानस्थाश्च देवताः,राजर्षयः सगणाः सिद्धाः द्विजर्षभाः विमानस्थाः देवताश्च इति जातकौकूहलाः तस्थुः,"And the king and his cohorts, and his staff, and his staff, and his staff, and his staff, and his staff, and his staff, and his staff, and his staff, and his staff, and his staff, and his staff, and his staff, and his staff, and his staff, and his staff, and his staff, and his staff, and his staff, and his staff, and his staff, and his staff, and his staff, and his staff, and his staff, and his staff, and his staff, and his staff.","And there was a statue of him that stood on the throne, and a statue of him that stood on the throne, and a statue of him that stood on the throne, and a statue of him that stood on the throne, and a statue of him that stood on the throne, and a statue of him that stood on the throne, and a statue of him that stood on the throne, and a statue of him that stood on the throne.",1.7303719011242948
920,हन्यमानं तु तत्सैन्यं पश्यामि शरवृष्टिभिःइन्द्रेणेवोत्तमं सस्यमाहतन्त्वश्मवृष्टिभिः,इन्द्रेण अश्मवृष्टिभिः आहतम् उत्तमं सस्यमिव शरवृष्टिभिः हन्यमानम् तत् सैन्यम् पश्यामि,"And I saw the army that was slain, and the rains, and the thunder, and the great rains, and the great rains, and the great rains.","I saw the army that was hit by heavy rains, that was hit by heavy rains, that was killed by heavy rains.",19.11416754879601
921,एतत्सुरुचिरं भाति पितुर्मे शयनं पुराशशिनेवामलं रात्रौ गगनं तोयदात्यये,मे पितुः एतत् सुरुचिरम् शयनम् पुरा तोयदात्यये रात्रौ अमलम् गगनम् शशिनेव भाति स्म,Peter's sister was sleeping in a bed in the synagogue. During the night there was a roaring thunderstorm.,"""I have been working late at night in the clouds since my Father made this bed ready for me.",4.580142861049254
922,विरूपरूपा विकृता विवर्चसो महानना दीर्घविरूपदर्शनाःसमीक्ष्य सा राक्षसराजयोषितो भयाद्विनष्टा जनकेश्वरात्मजा,सा जनकेश्वरात्मजा विरूपरूपाः विकृताः विवर्चसः महाननाः दीर्घविरूपदर्शनाः राक्षसराजयोषितः समीक्ष्य भयात् विनष्टा,The woman stood in awe of the beast and was filled with awe at the sight of the great and perverse woman.,"She was filled with the Spirit of God, and was filled with violence and violence. She was terrified at the sight of the beast and was terrified.",28.945502995971864
923,तदद्भुतं स्थैर्यमवेक्ष्य राघवे समं जनो हर्षमवाप दुःखितःन यात्ययोध्यामिति दुःखितोऽभवत् स्थिरप्रतिज्ञत्वमवेक्ष्य हर्षितः,राघवे अद्भुतम् तत् स्थैर्यम् अवेक्ष्य जनः दुःखितः समम् हर्षम् अवाप अयोध्याम् न याति इति दुःखितः अभवत् स्थिरप्रतिज्ञत्वम् अवेक्ष्य हर्षितः,"He was not disappointed, but he was filled with joy and sorrow because of his persecution. He was filled with joy because of his firmness in the promise.","Raguve was astonished at his perseverance. He was saddened at the time of his affliction, and rejoiced at the time of his perseverance.",7.508325052934221
924,शनैर्वियुज्यते सन्ध्या नभो नेत्रैरिवावृतम् नक्षत्रतारागहनं ज्योतिर्भिरिव भासते,सन्ध्या शनै: वियुज्यते नक्षत्रतारागहनम् नभ: ज्योतिर्भि: इव नेत्रै: आवृतम् इव भासते,"When night falls, his eyes are darkened, and the stars shine brightly.","It was evening, and the stars shone brightly in the sky. Their eyes were as glowing as the lights of darkness.",10.384836424443883
925,श्वः पुष्येण जितक्रोधं यौवराज्येन राघवम्राजा दशरथो राममभिषेचयिताऽनघम्,दशरथ: राजा श्व: पुष्येण राघवम् अनघम् रामम् यौवराज्येन अभिषेचयिता,"And the lion was angry with the lion, and the young king was angry with the king, and the king was angry with the king, and the king was angry with the king, and the king was angry with the king, and the king was angry with the king, and the king was angry with the king, and the king was angry with the king, and the king was angry with the king, and the king was angry with the king.",Deshrath: King Shua: A young king anointed by Raguam and Anagam,0.8744171599104006
926,हयानां देशजातानां कुलजानां महौजसाम्सहस्रमेकं दश च ददामि तव सुव्रत,सुव्रत देशजातानाम् कुलजानाम् महौजसाम् हयानाम् एकं दश च सहस्रम् तव ददामि,"And I will give thee a thousand and a tenth of the heads of the nations, and of the chief fathers of the peoples,","And I will give thee a tenth and a tenth of all the peoples of the earth, all the princes of the nations,",41.261520349079454
927,तां तथा रुदतीं रामो रुदन्वचनमब्रवीत् जीवन्त्या हि स्त्रिया भर्ता दैवतं प्रभुरेव च,रामः तथा रुदतीम् ताम् रुदन् वचनम् अब्रवीत् जीवन्त्या स्त्रियाः भर्ता दैवतम् प्रभुरेव च,"She and Ramah wept and cried, and the voice of the living God spoke to them.","And Ramah and Ramah wept and wept, and the word of the LORD came to them, and they were filled with women.",16.404940880430296
928,सोऽपृच्छदभिवाद्यैनंभरद्वाजंतपोधनम् शृणोषिकच्चिद्भगवन्सुभिक्षानायमंपुरे कच्चित्सयुक्तोभरतोजीवन्त्यपि च मातरः,भगवन् सः एनम् तपोधनम् भरद्वाजम् अभिवाद्य अपृच्छत् पुरे सुभिक्षानामयम् शृणोषिकच्चित् सःभरतः युक्तःकच्चित् मातरः अपिजीवन्ति,"So that she may not become a foolish woman, nor a foolish woman, nor a foolish woman, nor a foolish woman, nor a foolish woman, nor a foolish woman, nor a foolish woman, nor a foolish woman, nor a foolish woman, nor a foolish woman, nor a foolish woman, nor a foolish woman, nor a foolish woman, nor a foolish woman, nor a foolish woman, nor a foolish woman, nor a foolish woman, nor a foolish woman, nor a foolish woman, nor a foolish woman, nor a foolish woman, nor a foolish woman, nor a foolish woman, nor a foolish woman, nor a foolish woman, nor a foolish woman.","The Lord responded to this message by speaking false words. Some of us have been silenced by this teaching, and yet some still live.",0.31495352301985147
929,एतदाश्रमपदं दृश्यते कदलीवृतम्क्रियतां तत्सखे शीघ्रं यदर्थं वयमागताः,सखे कदलीवृतम् एतत् तत् आश्रमपदम् दृश्यते वयम् यदर्थम् आगताः तत् शीघ्रम् क्रियताम्,Now we are in a hurry to get to the place where we are working.,"""We saw that the ship was under heavy siege, so we hurried to do what we could.",2.8480868570717104
930,विसर्जयित्वासचिवांस्ततस्तान्गतेषुरक्षस्सुयथानियोगम् व्यचारयद्वानरसागरौघंमहाझषःपूर्णमिवार्णवौघम्,तान् सचिवान् विसर्जयित्वा ततः रक्षःसु यथानियोगम् गतेषु वानरसागरौघम् महाझषः पूर्णम् अर्णवौघम् इव व्यदारयत्,"They will be thrown into the sea by the evil spirits of the living. They will be thrown into the sea by the evil spirits of adulterers, by the fierceness of the sea, and by the fierceness of the fierceness of the sword.",He overcame them and threw them into the sea like a sword full of horns.,3.5759734857344325
931,ततःप्रजवनाश्वेनरथेनरथिनांवरः हरीनभ्यहनत्क्रोधाच्छरजालैकम्पनः,ततः रथिनाम् वरः अकम्पनः प्रचलिताश्वेन रथेन शरजालैः त्क्रोधात् हरीन् अभ्यहनत्,"Then the sun came down on the altar, and there was a rainbow of green garlic, and a rainbow of blue.",Then the chariot's rider rushed toward the chariot with his grey webs.,3.7419436034576052
932,कैलासशिखरेभ्यश्च सिंहकेसरवर्चसाम्ततः कोटिसहस्राणि वानराणामुपागमन्,ततः सिंहकेसरवर्चसाम् वानराणाम् कोटि सहस्राणि कैलासशिखरेभ्यश्च उपागमन्,"and from the hill of Calas, and from the army of Caesar the Lion, tens of thousands of wild beasts.","And the lion came out of Caesars, and out of Caesars, and out of the hills of Caesars, and out of the mountains of Caesars, and out of the hills of Caesars, and out of the mountains of Caesars, and out of the hills of Caesars, and out of the mountains of Caesars, and out of the hills of Caesars, and out of the hills of Caesars, and out of the hills of Caesars, and out of the hills of Caesars, and out of the hills of Caesars.",0.17351942435032322
933,विश्वे देवाश्च मरूतो वसवश्च दिवौकसःआगम्य पश्चिमां सन्ध्यां मेरुमुत्तमपर्वतम् आदित्यमुपतिष्ठन्ति तैश्च सूर्योऽभिपूजितःअदृश्यस्सर्वभूतानामस्तं गच्छतिपर्वतम्,विश्वेदेवाश्च वसवः मरुतश्च दिवौकसः पश्चिमां सन्ध्याम् उत्तमपर्वतम् मेरुम् आगम्य आदित्यम् उपतिष्ठन्ति सूर्यः तैः अभिपूजितः सर्वभूतानाम् अदृश्यः अस्तं पर्वतम् गच्छति,By faith the gods of the dead and the living came and stayed at the top of Mount Edumea in the evening. They worshipped the sun and worshiped the God who is invisible.,"The believers, the living and the dead, the sun and the lamp, were sitting on the western slope of a beautiful mountain. They worshipped the sun, and it was hidden from view.",15.744514116511366
934,इत्येवं विलपन्तीनां स्त्रीणां वेश्मसु राघवम्जगामास्तं दिनकरो रजनी चाभ्यवर्तत,वेश्मसु स्त्रीणाम् इत्येवम् राघवम् विलपन्तीनाम् दिनकरः अस्तम् जगाम् रजनी च अभ्यवर्तत,"In the same way, women who are weary are clothed with shame and shame, and every day they wear shameful robes.",The woman in the wilderness was so angry that her days of mourning and grief were over.,2.0705706652424007
935,एवंतस्यब्रुवाणस्यकुम्भकर्णस्यराक्षसाः नादंचक्रुर्महाघोरंकम्पयन्तइवार्णवम्,तस्यकुम्भकर्णस्य एवम् ब्रुवाणस्य राक्षसाः अर्णवम् कम्पयन्तःइव घोरम् नादम् चक्रुः,The earrings of the earrings of the earrings of the earrings of the earrings of the earrings of the earrings of the earrings of the earrings of the earrings of the earrings of the earrings of the earrings of the earrings of the earrings of the earrings of the earrings of the earrings of the earrings of the earrings of the earrings of the earrings of the earrings of the earrings of the earrings of the earrings of the earrings of the earrings of the earrings of the earrings of the earrings of the earrings of the earrings of the earrings of the earrings of the earrings of the earrings of the earrings of the earrings of the earrings of the earrings of the earrings of the earrings of the earrings of the earrings of the earrings of the earrings of the earrings of the earrings of the earrings of the earrings,"The ears of the beast were like bronze, and the horns of the beast trembled, and there was a loud voice.",0.7353571154466392
936,यश्च रामं न पश्येत्तु यं च रामो न पश्यति निन्दित स्सर्वल्लोकेषु स्वात्माऽप्येनं विगर्हते,यश्च रामम् न पश्येत्तु यं च रामः न पश्यति सर्वलोकेषु निन्दित: स्वात्माऽपि एनम् विगर्हते,"Anyone who does not love a sheep and does not see a sheep will be despised, and his heart will be despised among the nations.","Anyone who does not know a sheep and does not see a goat is despised by all men, and even his own soul turns away from it.",31.532249516436284
937,सौमित्रे पश्य पम्पायाः काननं शुभदर्शनम्यत्र राजन्ति शैला वा द्रुमास्सशिखरा इव,सौमित्रे पम्पायाः शुभदर्शनम् काननम् पश्य यत्र द्रुमाः सशिखराः शैलाः इव राजन्ति,"And behold, the ears of the sparrow are like the rocks, and the ears of the sparrow are like the rocks, and the ears of the sparrow are like the rocks.","You can see the beautiful view of the Pampas in the morning, where the rocks reign like rocks.",4.156282867624861
938,इति विद्याधराः श्रुत्वा वचस्तेषां महात्मनाम्तमप्रमेयं ददृशुः पर्वते वानरर्षभम्,विद्याधराः इति महात्मनाम् तेषाम् वचः श्रुत्वा पर्वते अप्रमेयम् वानरर्षभम् तम् ददृशुः,"When the people heard this, they went up to the mountains and saw the great name that had been preached to them.","When he heard the words of the teachers of the law, he went up to the mountains and saw Jesus.",27.966356291643862
939,सचिवानब्रवीद्वाक्यं निश्चित्य गुरुलाघवम्मन्त्रज्ञान्मन्त्रकुशलो मन्त्रेषु परिनिष्ठितान्,मन्त्रकुशलः मन्त्रेषु परिनिष्ठितान् सः गुरुलाघवम् निश्चित्य मन्त्रज्ञान् तान् वाक्यम् अब्रवीत्,"When the secretary had finished speaking these words, he put them in charge of the teachers, the teachers, the teachers of the law, and the teachers of wisdom.","Then he began to explain to them the wisdom of the riddle, as if he were teaching them.",3.176605498590708
940,जनस्थाने हतस्थाने तव राक्षस मच्छरैःनिर्भया विचरिष्यन्ति सर्वतो मुनयो वने,राक्षस तव जनस्थाने मच्छरैः हतस्थाने मुनयः निर्भयाः सर्वत्र वने विचरिष्यन्ति,Your demons will be roasted in the public places and killed in the wilderness.,"The devils will roam your dwelling place, and the scorpions will roam your hills, and the fools will roam your forests.",2.1566757007902555
941,तांसमाश्वासयामाससखीस्नेहेनसुव्रता समाश्वसिहिवैदेही माभूत्तेमवसोव्यथा,सखी वैदेही सुव्रता ताम् स्नेहेन समाश्वासयामास समाश्वसिहि ते मनसः व्यधा माभूत्,He has given us the strength to live by faith in him and to live by faith in him forever.,"They were filled with compassion and love, and their hearts were not troubled.",2.159701133933343
942,तीक्ष्णकामास्तु गन्धर्वास्तीक्ष्णकोपा भुजङ्गमाःमृगाणां तु भयं तीक्ष्णं ततस्तीक्ष्णक्षुधा वयम्,गन्धर्वाः तीक्ष्णकामाः भुजङ्गमाः तीक्ष्णकोपाः मृगाणाम् भयम् तीक्ष्णम् ततः वयम् तीक्ष्णक्षुधा:,"We are afraid of the scorpions, and of the scorpions, and of the scorpions, and of the beasts of the earth.","We were terrified of guns, we were terrified of thunderstorms, we were terrified of mud, and we were terrified.",4.3874551379729745
943,अहो कामस्य वामत्वं यो गतामपि दुर्लभाम् स्मारयिष्यति कल्याणीं कल्याणतरवादिनीम्,कामस्य वामत्वम् अहो यः गताम् दुर्लभाम् अपि कल्याणतरवादिनीम् कल्याणीम् स्मारयिष्यति,"He will remember the poor and the well-to-do, even when he is gone.",And he who works hard will remember the poor and the poor who does good.,32.54777991021598
944,निमेषान्तरमात्रेण स हि प्राप्तो वनालयःसहस्रांशुसुतो धीमान् सुग्रीवो यत्र वानरः,सः वनालयः सहस्रांशुसुतः धीमान् सुग्रीवः वानरः यत्र निमेषान्तरमात्रेण प्राप्तः,"After a few minutes, he found a forest of thousands of trees and a slow-growing swamp, where the monkeys","It was a forest of thousands of slow-moving monkeys, where they got their hands on a fish.",20.82198320914845
945,भवान्वर्ष सहस्राय पृथिव्या नृपते पतिःअहं त्वरण्येवत्स्यामि न मे कार्यं त्वयाऽनृतम्,नृपते वर्षसहस्राय भवान् पृथिव्याः पतिः अहं तु अरण्ये वत्स्यामि त्वया मे अनृतम् न कार्यम्,But you did not stop me until the man who had reigned over the earth for a thousand years.,"For thou hast reigned a thousand years, and hast been a man of the earth; but I have been in the wilderness, and I have not wrestled with thee.",5.563590357424987
946,तप्यमानं तथा रामं सीताहरणकर्शितम्लोकानामभवे युक्तं सांवर्तकमिवानलम् वीक्षमाणं धनुस्सज्यं निश्श्वसन्तं पुनः पुनःदग्धुकामं जगत्सर्वं युगान्ते च यथा हरम् अदृष्टपूर्वं सङ्क्रुद्धं दृष्ट्वा रामं तु लक्ष्मणःअब्रवीत्प्राञ्जलिर्वाक्यं मुखेन परिशुष्यता,तथा तप्यमानम् रामम् सीताहरणकर्शितम् सांवर्तकम् अनलमिव लोकानाम् अभवे युक्तम् सज्यम् धनुः वीक्षमाणम् पुनः पुनः निश्श्वसन्तम् युगान्ते हरं यथा सर्वम् जगत् दग्धुकामम् अदृष्टपूर्वम् संक्रुद्धम् रामम् दृष्ट्वा लक्ष्मणः प्राञ्जलिः परिशुष्यता मुखेन अब्रवीत्,"They will be filled with blood, blood, sweat, blood, blood, blood, blood, blood, blood, blood, blood, blood, blood, blood, blood, blood, blood, blood, blood, blood, blood, blood, blood, blood, blood, blood, blood, blood, blood, blood, blood, blood, blood, blood, blood, blood, blood, blood, blood, blood, blood, blood, blood, blood, blood, blood, blood, blood, blood, blood, blood, blood, blood, blood, blood, blood, blood, blood, blood, blood, blood, blood, blood, blood, blood, blood, blood, blood, blood, and blood, and blood, and blood, and blood, and blood, and blood, and blood, and blood, and blood, and blood, and blood, and blood, and blood, and blood, and blood, and blood, and blood, and blood, and blood, and blood, and blood, and blood, and blood, and blood, and blood, and blood, and blood, and blood, and blood, and blood, and blood, and blood, and blood, and blood, and blood, and blood, and blood","And he saw Ram, who had been robbed for a year, and who had not known a man, and who had been driven from the land, and who had been driven from the land, and who had been driven from the land, and who had been driven from the land, and who had been driven from the land, and who had been driven from the land, and who had been driven from the land, and who had been driven from the land, and who had been driven from the land, and who had been driven from the land, and who had been driven from the land, and who had been driven from the land, and who had been driven away from the land.",1.0612685969952542
947,नास्ति धन्यतरो राम त्वत्तोऽन्यो भुवि कश्चनगोप्ता कुशिकपुत्रस्ते येन तप्तं महत्तप:,राम भुवि त्वत्त: धन्यतर: अन्य: कश्चन नास्ति येन महत् तप: तप्तम् कुशिक पुत्र: ते गोप्ता,"No, you are not blessed. You are the Son of Man, the Son of Man, the hidden one on earth, who has become great.",Rama and Thatt: Blessed are they: there is none greater than Thattam the son of Kush: they are Gupta,1.7557381354086663
948,तं स्म पश्यति रूपेण द्योतमानमिवाग्रतः अवेक्ष्यावेक्ष्य धावन्तं धनुष्पाणिर्महावनेअतिवृत्तमिषोः पाताल्लोभयानं कदाचन शङ्कितन्तु समुद्भ्रान्तमुत्पतन्तमिवाम्बरेदृश्यमानमदृश्यं च वनोद्देशेषु केषुचित् छिन्नाभ्रैरिव संवीतं शारदं चन्द्रमण्डलम्,धनुष्पाणिः अवेक्ष्य महावने धावन्तम् तम् रूपेण अग्रतः पश्यति स्म कदाचन इषोः पातात् अतिवृत्तम् लोभयानम् शङ्कितम् समुद्भ्रान्तम् अम्बरे उत्पतन्तमिव छिन्नाभ्रैः संवीतम् शारदम् चन्द्रमण्डलम् इव केषुचित् वनोद्देशेषु दृश्यमानम् अदृश्यं च,"I saw him running in the form of an angel, with bows and arrows, and beasts of burden, and beasts of fire, and beasts of war, and beasts of war, and beasts of the sea, and beasts of burden, and beasts of the field, and beasts of the field, and beasts of the field, and beasts of the field, and beasts of the field, and beasts of the field, and beasts of the field, and beasts of the field, and beasts of the field, and beasts of the field, and beasts of the field, and beasts of the field, and beasts of the field, and beasts of the field, and beasts of the field, and beasts of the field, and beasts of the field.","I could see his face moving forward in the face of the mighty spears. Sometimes he was afraid of the temptation and the temptation of the sea. Sometimes he was afraid of the depths of the sea. Sometimes he was like a sea of ice, sometimes he was like a sea of ice, sometimes he was like a sea of ice, sometimes he was like a sea of ice, sometimes he was like a sea of ice, sometimes he was like a sea of ice, sometimes he was like a sea of ice, sometimes he was like a sea of ice, sometimes he was like a sea of ice, sometimes he was like a sea of ice, sometimes he was like a sea of ice, sometimes he was like a sea of ice, sometimes he was like a sea of ice, sometimes he was like a sea of ice, sometimes he was like a sea of ice, sometimes he was like a sea of ice, sometimes he was like a sea of ice.",1.8354050980034997
949,ततस्ससन्दीपितकोपह्निर्निशाचराणामधिपोमहाबलः तदेवपुत्रव्यसनंविचिन्तयन्मुहुर्मुहुश्चैवतदाव्यनिश्श्वसत्,ततः महाबलः निशाचराणाम् अधिपः सन्दीपितकोपवह्निः तत् एव विचिन्तयन् तदा मुहूःमुहुः व्यनिश्श्वसत्,"They were overwhelmed with anger, anger, and disobedience. They rejected the kingdom of God and the glory of God.","Then the mighty man who was seated on the throne was amazed at the bright lights of the furnace, and his face became unbelievable.",3.8042430660270212
950,श्लाघनीयोऽनिलस्यत्वंसुतःपरमधार्मिकः बलंशौर्यंश्रुतंसत्त्वंविक्रमोदाक्ष्यमुत्तमम् तेजःक्षमाधृतिस्स्थैर्यंविनीतत्वं न संशयः एतेचान्ये च बहवोगुणास्त्वय्येवशोभनाः,अनिलस्य श्लाघनीयः सुतः त्वम् परमधार्मिकः बलम् शौर्यम् श्रुतम् सत्त्वम् विक्रमः उत्तमम् तेजः क्षमा धृतिः स्थैर्यम् विनीतत्वम् एते अन्ये बहवः शोभनाः गुणाः त्वय्येव संशयः न,"You must be thoroughly devoted to God, strong, courageous, faithful, fearful, and steadfast. This is how you will be adorned in many ways.","I have heard of you, my dear friend. You are worthy of praise. You are worthy of praise. You are worthy of praise. You are worthy of praise. You are worthy of praise. You are worthy of praise. You are worthy of praise. You are worthy of praise. You are worthy of praise. You are worthy of praise. You are worthy of praise. You are worthy of praise. You are worthy of praise. You are worthy of praise. You are worthy of praise. You are worthy of praise. You are worthy of praise. You are worthy of praise. You are worthy of praise. You are worthy of praise.",0.06622759320921005
951,तम्घटंवानरेन्द्राणांहस्तेदत्त्वामनोजवान् व्यादिदेशमहासत्त्व: समुद्रसलिलंतदा,महासत्त्व: तदा तम् घटम् वानरेन्द्राणाम् हस्ते दत्त्वा मनोजवान् समुद्रसलिलम् व्यादिदेश,"When he reached the top of the hill, the rodents held him by the hand and stretched him out to sea.","Then the angel said to him, ""Go down and deliver him into the hands of the dragon. "" And he began to walk on the sea.",4.612584199551423
952,अतिमात्रप्रहर्षोऽयं किं जनस्य च शंस मेकारयिष्यति किं वापि सम्प्रहृष्टो महीपतिः,जनस्य अयम् अतिमात्रप्रहर्ष: किम् मे शंस सम्प्रहृष्ट: महीपति: किं वापि कारयिष्यति वा,"But we will rejoice and be comforted, even though we may be greatly comforted.","And the man rejoiced exceedingly, and said, What shall I do?",2.908317710573758
953,इत्युक्तः प्रश्रितं वाक्यं धर्मार्थसहितं हितम्परुषं वालिना रामो निहतेन विचेतसा,रामः निहतेन विचेतसा वालिना धर्मार्थसहितम् हितम् प्रश्रितम् परुषम् वाक्यम् इति उक्तः,"And he said to them, ""You are a good man, and a good man, and a good man, and a good man, and a good man, and a good man, and a good man, and a good man, and a good man, and a good man, and a good man, and a good man, and a good man, and a good man, and a good man, and a good man, and a good man, and a good man, and a good man, and a good man, and a good man, and a good man, and a good man, and a good man, and a good man, and a good man, and a good man, and a good man, and a good man, and a good man"".",These are the words of a man who has a good conscience and a good conscience.,1.2170651494363007
954,एवमुक्तस्स तेजस्वी धर्मज्ञो धर्मसंहितम्वचनं वक्तुमारेभे सुग्रीवं प्रहसन्निव,एवम् उक्तः धर्मज्ञः तेजस्वी सः प्रहसन्निव सुग्रीवम् धर्मसंहितम् वचनम् वक्तुम् आरेभे,They are free to speak boldly and to teach the right way to preach the word of God.,"When the scribe had said this, he was glorified and began to speak the word of God in a mysterious way.",13.87373283184691
955,अब्रवीच्चतदारामंसप्रतोदोरथेस्थितः प्राञ्जलिर्मातलिर्वाक्यंसहस्राक्षस्यसारथिः,तदा सहस्राक्षस्य सारथिः मातलिः सप्रतोदः रथे स्थितः प्राञ्जलिः रामम् वाक्यम् अब्रवीत् च,"And on the four corners of the Great Wall, there was a black sea like a dragon.","And he said to them, Behold, the chariot is in the midst of the chariot, and the chariot is in the midst of the chariot.",3.1480420166573455
956,अयं हि सर्वभूतानां मान्यस्तु नरसत्तमःअस्मासु चागत: प्रीती रामः परपुरञ्जयः,अयम् नरसत्तमः परपुरञ्जयः रामः सर्वभूतानाम् मान्यः अस्मासु प्रीतिं गतः,"But above all else, this is the greatest gift we have all been given.","And this is the greatest gift of all: the one who loved us,",24.903286388467727
957,जानामि भरतं क्षान्तं गुरुसत्कारकारिणम्सर्वमेवात्र कल्याणं सत्यसन्धे महात्मनि,भरतम् क्षान्तम् गुरुसत्कारकारिणम् जानामि सत्यसन्धे महात्मनि अत्र सर्वमेव कल्याणम्,"I know that it is precious to live in poverty, to be hospitable, to do good in all things, to live in prosperity and in truth.",I know how to be hospitable in times of need and in times of truth.,7.851899642925018
958,निशम्यवाक्यंतुविभीषणस्यततःप्रहस्तोवचनंबभाषे ननोभयंविद्मनदैवतेभ्योनदानवेभ्योऽप्यथवाकुतश्चित्,विभीषणस्य: वाक्यम् निशम्य: ततः प्रहास्तः वचनम् बभाषे: नः भयम् नविद्म: दैवतेभ्यः नअथवा: दानवेभ्यः कुतश्चित् न:,"Some may speak in tongues that do not sound sound sound, others may speak in threats, others may speak in tongues that do not sound sound, and others may speak in tongues that do not sound sound good to demons.","""Do not be afraid, do not be afraid, do not be afraid of the gods, do not be afraid of demons,",3.275436973907051
959,वनं सर्वं सुविचितं पद्मिन्यः फुल्लपङ्कजाः गिरिश्चायं महाप्राज्ञ बहुकन्दरनिर्झरःन हि पश्यामि वैदेहीं प्राणेभ्योऽपि गरीयसीम्,महाप्राज्ञ सर्वम् वनम् सुविचितम् फ़ुल्लपङ्कजाः पद्मिन्यः बहुकन्दर निर्झरः अयम् गिरिश्च प्राणेभ्योऽपि गरीयसीम् वैदेहीम् न हि पश्यामि,"The forests were full of beautiful cedars, the flower beds, the trees, and the trees, and the trees, and the trees, and the trees, and the trees, and the trees, and the trees, and the trees, and the trees, and the trees, and the trees, and the trees, and the trees, and the trees, and the trees, and the trees, and the trees, and the trees, and the trees, and the trees, and the trees, and the trees, and the trees, and the trees, and the trees, and the trees, and the trees, and the trees, and the trees, and the trees and the trees, and the trees and the trees, and the trees and the trees, and the trees and the trees and the trees, and the trees and the trees and the trees and the trees, and the trees and the trees and the trees and the trees and the trees and the trees, and the trees and the trees and the trees and the trees and the trees, and the trees and the trees and the trees and the trees and the trees and the trees and the trees, and the trees and the trees and the trees and the trees and the trees and the trees","I did not find anything strange in the forests, in the open fields, in the fields, in the fields, in the fields, in the fields, in the fields, in the fields, in the fields, in the fields, in the fields, in the fields, in the fields, in the fields, in the fields, in the fields, in the fields, in the fields, in the fields, in the fields, in the fields, in the fields, in the fields, in the fields, in the fields, in the fields, in the fields, in the fields, in the fields, in the fields, in the fields, in the fields, in the fields, in the fields, in the fields, in the fields, in the fields, in the fields, in the fields, in the fields, in the fields, in the fields, in the fields, in the fields, in the fields, in the fields, in the fields, in the fields, in the fields, in the fields, in the fields, and in the fields.",0.7450535171034928
960,बालेन्द्रगोपान्तरचित्रितेन विभाति भूमिर्नवशाद्वलेनगात्रानुपृक्तेन शुकप्रभेण नारीव लाक्षोक्षितकम्बलेन,बालेन्द्रगोपान्तरचित्रितेन नवशाद्वलेन भूमिः गात्रानुपृक्तेन शुकप्रभेण लाक्षोक्षितकम्बलेन नारीव विभाति,"A woman was dressed in a golden robe, and her clothes were scattered between the earth and the city.","The earth was covered with a new cloth of fine linen. The earth was covered with fine linen and fine linen, and the woman was clothed with fine linen.",4.123462121222234
961,सूचकश्च कदर्यश्च मित्रघ्नो गुरुतल्पगः लोकं पापात्मनामेते गच्छन्ते नात्र संशयः,सूचकः च कदर्यः च मित्रघ्नः गुरुतल्पगः एते पापात्मनाम् लोकम् गच्छन्ते अत्र संशयः न,Those who are powerless and arrogant are driven by sinful desires.,"They are not wise, they are not strong, they are not friendly, they are not wise, they are not wise, they are not wise, they are not wise, they are not wise, they are not wise, they are not wise, they are not wise, they are not wise, they are not wise, they are not wise, they are not wise, they are not wise, they are not wise, they are not wise, they are not wise, they are not wise, they are not wise, and they are not wise.",0.0012512278962806928
962,स्वामिसन्देशनिश्शङ्कास्ततस्ते राक्षसाः कपिम्चित्रैः प्रहरणैर्भीमैरभिपेतुस्ततस्ततः,ततः ते राक्षसाः स्वामिसन्देशनिःशङ्का: चित्रैः प्रहरणैः कपिम् अभिपेतुः,"But because he was afraid of his master's message, demons began to attack him with their spears.",Then they began to preach to each other and to each other with images and images.,4.814971807094068
963,साधु किं तेऽन्यया बुद्ध्या रोचयस्व वचो ममभजस्वमाभितप्तस्य प्रसादं कर्तुमर्हसि,ते अन्यया बुद्ध्या किम् साधु मम वचः रोचयस्व अभितप्तस्य मम प्रसादम् कर्तुम् अर्हसि,"""Don't try to stop them from being wise, "" he said. "" You are going to tell me what I am afraid of.",Why are you trying to stop me from speaking? You are accusing me of being wise.,5.462428008829319
964,राजा दशरथो नाम द्युतिमान्धर्मवत्सलःचातुर्वर्ण्यं स्वधर्मेण नित्यमेवाभ्यपालयत्,द्युतिमान् धर्मवत्सलः चातुर्वर्ण्यम् नित्यमेव स्वधर्मेण अभ्यपालयत् दशरथो नाम राजा,"And the tenth king, whose name was Zephaniah, made four gold coins in his honour forever.","And the king's name is the tenth, and his name is the tenth.",6.585833693600902
965,रुद्धांतुनगरींदृष्टवारावणोराक्षसेश्वरः उवाचात्महितंकालेप्रहस्तंयुद्धकोविदम्,राक्षसेश्वरः रावणः रुद्धाम् नगरीम् दृष्टवा काले युद्धकोविदम् प्रहस्तम् आत्महितम् उवाच,"He is the God of war, the God of war, the God of peace, the God of peace, the God of peace, the God of peace, the God of peace, the God of peace, the God of peace, the God of peace, the God of peace, the God of peace, the God of peace, the God of peace, the God of peace, the God of peace, the God of peace, the God of peace, the God of peace, the God of peace, the God of peace, the God of peace, and the God of peace.","Ravana, the demon god, saw the city of refuge, and he was struck down with a black spear.",1.0208256508177016
966,तस्य शैलस्य पृष्ठेषु निर्झरेषु गुहासु च रावण स्सह वैदेह्या मार्गितव्यस्ततस्ततः,तस्य शैलस्य पृष्ठेषु निर्झरेषु गुहासु च वैदेह्या सह रावणः ततस्ततः मार्गितव्यः,"He was buried on the rocks, in open caves, and on the road to Bethesda.",Then Ravana and his companions went out of the cave and into the open caves on the rocks.,10.695095656738511
967,तस्मात्त्वयाऽद्य प्रभृति निशेयं नियतात्मनासह वध्वोपवस्तव्या दर्भप्रस्तरशायिना,तस्मात् अद्यप्रभृति इयम् निशा नियतात्मना दर्भप्रस्तरशायिना त्वया वध्वा सह उपवस्तव्या,"In the same way, the Lord's purpose was fulfilled. With the Spirit of salvation, you are to become the pillars of the rock.","That is why, in this day and age, we must fast together with the bride, dressed in fine linen.",1.9626728448746968
968,भर्तुः प्रियार्थं कुलरक्षणार्थं भर्तुश्च वंशस्य परिग्रहार्थम्अहेडमाना स्त्वरया स्म दूता रात्र्यान्तु ते तत्पुरमेव याताः,ते दूताः भर्तुः प्रियार्थम् कुलरक्षणार्थम् भर्तुः वंशस्य परिग्रहार्थम् त्वरया अहेडमानाः रात्य्राम् तत् पुरमेव याताः,"And it came to pass at that very night, that the angel of the LORD came to them, saying, Let there be light in heaven, and let there be light in heaven, and let there be light in heaven, and let there be light in heaven, and let there be light in heaven, and let there be light in heaven, and let there be light in heaven, and let there be light in heaven, and let there be light in heaven, and let there be light in heaven, and let there be light in heaven, and let there be light in heaven, and let there be light in heaven, and let there be light in heaven, and let there be light in heaven.","They were sent by angels to protect them, to protect them, and to protect their descendants.",0.8245163146547021
969,नागाश्च तुष्टुवुर्यक्षा रक्षांसि विबुधाः खगाःप्रेक्ष्य सर्वे कपिवरं सहसा विगतक्लमम्,विगतक्लमम् कपिवरम् प्रेक्ष्य सहसा नागाश्च यक्षाः रक्षांसि विबुधाः खगाः सर्वे तुष्टुवुः,"The serpents and the scorpions and the hailstones and the scorpions and the scorpions and the hailstones and the scorpions and the scorpions and the scorpions and the scorpions and the scorpions and the scorpions and the scorpions and the scorpions and the scorpions and the scorpions and the scorpions and the scorpions and the scorpions and the scorpions and the scorpions and the scorpions and the scorpions and the scorpions and the scorpions and the scorpions, and the scorpions and the scorpions and the scorpions and the scorpions,","The last word is a lie, a lie, a lie, a lie, a lie, a lie, a lie, a lie, a lie, a lie, a lie, a lie, a lie, a lie, a lie, a lie, a lie, a lie, a lie, a lie, a lie, a lie, a lie, a lie, a lie, a lie, a lie, a lie, a lie, a lie, a lie, a lie, a lie, a lie, a lie, a lie, a lie, a lie.",0.38644667104778085
970,वानरान्मोहयित्वातुप्रतियातः स राक्षसः मयामयींमहाबाहोतांविद्दिजनकात्मजाम्,सःराक्षसः वानरान् मोहयित्वा प्रतियातः महाबाहो तांजनकात्मजाम् मायामयीम् विद्दि,"And the serpent lifted up his voice, and said, Come, I am the devil, and I am the devil's spirit.",Then the dragon tempted the serpents and threw them into the sea.,2.252278368576829
971,एवमुक्त्वा तु मां तत्र वस्त्रेणैकेन वानरःनिर्वासयामास तदा वाली विगतसाध्वसः,वानरः वाली तत्र माम् एवम् उक्त्वा विगतसाध्वसः तदा एकेन वस्त्रेण निर्वासयामास,"When I heard this, I heard a loud voice coming from behind me.","When the monkey said this to me, the last sound came, and he went away in his cloak.",2.634169649402236
972,सधनुर्धन्विनांश्रेष्ठोविकृष्यपरमाहवे नीलायव्यसृजद्बाणान्प्रहस्तोवाहिनीपतिः,धन्विनाम् श्रेष्ठः वाहिनीपतिः सःप्रहस्तः परमाहवे धनुः विकृष्य नीलाय बाणान् व्यसृजत्,"They were seventy-five and twenty-five, and they were seventy-five, and they were seventy-five, and they were seventy-five, and they were seventy-five, and they were seventy-five, and they were seventy-five, and they were seventy-five, and they were seventy-five, and they were seventy-five, and they were seventy-five, and they were seventy-five, and they were seventy-five.","Blessed was the captain of the great fleet, the mighty one, who cut the bow of the great sea and made the bow of the great sea.",0.7753102943211388
973,अथ भ्रातरमव्यग्रं प्रियं रामः प्रियंवदःसौमित्रिं तमुवाचेदं ब्रह्मेव त्रिदशेश्वरम्,अथ प्रियंवद: रामः प्रियम् भ्रातरम् तं सौमित्रिम् ब्रह्मा त्रिदशेश्वरम् इव अव्यग्रम् इदम् उवाच,"Dear brother and dear friend, dear Ram, dear friend and dear friend,","This is my beloved brother, my dear brother, my friend, my brother, my brother, my brother, my brother, my brother, my brother, my brother, my brother, my brother, my brother, my brother, my brother, my brother, my brother, my brother, my brother, my brother, my brother, my brother, my brother, my brother, my brother, my brother, my brother, my brother, my brother, my brother, my brother, my brother, my brother, my brother, my brother, my brother, my brother, my brother, my brother, my brother, my brother, my brother, my brother, my brother, my brother, my brother, my brother, my brother, my brother, my brother, my brother, my brother, my brother, my brother, my brother, my brother, my brother, my brother, my brother, my brother, my brother, my brother, my brother, my brother, my brother, my brother, my brother, my brother, my brother, my brother, my brother, my brother, my brother, my brother, my brother, my brother.",3.606914416859208e-06
974,तामेवं ब्रुवतीं तारां ताराधिपनिभाननाम्वाली निर्भर्त्सयामास वचनं चेदमब्रवीत्,एवम् ब्रुवतीम् ताराधिपनिभाननाम् तां ताराम् वाली निर्भर्त्सयामास इदम् वचनं च अब्रवीत्,"And he spoke the word to them, saying, ""You are like a bright star in the night sky"".","When he saw the brightness of the stars, he called them stars.",2.577168813572977
975,मत्तान्गिरितटोत्कृष्टान्पर्वतानिव जङ्गमान्वारणान्वारिदप्रख्यान्महीरेणुसमुक्षितान्,मत्तान् गिरितटोत्कृष्टान् जङ्गमान् पर्वतानिव वारिदप्रख्यान् महीरेणुसमुक्षितान् वारणान्,"from the mountains and hills, from mountains and mountains, and from the great mountains.","mountains and hills, mountains and hills, mountains and hills,",18.842393723950345
976,अथसंक्षीयमाणेषुराक्षसेषुसमन्ततः सुग्रीवेणप्रभग्नेषुपतत्सुनिनदत्सु च विरूपाक्षस्स्वकंनामधन्वीविश्राव्यराक्षसः रथादाप्लुत्यदुर्धर्षोगजस्कन्धमुपारुहत्,अथ सुग्रीवेण प्रभग्नेषु राक्षसेषु समन्ततः संक्षीयमाणेषु पतत्सु निनदत्सु च धन्वी दुर्धर्षः राक्षसः विरूपाक्षः स्वम् नाम विश्राव्य रथात् आप्लुत्य गजस्कन्धम् उपारुहत्,"At the same time, there was a fire burning from the fire of the Lamb's furnace, and there was a fire of fire burning from the fire of the Lamb's furnace, and there was a fire burning from the fire of the Lamb's furnace, and there was a fire of fire burning from the fire of the Lamb's furnace, and there was a fire of fire burning from the fire of the Lamb's furnace, and there was a fire of fire burning from the fire of the Lamb's furnace.","And it came to pass in the midst of the great dragons, that they fell into the valley of the shadow of death; and the great dragon, the dragon, fell from his chariot, and poured out his name upon it.",1.6815842737263818
977,अप्सराप्सरसां श्रेष्ठा विख्याता पुञ्जिकस्थलाअञ्जनेति परिख्याता पत्नी केसरिणो हरेः,पुञ्जिकस्थला अप्सरसाम् श्रेष्ठा विख्याता अञ्जनेति परिख्याता अप्सरा: हरेः केसरिणः पत्नी,"and his wife, Caesarea, who was known as the best of the Pharisees,","In the book of Numbers she is described as ""the most beautiful woman in the world"".",2.867273570500278
978,ततो भरतमायान्तं शतक्रतुमिवामराःप्रत्यनन्दन्प्रकृतयो यथा दशरथं तथा,ततः आयान्तम् भरतम् प्रकृतयः दशरथम् यथा तथा अमराः शतक्रतुमिव प्रत्यनन्दन्,"And he turned his face toward them, and turned his face toward them, and rejoiced.",Then the people began to rejoice because of the ten thousand years that had passed since the birth of Jesus.,1.8179813590555438
979,एवमुक्तो वसिष्ठेन विश्वामित्रो महामति:कृतमित्यब्रवीद्राजा प्रियवाक्येन मे त्वया,वसिष्ठेन एवम् उक्त: महामति: राजा विश्वामित्र: त्वया प्रियवाक्येन कृतम् इति मे अब्रवीत्,"You are my faithful and faithful companion in faith, and I love you in word and deed, and I love you in word and deed.","""Master, "" I replied"", King of the Faithful, ""you have done just as you pleased"".",2.0899410246084282
980,तदलंविक्लबांबुद्धिम् राजन सर्वार्थनाशनीम् पुरुषस्यहिलोकेऽस्मिन् शोकश्शौर्यापकर्षणः,राजन्: तत्: सर्वार्थनाशनीम्: विक्लबाम् बुद्धिम्: अलम्: अस्मिन्: लोके: पुरुषस्य: शोकः शौर्यापकर्षण:,"Then the voice of the wise man and the wisdom of the wise man came to light, and the voice of the wise man came to light.","And the king said to them, Behold, I am a great man, and I am a great man, and I am a mighty man, and I am a mighty man, and I am a mighty man, and I am a mighty man, and I am a mighty man, and I am a mighty man, and I am a mighty man, and I am a mighty man, and I am a mighty man, and I am a mighty man, and I am a mighty man, and I am a mighty man, and I am a mighty man.",0.20694665685421762
981,शत्रुघ्न श्चापि भरतं दृष्ट्वा शोकम् परिप्लुतः विसंज्ञो न्यपतद्भूमौ भूमिपालमनुस्मरन्,शत्रुघ्नश्चापि भरतम् दृष्ट्वा शोकपरिप्लुतः भूमिपालम् अनुस्मरन् विसंज्ञः भूमौ न्यपतत्,"When they saw the enemy coming, they were filled with grief. They fell down on their faces and remembered the owner of the land.","When the owner of the vineyard saw that it was burning, he was filled with grief and fell down on his face.",17.770114738246548
982,प्रयाता रजनी देवि सूर्यस्योदयनंप्रति अभिषेकं गुरुजनस्त्वरयिष्यति मां ध्रुवम्,देवि रजनी सूर्यस्य उदयनं प्रति प्रयाता अभिषेकम् गुरुजनः माम् ध्रुवम् त्वरयिष्यति,I have been brought to the threshing floor by the anointed one of God's anointed sons.,"God's anointed Master, who goes to the rising of the sun, will hasten me to the poles.",6.23623194789199
983,कथं प्रकृतिसम्पन्ना राजपुत्री तथागुणाब्रूयात्सा प्राकृतेव स्त्री मत्पीडां भर्तृसन्निधौ,प्रकृतिसम्पन्ना तथागुणा राजपुत्री सा प्राकृता स्त्री इव भर्तृ सन्निधौ मत्पीडाम् कथम् ब्रूयात्,"Where the princess of nature, the princess of wealth, and the princess of beauty, and the woman of violence, and the woman of violence, and the woman of violence, and the woman of violence, and the woman of violence, and the woman of violence, and the woman of violence, and the woman of violence, and the woman of violence, and the woman of violence, and the woman of violence, and the woman of violence, and the woman of violence, and the woman of violence, and the woman of violence, and the woman of violence, and the woman of violence,","A princess of nature, rich and noble, she was like a woman of nature, weeping and being tormented.",2.545389755321228
984,सर्वमेतद्यथोक्तं ते भविष्यति न संशय:विचरिष्यन्ति भद्रं ते देवभूतास्तवात्मजा:,ते यथा उक्तम् एतत् सर्वम् भविष्यति संशय: न तव आत्मजा: देवभूता: विचरिष्यन्ति भद्रम् ते,"These things will happen, no doubt, but they will destroy the good, because they are the work of the Spirit.","These things will surely happen, as they say: ""It is not your spirit, but God's Spirit that makes them turn away"".",8.30472823969576
985,ततस्त्रिजटयासार्थंपुष्पकादवरुह्यसा अशोकवनिकामेवराक्षसीभिःप्रवेशिता,ततः सा त्रिजटयासार्थम् पुष्पकात् अनरुह्य राक्षसीभिः अशोकवनिकामेव प्रवेशिता,"They came in with a garrison of Ashok-like men, who had three flower beds.",Then for three hours she went out of the flower and went into the dungeon.,3.4585921141027365
986,ते महौघनिभं दृष्ट्वा वज्राशनिसमस्वनम्सिंहनादं समं चक्रुर्लक्ष्मणस्य समीपतः,ते दृष्ट्वा महौघनिभम् वज्राशनिसमस्वनम् सिंहनादम् समम् लक्ष्मणस्य समीपतः चक्रुः,"When they saw the great eagle, they came up to the grasshopper and the young lion.","When they saw the thunder and lightning, and the lion's roar, they went round to Lachman.",18.17144072367102
987,यस्याः कृते वने रामो न्यस्तदेहश्च वः पितासेयं पापा नृशंसा च तस्याः कुरु यथामति,यस्याः कृते रामः वने वः पिता न्यस्तदेहश्च सा पापा नृशंसा च इयम् तस्याः यथामति कुरु,For this reason he punished her for her sin and for her father's sin and for her death.,"For this reason, do to her what is right, because she has disowned her father and has sinned against her.",7.801773305997648
988,धिङ्मांदुष्कृतकर्माणमनार्यंमत्कृतेह्यसौ लक्ष्मणःपतितश्शेतेशरतल्पेगतासुवत्,दुष्कृतकर्माणाम् अनार्यम् माम् धिक् मत्कृते असौ लक्ष्मणः पतितः गतासुवत् शरतल्पे शेतेहि,"We have been blessed with many miracles because of our hard work. We have received thousands upon thousands of prayers, thousands upon thousands of prayers, thousands upon thousands of prayers, thousands upon thousands of prayers, thousands upon thousands of prayers, thousands upon thousands of prayers, thousands upon thousands of prayers, thousands upon thousands of prayers, thousands upon thousands of prayers, thousands upon thousands of prayers, thousands upon thousands of prayers, thousands upon thousands of prayers, thousands upon thousands of prayers, thousands upon thousands of prayers, thousands upon thousands of prayers, thousands upon thousands of prayers.",I am disgusted with the fruitage of their wickedness. They have fallen down to the ground.,0.4784730282839242
989,अथसुप्तस्यरामस्यप्रहस्तेनप्रमाथिना असक्तंकृतहस्तेनशिरश्छिन्नंमहासिना,अथ प्रमाथिना कृतहस्तेन प्रहस्तेन महासिना सुप्तस्य रमस्य शिरः असक्तं छिन्नम्,Then he put his hand on the top of his head and put it on the top of his head.,"This was done with his hands and hands, so that the head of the sheep was not cut off.",2.954001199967651
990,स्वस्तिसाध्याश्च विश्वे च मरुतश्च महर्षयःस्वस्ति धाता विधाता च स्वस्ति पूषा भगोऽर्यमा लोकपालाश्च ते सर्वे वासवप्रमुखास्तथा,साध्याश्च विश्वे च मरुतश्च महर्षयः स्वस्ति धाता विधाता च स्वस्ति पूषा भगः अर्यमा तथा वासवप्रमुखाः सर्वे ते लोकपालाश्च,"The righteous, the wicked, the wicked, the wicked, the oppressed, the persecuted, the persecuted, the persecuted, the murdered,","The simple and the simple, the dead and the dead, the dead and the living, the dead and the living, the dead and the living, the dead and the living, the dead and the living, the dead and the living, the dead and the living, the dead and the living, the dead and the living, the dead and the living, the dead and the living, the dead and the living, the dead and the living, the dead and the living, the dead and the living, the dead and the living, the dead and the living, the dead and the living, the dead and the living, the living, the dead and the living, the dead and the living.",0.11857912003677751
991,सर्वमेतत्समालोक्य यच्चान्यदपि दृश्यते गतिं विदित्वा वैदेह्या स्सन्निवर्तितुमर्हथ,एतत् सर्वम् अन्यत् यच्च दृश्यते समालोक्य वैदेह्याः गतिम् विदित्वा सन्निवर्तितुम् अर्हथ,"In order that you may see and understand all things, even the things that are seen and seen, and be converted to the things that are not.","All these things must be seen with the naked eye, so that the one who sees them may be transformed.",2.1503312768483953
992,भूषणानि च मुख्यानि दृष्टानि धरणीतलेअनयैवापविद्धानि स्वनवन्ति महान्ति च,नयैव धरणीतले अपविद्धानि स्वनवन्ति महान्ति मुख्यानि भूषणानि च दृष्टानि,"They will look on the faces of men and on the faces of men, and on the faces of men, and on the faces of men, and on the faces of men, and on the faces of men, and on the faces of men, and on the faces of men, and on the faces of men, and on the faces of men, and on the faces of men, and on the faces of men, and on the faces of men, and on the faces of men, and on the faces of men, and on the faces of men, and on the faces of men, and on the faces of men, and on the faces of men, and on the faces of men.","In the new world, adulterers and adulterers began to behave arrogantly, arrogantly and immorally.",0.3966729265845309
993,तां प्राञ्जलिरभिक्रम्य मातृमध्येऽतिसत्कृताम् रामः परमधर्मात्मा मातरं वाक्यमब्रवीत्,परमधर्मात्मा रामः मातृमध्ये अतिसत्कृताम् ताम् मातरम् प्राञ्जलिः अभिक्रम्य वाक्यम् अब्रवीत्,"He was terrified and fell down on his mother's womb. Then the Holy Spirit spoke to her,","God's Spirit grew stronger in his mother's womb, and he spoke to her, saying,",19.51797195341103
994,सदस्यै: प्राप्य च सद: श्रुतास्ते बहवो गुणा:अप्रमेयं तपस्तुभ्यमप्रमेयं च ते बलम् अप्रमेया गुणाश्चैव नित्यं ते कुशिकात्मज,सदस्यै: सद: प्राप्य ते बहव: गुणा: श्रुता: तुभ्यम् तप: अप्रमेयम् ते बलम् अप्रमेयम् कुशिकात्मज ते गुण: च एव नित्यम् अप्रमेया:,"to those who have received and heard, to those who have been baptized, to those who have been baptized, to those who have been baptized, to those who have been baptized, to those who have been baptized, to those who have been baptized, to those who have been baptized, to those who have been baptized, to those who have been baptized, to those who have been baptized, to those who have been baptized, to those who have been baptized, to those who have been baptized, to those who have been baptized, to those who have been baptized, to those who have been baptized, to those who have been baptized, to those who have been baptized, and to those who have been baptized,","I have heard many things, many things, many things, many things, many things, many things, many things, many things, many things, many things, many things, many things, many things, many things, many things, many things, many things, many things, many things, many things.",0.5387003490479886
995,क्षिप्रं द्रक्ष्यसि वैदेहि रामं प्रस्रवणे गिरौशतक्रतुमिवासीनं नागराजस्य मूर्धनि,वैदेहि प्रस्रवणे गिरौ रामम् नागराजस्य मूर्धनि आसीनम् शतक्रतुम् इव क्षिप्रम् द्रक्ष्यसि,"In a moment you will see that the king of Babylon is coming to you, and that the king of Babylon is coming to you, and you will see that he is coming to you.","When you pass by, you will see the king of Ramah sitting at the top of the hill.",7.0595042280853395
996,अथ रात्र्यां व्यतीतायां प्रातरेवापरेऽहनिवन्दिनः पर्युपातिष्ठंस्तत्पार्थिव निवेशनम् सूताः परमसंस्कारा मङ्गलाश्चोत्तमश्रुताःगायका: स्तुतिशीलाश्च निगदन्तः पृथक् पृथक्,अथ रात्र्याम् व्यतीतायाम् अपरे अहनि प्रातः एव परमसंस्काराः उत्तमश्रुताः मङ्गलाश्च सूताः स्तुतिशीलाः गायकाः वन्दिनः पृथक् पृथक् निगदन्तः तत् पार्थिवनिवेशनम् पर्युपातिष्ठन्,"In the middle of the night and early in the morning, the captives who stood on the threshold of the earth came out with the sound of God's praise and thanksgiving,","In the middle of the night and the next morning, singers, dancers, musicians, singers of praise and trumpets came out of each room and stood on the seats of the earth.",27.438665347201443
997,अयंक्रीडासहायस्तेऽनाथेलालप्यतेजनः न चैवमाश्वासयसिकिंवा न बहुमन्यसे,ते क्रीडासहायः अयंजनः नाथ लालप्यते एनम् न च आश्वासयसि न बहुमन्यसेकिंवा,"In such a sport, you are a man of many talents, not a man of many talents, not a man of many talents.","They play games, but they don't get caught, and they don't give much credit.",1.8264728862681343
998,अभिषिक्ते तु काकुत्स्थे प्रहृष्टमुदिते जनेप्रीतिर्मम यशश्चैव भवेद्राज्याच्चतुर्गुणम्,काकुस्त्थे अभिषिक्ते जने प्रहृष्टमुदिते मम राज्यात् चतुर्गुणम् प्रीतिः यशश्चैव भवेत्,"But if Christ is crucified in us, let us rejoice in him, and let us rejoice in him.",May there be four times as much love and joy in my kingdom as there is in the anointed one.,2.7156804039319287
999,ततःप्रियार्हश्रवणातदप्रियंप्रियादुपश्रुत्यचिरस्यमैथिली मुमोचबाष्पंसुभृशंप्रवेपितागजेन्द्रहस्ताभिहतेवसल्लकी,तः प्रियार्हश्रवणाः मैथिली प्रियात् अप्रियम् तत् उपश्रुत्य गजेन्द्रहस्ताभिहता सल्लकीव चिरस्य सुभृशम् प्रवेपिता बाष्पम् मुमोच,"""He who is loved is loved, and he who is loved is loved, and he who is loved is loved, and he who is loved is loved, and he who is loved is loved, and he who is loved is loved, and he who is loved is loved, and he who is loved is loved.","And when he heard it, the beloved heard it, the beloved heard it, and the beloved heard it, and breathed the everlasting fragrance of it.",1.9030359253094749
1000,कामं बह्वपि वक्तव्यं त्वयि वक्ष्यामि न त्वहम्अस्तं गच्छेद्धि सविता युद्धविघ्नस्ततो भवेत्,त्वयि बहु वक्तव्यमपि कामम् तु अहम् न वक्ष्यामि सविता अस्तं गच्छेत् ततः युद्धविघ्नः भवेत्,"There are still many things to say to you, so that you may not lose your way in the holy war.","I am not going to tell you many things, but I will tell you that the whole world will be destroyed and the war will be over.",3.8853621944126697
1001,एतेऽत्रबलवन्तोहिभीमकोपाश्चवानराः द्रुमशैलप्रहरणास्तिष्ठन्तिप्रमुखेमम,बलवन्तः भीमकोपाश्च एते वानराः द्रुमशैलप्रहरणाः अत्र मम प्रमुखे तिष्ठन्तिहि,"These are the mighty men who are afraid, and the mighty men who are afraid.","These monkeys are powerful and fearful, and these monkeys are fierce monkeys, and they stand before me.",5.045777123948043
1002,धारानिपातैरभिहन्यमानाः कदम्बशाखासु विलम्बमानाःक्षणार्जितं पुष्परसावगाढं शनैर्मदं षट्चरणास्त्यजन्ति,धारानिपातैः अभिहन्यमानाः कदम्बशाखासु विलम्बमानाः षट्चरणाः क्षणार्जितम् पुष्परसावगाढम् मदम् शनैः त्यजन्ति,"Blessed are those who have no branches; those who are slow to grow, those who are slow to grow, those who are slow to grow, those who are slow to grow, those who are slow to grow, those who are slow to grow, those who are slow to grow, those who are slow to grow, those who are slow to grow, those who are slow to grow, those who are slow to grow, those who are slow to grow, those who are slow to grow, those who are slow to grow, those who are slow to grow.","Blessed are the branches of the vine, the branches of the fig tree, the branches of the fig tree, the branches of the fig tree, the branches of the fig tree, the branches of the fig tree, the branches of the fig tree, the branches of the fig tree, the branches of the fig tree, the branches of the fig tree, the branches of the fig tree, the branches of the fig tree, the branches of the fig tree, the branches of the fig tree, and the branches of the fig tree.",1.098481120156622
1003,रौद्रचापप्रयुक्तांतांनीलोत्पलदलप्रभाम् शिरसाधारयद्रामो न व्यथमभ्यपद्यत,रौद्रचापप्रयुक्ताम् नीलोत्पलप्रभाम् ताम् रामः शिरसा अधारयत् व्यथाम् न अभ्यपद्यत,"The men who used the wheel did not wear gold coins, nor did they wear gold coins.","And they put it on their heads, and they did not suffer any harm.",5.0912128230977505
1004,सखे राघव धर्मज्ञ रिपूणामपिवत्सल अभ्यनुज्ञातुमिच्छामिगमिष्यामियथामतम्,धर्मज्ञ रिपूणामपि वत्सल सखे राम अभ्यनुज्ञातुम् इच्छामि यथामतम् गमिष्यामि,"We are going to visit him for a year, even after the death of Zacchaeus and Rehoboam, the righteous man.","I would like to know Ram, even though he is a religious man. I would like to go as far as I can.",4.5240329213191
1005,विरूपाक्षस्तुमहताशूलखडगधनुष्मता बलेनराक्षसैस्सार्थंमध्यमंगुल्ममास्थितः,विरूपाक्षस्तु शूलखडगधनुष्मता महता बलेन राक्षसैः सार्थम् मध्यमंगुल्मम् आस्थितः,"And there stood a great altar of gold in the midst of the altar, where the altar of burnt offerings was set up.",And the wicked are gathered together in the midst of them; and the wicked are gathered together in the midst of them; and the wicked are gathered together in the midst of them.,7.636120951793876
1006,धर्मस्यैहाभिकामार्थं मम चैवाभिचोदनात् प्रव्राजय सुतं रामं त्रिःखलु त्वां ब्रवीम्यहम्,इह धर्मस्य अभिकामार्थम् मम अभिचोदनाच्च सुतम् रामम् प्रव्राजय त्वाम् त्रिः अहम् अब्रवीमि,I urge you three times to stay away from my chains for the sake of godly devotion.,"For the sake of this service, I am sending you out of my sleep.",9.880782578056978
1007,अथतान्राक्षसान्सर्वान्मकराक्षोऽब्रवीदिदम् यूयंसर्वेप्रयुध्यध्वंपुरस्तान्ममराक्षसाः,अथ मकराक्षः तान् सर्वान् राक्षसान् इदम् अब्रवीत् राक्षसाः यूयम् सर्वे मम पुरस्तात् प्रयुध्यध्वम्,"These are the words of one of the guards of the dragon, who said to the Hebrews, ""You are the ones who have fought each other.","And I said to them, All these monsters, and all these monsters, and all these monsters, and all these monsters, and all these monsters, and all these monsters, and all these monsters, and all these monsters, and all these monsters, and all these monsters, and all these monsters, and all these monsters, and all these monsters, and all these monsters, and all these monsters, and all these monsters, and all these monsters, and all these monsters, and all these monsters, and all these monsters, and all these monsters, and all these monsters, and all these monsters, and all these monsters, and all these monsters, and all these monsters, and all these monsters, and all these monsters, and all these monsters, and all these monsters, and all these monsters, and all these monsters, and all these monsters, and all these monsters, and monsters, and monsters, and monsters, and monsters, and monsters, and monsters, and monsters, and monsters, and monsters, and monsters, and monsters, and",0.007567315312064478
1008,स बालभावाद्युधि वीर्यदर्पितः प्रवृद्धमन्युः क्षतजोपमेक्षणःसमाससादाप्रतिमं कपिं रणे गजो महाकूपमिवावृतं तृणैः,बालभावात् युधि वीर्यदर्पितः प्रवृद्धमन्युः क्षतजोपमेक्षणः सः रणे अप्रतिमम् कपिम् गजः तृणैः आवृतम् महाकूपमिव समाससाद,"He is like a child, weaned. He grows old, weaned.","From childhood he has struggled, he has grown weary, he has suffered injuries.",3.2399023551226187
1009,सततंविविधैर्बाणैर्बभूवगगनंतदा घनैरिवातपापायेविद्युन्मालाससमाकुलैः,तदा गगनम् आतपापाये विद्युन्मालासमाकुलैः घनैःइव विविधैः बाणैः सततम् बभूव,"We are constantly being shaken by all kinds of earthquakes, tornadoes, hailstorms, and storms.",Then the sky was filled with thunderbolts and blasts of lightning.,2.8265205879007453
1010,न हि त्वमीदृशं कृत्वा तस्यालीकं महात्मनः धरितुं शक्ष्यसि चिरं विषं पीत्वेव निर्घृणः,निर्घृणः त्वम् महात्मनः तस्य ईदृशम् अलीकम् कृत्वा विषम् पीत्वेव चिरम् धरितुम् न शक्ष्यसि,"You will not be able to keep your head above your head, and you will not be able to keep your head above your shoulders.",You will not be able to keep him from drinking poison forever.,21.84971203531727
1011,रामाभिषेकसंभारैस्तदर्थमुपकल्पितैःरामः कारयितव्यो मे मृतस्य सलिलक्रियाम्,तदर्थम् उपकल्पितैः रामाभिषेकसम्भारैः मृतस्य मे रामः सलिलक्रियाम् कारयितव्यः,"In order to preserve Rama's sanctuary, Rama chose to work in the wilderness.","Therefore, he had to do the same thing when he was dead. He had to do the same thing when he was dead.",1.8874650311598828
1012,सुदृष्टां कुरु किष्किन्धां कुरुष्वात्मसमं पुरेक्रीडस्व च सह स्त्रीभिरहं ते दर्पनाशनः,किष्किन्धाम् सुदृष्टाम् पुरे आत्मसमम् कुरुष्व स्त्रीभिः सह क्रीडस्व च अहम् ते दर्पनाशनः,"Take heed to your words: I am a virgin, full of spirit and zeal.","I am a mirror for them, and I am a mirror for them.",10.123734869668828
1013,तदलं परितापेन देवि मन्युर्व्यपैतु तेएकोत्पातेन ते लङ्कामेष्यन्ति हरियूथपाः,देवि तत् परितापेन अलम् ते शोकः व्यपैतु ते हरियूथपाः एकोत्पातेन लङ्काम् एष्यन्ति,"In that day God will destroy them in the heat of their fury, and in the heat of their fury they will be covered with the green grass.","They will mourn because of God's wrath, and the green grass will die together.",6.730900646889454
1014,कृतान्तस्त्वेव सौमित्रे द्रष्टव्यो मत्प्रवासनेराज्यस्य च वितीर्णस्य पुनरेव निवर्तने,सौमित्रे मत्प्रवासने वितीर्णस्य राज्यस्य पुनरेव निवर्तने च कृतान्तस्त्वेव द्रष्टव्यः,"For I have seen you on my journey, and on my journey, and on my journey, and on my journey, and on my journey, and on my journey, and on my journey, and on my journey, and on my journey, and on my journey, and on my journey, and on my journey, and on my journey, and on my journey, and on my journey, and on my journey, and on my journey, and on my journey, and on my journey, and on my journey, and on my journey, and on my journey, and on my journey, and on my journey, and on my journey.",The next day I saw you on your journey to return to Vithurna and return to your kingdom.,0.7299142280624811
1015,बहुप्रस्रवणोपेतं शिलासञ्चयसङ्कटम्महर्षियक्षगन्धर्वकिन्नरोरगसेवितम्,बहुप्रस्रवणोपेतम् शिलासञ्चयसङ्कटम् महर्षियक्षगन्धर्वकिन्नरोरगसेवितम्,"mixed with a mixture of myrrh and myrrh, vinegar, and myrrh.","With a great deal of salt and pepper, they made a mixture of myrrh and myrrh.",32.201476636478546
1016,स च पावकसङ्काशः कुमारस्समपद्यतउत्थायाग्निचयात्तस्माच्छरभङ्गो व्यरोचत,सः शरभङ्गः पावकसङ्काशः कुमारः समपद्यत तस्मात् अग्निचयात् उत्थाय व्यरोचत,"He stood up with the lampstand and the maidservant, and lit the fire in the wilderness.","When he got up from the flames of the flames, he saw that he was a virgin.",3.0379937028521833
1017,ततो राजा विनिश्चित्य सह मन्त्रिभिरात्मवान्पुरोहितममात्यांश्च तत: प्रेष्यति सत्कृतान्,तत: आत्मवान् राजा मन्त्रिभि: सह विनिश्चित्य तत: सत्कृतान् पुरोहितम् अमात्यांश्च प्रेष्यति,"Then the king, his ministers and the high priest's mother decided to send the men who had done the right thing.","""The Spirit of the King and his ministers will send out priests and high priests who will be faithful and obedient.",4.657469807170696
1018,गृहाद्गृहं राक्षसानामुद्यानानि च वानरःवीक्षमाणो ह्यसन्त्रस्तः प्रासादांश्च चचार सः,सः वानरः उद्यानानि च प्रासादांश्च वीक्षमाणः असन्त्रस्तः राक्षसानाम् गृहात् गृहम् चचार,He is not afraid of houses and dwelling places. He is not afraid of houses and dwelling places. He is not afraid of wild beasts and wild beasts.,"He walked through forests, gardens, and prairies. He walked from house to house with untamed monsters.",3.016200863100729
1019,तं भूमौ पितुरार्तेन न्यस्तं रामेण वीक्ष्य साउवाच देवी कौसल्या सर्वा दशरथस्त्रियः,देवी सा कौसल्या आर्तेन रामेण पितुः न्यस्तम् तम् भूमौ वीक्ष्य सर्वाः दशरथस्त्रियः उवाच,"When Saul saw the ram lying on his father's bed, he said, ""The goddess is pleased with all the women.","When God saw Ram and his father prostrate on the ground, he said to them,",7.707532488755378
1020,युवामसङ्ख्येयगुणौ भ्रातरौ मिथिलेश्वरौऋषयो राजसङ्घाश्च भवद्भ्यामभिपूजिता:,मिथिलेश्वरौ भ्रातरौ युवाम् असङ्ख्येयगुणौ भवद्भ्याम् ऋषय: राजसङ्घाश्च अभिपूजिता:,"Young men and women, brothers and sisters, brothers and sisters, elders and kings,","Now, brothers and sisters, we commend you, young men and women, both men and women, to God and to the assembly of kings.",19.409989586875422
1021,कुर्वता तपसो विघ्नं गौतमस्य महात्मन:क्रोधमुत्पाद्य हि मया सुरकार्यमिदं कृतम्,महात्मन: गौतमस्य क्रोधम् उत्पाद्य तपस: विघ्नम् कुर्वता मया इदम् सुरकार्यम् कृतम्,I did this because I was angry with you and did not want you to be angry with me.,Mahatma Gandhi: I did this by causing Gautama's anger.,7.658412276041007
1022,ततो दुहितरौ राम सुरभिर्द्वेव्यजायतरोहिणीं नाम भद्रं ते गन्धर्वीं च यशस्स्विनीम्,राम ततः सुरभिः देवी रोहिणीं नाम यशस्स्विनीम् गन्धर्वीं च दुहितरौ अजायत ते भद्रम्,"Then two women named Ruth, who was born in the town of Ramah, went out to meet her.","Then came a woman named Jasmine, the goddess of fertility, and Gendarme.",2.954001199967651
1023,स राजा रोषताम्राक्षः प्रहस्तं मन्त्रिसत्तमम्कालयुक्तमुवाचेदं वचोऽविपुलमर्थवत्,सः राजा रोषताम्राक्षः मन्त्रिसत्तमम् प्रहस्तम् कालयुक्तम् अर्थवत् अविपुलम् इदं वचः उवाच,"The king's anger is kindled, and his anger is shaken, and his mouth is filled with fury.","In the king's anger and in his great deceit,",4.814971807094068
1024,एवमुक्त्वा तु वचनं बाष्पेण पिहितेन्द्रियःरामेति सकृदेवोक्त्वा व्याहर्तुं न शशाक ह,एवम् वचनम् उक्त्वा बाष्पेण पिहितेन्द्रियः रामेति सकृदेव उक्त्वा व्याहर्तुम् न शशाक ह,"Let us not be tempted to speak the word with force, as though it were a breath of fresh air.","After he had said this, the Lord said to Ram, ""Do not be afraid"".",4.546308713404574
1025,हिरण्यगर्भश्शिशिरस्तपनोभास्करोरविः अग्निगर्भोऽदितेःपुत्रःशङ्घश्शिशिरनाशनः,हिरण्यगर्भः शिशिरः तपनः भास्करः रविः अग्निगर्भः अदितेः पुत्रः शङ्खः शिशिरनाशनः,"He was the son of a worm, the son of a worm, the son of a worm, and the son of a wolf.","The head of the serpent is scorched, the head of the serpent is scorched, the head of the serpent is scorched, the head of the serpent is scorched.",4.292727484360655
1026,तिर्यक्चसहानेक्षत्रैस्सङ्गतौचन्द्रभास्करौ भास्करांशुभिरादीप्तंतमसाचसमावृतम् चकाशेतदाकाशमुल्काशतविदीपितम् अन्तरिक्षाच्चनिर्घातानिर्जग्मुरतुलस्वनाः,चन्द्रभास्करौ नक्षत्रेःसह तिर्यक् सङ्गतौ भास्करांशुभिः आदीप्तम् तमसाच समावृतम् तत् आकाशम् उल्काशत विदीपितम् प्रचकाशे अन्तरिक्षात् अतुलस्वनाः निर्घाताः निर्जग्मुः,"and three thousand stars, and the moon and its stars. The temple was covered with lights like lights, shining like lights in the sky, and shining like lights in the sky.","and the moon and the stars, and the stars, and the stars, and the stars, and the stars, and the stars, and the stars, and the stars, and the stars, and the stars, and the stars, and the stars, and the stars, and the stars, and the stars, and the stars, and the stars, and the stars, and the stars, and the stars, and the stars, and the stars, and the stars, and the stars, and the stars, and the stars, and the stars, and the stars, and the stars, and the stars, and the stars, and the stars, and the stars, and the stars, and the stars, and the stars, and the stars, and the stars, and the stars, and the stars, and the stars and the stars.",0.3710629505806037
1027,अयं सुदर्शनो द्वीपः पुरो यस्य प्रकाशते यस्मिं स्तेजश्च चक्षुश्च सर्वप्राणभृतामपि,यस्य पुरः सर्वप्राणभृतामपि चक्षुश्च प्रकाशते तत् तेजः यस्मिन् अयम् सुदर्शनः द्वीपः,"This is a beautiful island that shines brightly. It is filled with clouds, eyes, and every living creature.","in which all living creatures, including the eyes, are illuminated.",4.343737891358309
1028,एषा राम ममोत्पत्तिस्स्वस्य वंशस्य कीर्तितादेशस्य च महाबाहो यन्मां त्वं परिपृच्छसि,महाबाहो राम एषा मम स्वस्य वंशस्य देशस्य च उत्पत्ति: कीर्तिता यत् त्वम् माम् परिपृच्छसि,"""This is the land from which I came, the land of your birth, the land of your reputation and the great tribulation that you have set before you.","""Mohammad, Ram, this is my family and my country of origin. I am proud that you know me.",3.4691235891273156
1029,देवान्तकायतंवीरच्शिक्षेपसहसाङ्गदः महावृक्षंमहाशाखंशक्रोदीप्तमिवाशनिम्,वीरः अङ्गदः महाशाखम् तम् महावृक्षम् शक्रः दीप्तम् अशनम् इव सहसा देवान्तकाय चिक्षेप,"God's wisdom is abundant, His wisdom is abundant, His wisdom is abundant, His wisdom is abundant, His wisdom is abundant.","He was a mighty warrior, with huge branches and thorns. His face was like a lamp shining on a tree, and his face was like a lamp shining on God's throne.",1.5097473397094947
1030,स शङ्खनिनदैःपूर्णैर्भेरीणांचापिनिस्स्वनैः जगामत्रिदशेन्द्रास्तूयमानोनिशाचरैः,सः त्रिदशेन्द्रारिः पूर्णैः शङ्खनिनदैः भेरीणाम् निस्स्वनैः निशाचरैः तूयमानः जगाम,"It was full of thorns and thorns, and had thirteen seats.","And he came into the world, full of horns, and horns, and sheep, and goats, and sheep, and goats.",3.5571240588994515
1031,अपरे च हनूमन्तं वानरा वारणोपमम्आप्लुत्य गिरिशृङ्गेभ्यस्संस्पृशन्ति स्म हर्षिताः,आपरे वानराः हर्षिताः गिरिशृङ्गेभ्यः आप्लुत्य वारणोपमम् हनूमन्तम् संस्पृशन्ति स्म,"After that, the monkeys came to the mountains and enjoyed their food.","And the monkeys came up from the mountains, rejoicing and gathering their food.",19.88658161321134
1032,वशिष्ठादिभिः ऋत्विग्भिर्याचितो भगवांस्ततःउवाच तं भरद्वाजः प्रसादाद्भरतं वचः,ततः वशिष्ठादिभिः ऋत्विग्भिः याचितः भगवान् भरद्वाजः प्रसादात् तं भरतम् वचः उवाच,"And the voice of the Lord spoke to him in a loud voice, saying,","Then he was overwhelmed by the gifts of the Lord, which he had chosen quickly.",9.716915779575569
1033,अल्पपुण्ये: निवृत्तार्थे: मूढे: पण्डितमानिनि: शृणुभर्तृवधंसीते: घोरंवृत्रवधंयथा,अल्पपुण्ये निवृत्तार्थे मूढे पण्डितमानिनि सीते वृत्रवधंयथा घोरम् भर्तृवधम् शृणु,"In the middle of the night, there is a loud noise, a loud noise, a loud noise, and a loud noise.",You will hear the sound of a loud shout and a loud shout from a man who is lying on his head about to retire.,8.040993409646845
1034,सा तमुद्वीक्ष्य सुश्रोणी रावणस्य वशं गता समाक्रन्दद्भयपरा दुःखोपहतया गिरा,रावणस्य वशम् गता सुश्रोणी भयपरा सा तम् उद्वीक्ष्य दुःखोपहतया गिरा समाक्रन्दत्,"When she saw him, she ran to her mother's house and fell down, terrified and trembling.","When she saw him, she fell down and fell down with grief. She was terrified.",33.380800216772975
1035,भ्राता वैश्रवणस्याहं सापत्न्यो वरवर्णिनिरावणो नाम भद्रं ते दशग्रीवः प्रतापवान्,वरवर्णिनि अहम् वैश्रवणस्य सापत्न्यः भ्राता दशग्रीवः प्रतापवान् रावणो नाम ते भद्रम्,"When they heard of me, they gave me a tenth of a tenth of a tenth of a tenth of a tenth of a tenth of a tenth of a tenth of a tenth of a tenth of a tenth of a tenth of a tenth.","I was the bride of the bridegroom and the bride of the bridegroom. The bride's name was Ravan, and the bride's name was Ravan.",1.0755798168739934
1036,शरवर्षंततोघोरंमुञ्चतोर्भीमनिःस्वनम् सासारयोरिवाकाशेनीलयोःकालमेघयोः तयोरथमहान्कालोव्यत्ययाद्युध्यमानयोः न च तौयुद्धवैमुख्यंश्रमंवाप्युपजग्मतुः,ततः भीमनिःस्वनम् घोरम् शरवर्षम् मुञ्चतोः आकाशे सासारयोः नीलयोः कालमेघयोरिव युध्यमानयोः तयोः अथ महान् कालः व्यत्ययात् तौ युद्धवैमुख्यम् श्रमंवापि न उपजग्मुतुः,"in the winter, in the winter, in the winter, in the winter, in the winter, in the winter, in the winter, in the winter, in the winter, in the winter, in the winter, in the winter, in the winter, in the winter, in the winter, in the winter, in the winter, in the winter, in the winter, in the winter, in the winter, in the winter, in the winter, in the winter, in the winter, in the winter, in the winter, in the winter, in the winter, in the winter, in the winter, in the winter, in the winter, in the winter, in the winter, in the winter, in the winter, in the winter, in the winter, in the winter, in the winter, in the winter, in the winter, in the winter, in the winter, in the winter, in the winter, in the winter, in the winter, in the winter, in the winter, in the winter, in the winter, in the winter, in the winter, in the winter, in the winter, in the winter, in the winter, in the winter, and in the winter, in the winter, and in the winter,","Then there was an avalanche of thunder and rain, and the sky was covered with hail and clouds, and they fought against them. They did not prepare to fight, nor did they prepare to fight, because of the great time.",0.4709777318802595
1037,येन वैश्रवणो राजा द्वैमात्रः कारणान्तरेद्वन्द्वमासादितः क्रोधाद्रणे विक्रम्य निर्जितः,येन कारणान्तरे क्रोधात् द्वन्द्वम् आसादितः द्वैमात्रः वैश्रवणः राजा रणे विक्रम्य निर्जितः,For a king of two men has been thrown into the wilderness for two months. He has been furious and angry.,"The two men, who were furious for no reason, and were filled with strife, were defeated in the wilderness.",5.538696232597744
1038,यादृशं लक्ष्यते रूपं यथा चैव श्रुतं मयाव्यक्तं प्राप्ताः स्म तं देशं भरद्वाजो यमब्रवीत्,यादृशम् रूपम् लक्ष्यते मया यथा श्रुतं चैव यम् भरद्वाजः अब्रवीत् तं देशम् प्राप्ताः स्म व्यक्तम्,"When I heard him speak to me, I heard him speak to the people of the land.",I remember what I had heard about a man who had lost his faith and had taken possession of the land.,12.447747126939841
1039,भवान्धर्मविनीतश्च विक्रान्तस्सर्ववत्सलःआख्याता वायुपुत्रेण तत्त्वतो मे भवद्गुणाः,भवान् धर्मविनीतश्च विक्रान्तः सर्ववत्सलः भवद्गुणाः वायुपुत्रेण तत्त्वतः मे आख्याताः,"You who have been called righteous and blameless for so many years, who have been called sons of the air,","""You who were cursed and despised, you who were sold, you who have been called 'sons of the air,'",22.711959688247493
1040,ततस्सम्मीलितास्सर्वे सुकुमाराङ्गुलैः करैःसहसाऽपिदधुर्दृष्टिं हृष्टा गमनकाङ्क्षया,ततः गमनकाङ्क्षया हृष्टाः सर्वे सम्मीलिताः सहसा सुकुमाराङ्गुलैः करैः दृष्टिम् पिदधुः,"When they had gathered together, they set out with great eagerness to leave.","When they saw that he was going, they all waved their heads and bowed their heads.",6.434764150483398
1041,तुमुलंत्रासजननंभीमंभीमप्रतिस्वनम् तद्वर्षमभवद्युद्धेनैकशस्त्रमयंमहत्,युद्धे तुमुलम् त्रासजननम् भीमम् भीमप्रतिस्वनम् तत् नैकशस्त्रमयम् महत् वर्षम् अभवत्,"You have been a formidable warrior for many years, and I have fought with you as an armed force.","In battle, Thummul, Thrassalon, Bhim, Bhim, Bhim, Bhim, Bhim, Bhim, Bhim, Bhim, Bhim, Bhim, Bhim, Bhim, Bhim, Bhim, Bhim, Bhim, Bhim, Bhim, Bhim, Bhim, Bhim, Bhim, Bhim, Bhim, Bhim, Bhim, Bhim, Bhim, Bhim, Bhim, Bhim, Bhim, Bhim, Bhim, Bhim, Bhim, Bhim, Bhim, Bhim, Bhim, Bhim, Bhim, Bhim, Bhim, Bhim, Bhim, Bhim, Bhim, Bhim, Bhim, and Bhim.",0.058023990337608904
1042,ऋष्यमूकश्च पम्पायाः पुरस्तात्पुष्पितद्रुमःसुदुःखारोहणो नाम शिशुनागाभिरक्षितः उदारो ब्रह्मणा चैव पूर्वकाले विनिर्मितः,पम्पायाः पुरस्तात् पुष्पितद्रुमः सुदुःखारोहणः शिशुनागाभिरक्षितः उदारः ब्रह्मणा ऋष्यमूकश्च पूर्वकाले विनिर्मितः,"They were made in ancient times from the flowers of lions and pumpkins, from the flowers of drums, from the flowers of roses, from the flowers of trees, from the flowers of trees, from the flowers of trees, from the flowers of trees, from the flowers of trees, from the flowers of trees, from the flowers of trees, from the flowers of trees, from the flowers of trees, from the flowers of trees, from the flowers of trees, from the flowers of trees, from the flowers of trees, from the flowers of trees, from the flowers of trees, from the flowers of trees, from the flowers of trees and from the trees of the trees.","Made from pumps, flowers, flowers, honeycombs, baby shelters, generous braces, and silks.",0.48232207921335774
1043,एतत्ते सर्वमाख्यातं यथावृत्तमनन्दितेअभिभाषस्व मां देवि दूतो दाशरथेरहम्,अनिन्दिते देवि एतत् सर्वम् यथावृत्तम् ते आख्यातम् माम् अभिभाषस्व अहम् दाशरथेः दूतः,"""I am the angel of God, the servant of God, who speaks in my tongue.","And they blasphemed God, and spoke to me according to all these things, saying, I am the angel of the LORD.",17.377445506604897
1044,मा च लक्ष्मण सन्तापं कार्षीर्लक्ष्म्या विपर्ययेराज्यं वा वनवासो वा वनवासो महोदयः,लक्ष्मण लक्ष्म्याः विपर्यये सन्तापम् मा कार्षीः राज्यं वा वनवासो वा वनवासः महोदयः,"""Do not be afraid of your enemies or of your enemies or of your enemies or of your enemies or of your enemies or of your enemies or of your enemies or of your enemies or of your enemies or of your enemies or of your enemies or of your enemies or of your enemies or of your enemies or of your enemies or of your enemies or of your enemies or of your enemies or of your enemies or of your enemies or of your enemies or of your enemies or of your enemies or of your enemies or of your enemies or of your enemies or of your enemies or of your enemies or of your enemies or of your enemies or of your enemies or of your enemies or of your enemies or of your enemies or of your enemies or of your enemies or of your enemies or of your enemies"".","Do not be satisfied with the kingdom, nor with the forests, nor with the forests.",0.9036738994480856
1045,पहताश्वादवाप्लुत्यरथान्निहतसारथे: रथशक्तिंमहातेजाःपितृव्यायमुमोच ह,निहितसारथिः महातेजाः सः हतश्वात् रथात् अवाप्लुत्य अथ पितृव्याय रथ शक्तिम् मुमोच ह,The wheels and the wheels and the wheels and the wheels and the wheels and the wheels and the wheels and the wheels and the wheels and the wheels and the wheels and the wheels and the wheels and the wheels and the wheels and the wheels and the wheels and the wheels and the wheels and the wheels and the wheels and the wheels and the wheels and the wheels and the wheels and the wheels and the wheels and the wheels and the wheels and the wheels and the wheels and the wheels and the wheels.,Then the queen of Nikhith Sarathis came out of the chariot and saw that her father and his father had power over the chariot.,0.5675665077393613
1046,वीर्योत्सिक्तौ हि तौ पापौ कालपाशवशं गतौ रामस्य राजशार्दूल न पर्याप्तौ महात्मन:,वीर्योत्सिक्तौ तौ पापौ कालपाशवशम् गतौ राजशार्दूल महात्मन: रामस्य न पर्याप्तौ,"For they were not strong enough for the kingdom of Ramah, for they were not strong enough for the kingdom of Ramah.","And they went away in the wilderness, because of their sins, and because of their transgressions, and because of their transgressions, and because of their transgressions, and because of their transgressions, and because of their transgressions, and because of their transgressions, and because of their transgressions, and because of their transgressions, and because of their transgressions, and because of their transgressions, and because of their transgressions, and because of their transgressions, and because of their transgressions, and because of their transgressions, and because of their transgressions.",0.09157878686627419
1047,कृत्वा कण्ठे च सा चीरमेकमादाय पाणिनातस्थौ ह्यकुशला तत्र व्रीडिता जनकात्मजा,सा जनकात्मजा एकम् चीरम् कण्ठे कृत्वा पाणिना आदाय तत्र अकुशला व्रीडिता तस्थौ,"Then she put her wrists and ankles in a pool of water, where the spirit of the sick man was.","Then she dug a hole in the ground and poured it into the water. There she stood, it was very cold.",4.830454158447255
1048,आवर्तइवसञ्जज्ञेसेनयोरुभयोस्तदा क्षुभितस्याप्रमेयस्यसागरस्येवनिस्स्वनः,तदा आवर्ते क्षुभितस्य अप्रमेयस्य सागरस्यइव उभयोः सेनयोः निःस्वनः सञ्जज्ञे,"When the tide returned, they were filled with thirst and thirst, and the sea began to sink.",Then the two ships were thrown into a deep sea of storms and waves.,2.8629993657668873
1049,तस्याभिषेकसम्भारान्दृष्ट्वा भार्याऽथ कैकयी पूर्वं दत्तवरा देवी वरमेनमयाचत विवासनं च रामस्य भरतस्याभिषेचनम्,अथ तस्य अभिषेकसम्भारान् दृष्ट्वा पूर्वम् दत्तवरा भार्या देवी कैकयी रामस्य विवासनम् भरतस्य अभिषेचनम् वरम् एनम् अयाचत,"For some of them had previously given birth to the goddess Virgo, and had given birth to the goddess Rama.","When she saw that she had been anointed, she came to her bride, the goddess of fertility, to whom she had previously given birth.",11.641728468973547
1050,गजांश्चसगजारोहान्सरथान्रथिनस्तथा जघानहनुमान् भीमान् राक्षसांश्चपदातिगान्,हनुमान् सगजारोहान् गजांश्च तथा सरथान् रथिनः भीमान् पदातिगान् राक्षसान् च जघान,"and the giants of the sea, and the giants of the sea, and the giants of the sea, and the giants of the sea, and the giants of the sea, and the giants of the sea, and the giants of the sea, and the giants of the sea, and the giants of the sea, and the giants of the sea, and the giants of the sea, and the giants of the sea, and the giants of the sea, and the giants of the sea, and the giants of the sea, and the giants of the sea.","and Hanukkah, and Zacchaeus, and Gad, and Rathin, and Rathin, and Rabbah, and Rabbah, and Rabbah, and Rabbah, and Rabbah, and Rabbah, and Rabbah, and Rabbah, and Rabbah, and Rabbah, and Rabbah, and Rabbah, and Rabbah, and Rabbah, and Rabbah, and Rabbah, and Rabbah, and Rabbah, and Rabbah, and Rabbah, and Rabbah, and Rabbah, and Rabbah, and Rabbah, and Rabbah, and Rabbah, and Rabbah, and Rabbah, and Rabbah, and Rabbah, and Rabbah, and Rabbah, and Rabbah.",2.474243897850268
1051,कपिपत्न्या वचश्श्रुत्वा कपयः कामरूपिणःप्राप्तकालमविक्लिष्टमूचुर्वचनमङ्गनाम्,कामरूपिणः कपयः कपिपत्न्या: वचः श्रुत्वा प्राप्तकालम् अविक्लिष्टम् वचनम् अङ्गनाम् ऊचुः,"Some of you will be silent when they hear the sound of words, but others will be silent when they hear the sound of words, but others will be silent when they hear the sound of words.","The seed sown in the field is the seed that has been sown in the field, but the seed that has been sown in the field is not sown in the field, but sown in the field.",3.0901532587310245
1052,द्विजातींस्तु पदातींस्तान् रामश्चारित्रवत्सलःन शशाक घृणाचक्षुः परिमोक्तुं रथेन सः,चारित्रवत्सलः घृणाचक्षुः सः रामः पदातीन् तान् द्विजातीन् रथेन परिमोक्तुम् न शशाक,"And he led them into two chariots, to put them on the chariot, and to put them on the chariot, and to put them on the chariot, and to put them on the chariot, and to put them on the chariot, and to put them on the chariot, and to put them on the chariot, and to put them on the chariot, and to put them on the chariot, and to put them on the chariot, and to put them on the chariot, and to put them on the chariot, and to put them on the chariot, and to put them on the chariot, and to put them on the chariot.","And the four-eyed one hated the ram, and could not lead them on two chariots.",1.1088717665758958
1053,तत्रोष्यतां जनस्थाने शून्ये निहतराक्षसेपौरुषं बलमाश्रित्य त्रासमुत्सृज्य दूरतः,पौरुषम् बलम् आश्रित्य त्रासम् दूरतः उत्सृज्य निहतराक्षसे शून्ये तत्र जनस्थाने उष्यताम्,You will be thrown out of your homes and thrown out of your homes. You will be thrown out of your homes and thrown out of your homes and thrown out of your homes.,"Then the man with the strength of his hand will cast out the terror from afar, and he will be thrown into the open pit, into the wilderness, into the dwelling place.",4.87732444430659
1054,यदचिन्त्यन्तु तद्दैवं भूतेष्वपि न विहन्यतेव्यक्तं मयि च तस्यां च पतितो हि विपर्ययः,अचिन्त्यम् यत् दैवम् तत् भूतेष्वपि न वि हन्यते मयि च तस्यां च विपर्ययः पतितः हि व्यक्तम्,"Even if he wanted to be, he would not be damned, but he would be damned - not only me, but also him.","Let us not be astonished that God did not kill him, but he killed me and her.",7.52421768074461
1055,सर्वथा प्रणयात्कृद्धो राघवो नात्र संशयःभ्रातरं सम्प्रहितवान्लक्ष्मणं लक्ष्मिवर्धनम्,राघवः सर्वथा प्रणयात् क्रुद्धः अत्र संशयः न भ्रातरम् लक्ष्मिवर्धनम् लक्ष्मणम् सं प्रहितवान्,"In everything, do not be ashamed of what you have done. Do not be ashamed of what you have done. Do not be ashamed of what you have done. Do not be ashamed of what you have done. Do not be ashamed of what you have done. Do not be ashamed of what you have done. Do not be ashamed of what you have done. Do not be ashamed of what you have done. Do not be ashamed of what you have done. Do not be ashamed of what you have done. Do not be ashamed of what you have done. Do not be ashamed of what you have done.","Ragu was furious at everything he had done, and he sent his brother Laxmi to Laxmion.",0.41154005825344286
1056,उदावसोस्तु धर्मात्मा जातो वै नन्दिवर्धन:नन्दिवर्धनपुत्रस्तु सुकेतुर्नाम नामत:,उदावसो: तु धर्मात्मा नन्दिवर्धन: जात: नन्दिवर्धनपुत्र: तु नामत: सुकेतुर्नाम,"Sadly, the righteous spirit went to Nandi Vardhan, and Nandi Vardhan's son was named Succesuc.","For example, you have a son named Nandi Vardhan: Jati: Nandi Vardhan's son: You have a son named Suketurnam.",8.101162004849275
1057,दह्यामान स्सशोकाभ्यां कौसल्यामाह भूपतिःवेपमानोऽञ्जलिं कृत्वा प्रसादार्थमवाङ्मुखः,शोकाभ्याम् दह्यमानः सः भूपतिः वेपमानः आवाङ्मुखः प्रसादार्थम् अञ्जलिम् कृत्वा कौशल्याम् आह,"and the ten young cows and the twelve young goats, and the ten young goats and the twelve young goats, and the ten young goats, and the ten young goats, and the ten young goats, and the ten young goats, and the ten young goats, and the ten young goats, and the ten young goats, and the ten young goats, and the ten young goats, and the ten young goats, and the ten young goats, and the ten young goats, and the ten young goats, and the twelve young goats.","He was burned at the stake for sorrow, he was burned at the stake, he was anointed, he was ready to sacrifice, he was skilled.",0.550348876744825
1058,बहूनांस्त्रीसहस्राणां मम योऽसौ परिग्रहःतासां त्वमीश्वरा सीते मम भार्या भव प्रिये,सीते बहूनाम् स्त्री सहस्राणाम् यः असौ परिग्रहः तासाम् त्वम् ईश्वरी भव प्रिये मम भार्या भव,"You are a burden to me, Lord, even though I have thousands of wives.","You are my beloved God, even among many thousands of women.",8.23351492792295
1059,लङ्घनं च समुद्रस्यलङ्कायाश्चापिमर्धनम् सफलंतस्य च श्लाघ्यमद्यकर्महनूमतः,तस्य हनूमतः समुद्रस्य लङ्घनम् लङ्कायाः मर्धनंच श्लाघ्यम् कर्म अद्य सफलम्,"And he was proud of his work, and of his triumph over the sea, and of his triumph over the sea.","And now he has succeeded in his deeds, in his boasting about the dead of the sea.",7.913247271422609
1060,तद्दृष्टवासुमहत्कर्मकृतंवानरतस्तमैः क्रोधमाहारयामासयुधितीव्रमकम्पनः,अकम्पनः युधि वानरसत्तमैः कृतम् तत् सुमहत् कर्म दृष्टवा तीव्रम् क्रोधम् आहारयामास,He was furious and wrathful because of all that he had done.,He was furious when he saw the mighty deeds he had done against the serpents.,15.956527441621375
1061,ततस्सुमन्त्रमानीय वसिष्ठो वाक्यमब्रवीत्निमन्त्रयस्व नृपतीन्पृथिव्यां ये च धार्मिका:,तत: वसिष्ठ: सुमन्त्रम् आनीय वाक्यम् अब्रवीत् पृथिव्याम् धार्मिका: ये नृपतीन् निमन्त्रयस्व,"And the living creature called out to him, saying, The kings of the earth and the righteous of the earth,","The angel said, ""Bring a message. Invite the righteous women of the earth, who are invited to the king's banquet.",12.769027061800276
1062,ततस्सर्वा दिशो राजा चोदयित्वा यथातथम्कपिसेनापतीन्मुख्यान्मुमोद सुखितस्सुखम्,ततः मुख्यान् राजा कपिसेनापतीन् यथातथम् सर्वाःदिशः चोदयित्वा सुखितः सुखम् मुमोद,"When the king saw them, he took off his clothes and put them on his shoulders, just as the commander in chief had done.",Then the commander of the garrison was filled with great joy.,3.300809119141885
1063,उपास्य रात्रिशेषं तु शोणाकूले महर्षिभि:निशायां सुप्रभातायां विश्वामित्रोऽभ्यभाषत,विश्वामित्र: रात्रिशेषम् महर्षिभि: शोणाकूले उपास्य निशायाम् सुप्रभातायाम् अभ्यभाषत,Speak well to your fellow believers in the morning and in the evening.,Beware of the dark night. Beware of the dark night. Be wary of the dark night. Be wary of the dark night.,1.5860671757292075
1064,ततश्शत्रुघ्नवचनान्निपुणाःश्मश्रुवर्धनाः सुखहस्ताःसुशीघ्राश्चराघवंपर्यवारयन्,ततः शत्रुघ्नवचनात् निपुणाः सुखहस्ताः सुशीघ्राश्च श्मश्रुवर्धनाः राघवम् पर्यवारयन्,"They were filled with shameful words, weeping and gnashing of teeth, and they were covered with sickness and wrath.","When they heard this, they were filled with weeping and gnashing of teeth.",24.33821845902227
1065,एवं राजर्षय स्सर्वे प्रतीता राजनन्दनतस्मात्राहि नरश्रेष्ठ पितरं नरकात्प्रभो,राजनन्दन भो सर्वे राजर्षयः एवम् प्रतीताः प्रभो नरश्रेष्ठ तस्मात् पितरम् नरकात् त्राहि,"And all who have believed will rejoice in him, not only in him, but also in him, the Lord Jesus Christ and the Lord Jesus Christ.","All the people who believed in him rejoiced, and the Lord greatly exalted Peter.",6.910549031862163
1066,सभाग्यश्चासिधर्मज्ञ राम सत्यपराक्रम लक्ष्मणेनसहभ्रात्रासमरेरिपुघातिना,धर्मज्ञ सत्यपराक्रम राम समरे शत्रुघातिना भ्रात्रा लक्ष्मणेनसह सभाग्यः असि,"He came to the synagogue and greeted Ramah, a man of faith, and Laxmaeus and the brothers in Samaria.","He was a devout believer, true to God. He was a devoted friend of Ramesses, a persecutor, and a brother named Laxman.",4.62858042727211
1067,न स्वयं कामकारेण तां त्यक्त्वाहमिहागतःप्रचोदित स्तयैवोग्रैस्त्वत्सकाशमिहागतः,अहम् ताम् स्वयम् त्यक्त्वा कामकारेण इह न आगतः तयैव उग्रैः प्रचोदितः इह त्वत्सकाशम् आगतः,"I did not leave her by my own doing, but I came to be glorified in heaven.","I have left them to work, and I have not come to work, but I am proclaiming, ""The hour is near!""",5.88204341370056
1068,निरन्तरशीरीरौतुतावुभौरामलक्ष्मणौ क्रुद्धेनेन्द्रजितावीरौपन्नगैश्शरतांगतैः,वीरौ तौ रामलक्ष्मणौ उभौ क्रुद्धेन इन्द्रजिता शरताम् गतैः पन्नगैः निरन्तरशरीरौ,"They are constantly burning, burning, burning, and burning.",The mighty men and the rams and the goats were furious.,4.02724819242185
1069,वासवस्यवचश्श्रुत्वासर्वलोकपितामहः रक्षांस्यावाहयामासकुम्भकर्णंददर्श ह,सर्वलोकपितामहः वासवस्य वचः श्रुत्वा रक्षांसि आवाहयामास कुम्भकर्णम् ददर्शह,He who has heard the voice of the serpent and the voice of the Father who is in the heavens and the earth has seen the glory and the glory of God.,"He heard the voice of the serpent, and he saw the horn of the serpent crying out to his servants.",17.22232255922769
1070,त्रिषुचैतेषुयच्छ्रेष्ठंश्रुत्वातन्नावबुध्यते राजावाराजमात्रोवाव्यर्थंतस्यबहुश्रुतम्,राजावा राजमात्रोवा एतेषु त्रिषु यत् श्रेष्ठम् श्रुत्वा तत् नावबुध्यते तस्य बहु श्रुतम् व्यर्थम्,"And the king's voice was heard, and the king's voice was heard, and the king's voice was heard, and the king's voice was heard, and the king's voice was heard, and the king's voice was heard, and the king's voice was heard, and the king's voice was heard, and the king's voice was heard, and the king's voice was heard, and the king's voice was heard, and the king's voice was heard, and the king's voice was heard, and the king's voice was heard, and the king's voice was heard, and the king's voice was heard.","When the king and the king's mother heard about the best of the three, they were troubled.",1.5675470361138322
1071,प्रहृष्टरूपाविव रामलक्ष्मणौ विराधमुर्व्या प्रदरे निहत्य तौननन्दतुर्वीतभयौ महावने शिलाभिरन्तर्दधतुश्च राक्षसम्,प्रहृष्टरूपाविव रामलक्ष्मणौ तं विराधम् उर्व्याः प्रदरे निहत्य वीतभयौ महावने ननन्दतुः राक्षसम् शिलाभिः अन्तर्दधतुश्च,"When they came to the door, they were filled with joy and joy. They were terrified and trembled.","And they came to him in the doorway of the gate, and he was afraid, and rejoiced greatly; and they stoned him with stones.",6.545100561139679
1072,वायसेन च तेनैव सततं बाध्यमानयाबोधितः किल देव्या त्वं सुखसुप्तः परन्तप,परन्तप तेन वायसेनैव सततम् बाध्यमानया देव्या सुखसुप्तः त्वम् बोधितः किल,"You sleep well, you sleep well, you sleep well, you sleep well, you sleep well, you sleep well, you sleep well, you sleep well, you sleep well, you sleep well, you sleep well, you sleep well, you sleep well, you sleep well, you sleep well, you sleep well, you sleep well, you sleep well, you sleep well, you sleep well, you sleep well, you sleep well.","But you have been taught by God's grace, which binds you to eternal life.",0.5780829745424562
1073,स मत्तकोयष्टिमकान् पादपान् पुष्पशालिनःउद्वहन्नूरुवेगेन जगाम विमलेऽम्बरे,सः मत्तकोयष्टिमकान् पुष्पशालिनः पादपान् ऊरुवेगेन उद्वहन् विमले अम्बरे जगाम,"He was a man of many talents, a man of many talents, a man of many talents, a man of many talents, a man of many talents, a man of many talents, a man of many talents, a man of many talents, a man of many talents, a man of many talents, a man of many talents, a man of many talents, a man of many talents, a man of many talents, a man of many talents, a man of many talents, a man of many talents, a man of many talents, a man of many talents, a man of many talents, a man of many talents, a man of many talents, and a man of many talents.","And when he came, his feet were covered with water, and his feet were covered with water, and his feet were covered with water, and his feet were covered with water.",0.6671216839862638
1074,ततो जघन्यं सहितै स्समन्त्रिभिः पुरप्रधानैश्च सहैव सैनिकैःजनेन धर्मज्ञतमेन धर्मवानुपोपविष्टो भरत स्तदाऽग्रजम्,तदा ततः जघन्यम् धर्मवान् सः भरतः सहितैः मन्त्रिभिः पुरप्रधानैश्च सैनिकैस्सहैव धर्मज्ञतमेन जनेन अग्रजम् उपोपविष्टः,"The people, together with their leaders, elders and soldiers, were seated at a table full of righteous men and women who revered God.","When Paul and Barnabas had finished speaking, they sat down, together with the chief priests, elders and soldiers, and some of the most learned men of God.",16.942825977063894
1075,तं वानरसहस्राणि प्रविष्टं वानरेश्वरम् अभिवाद्य प्रविष्टानि सर्वतः पर्यवारयन्,वानरेश्वरम् प्रविष्टम् तम् अभिवाद्य वानरसहस्राणि प्रविष्टानि सर्वतः पर्यवारयन्,and thousands of monkeys entered him and surrounded him with the word of God.,"The serpent went in to him, and thousands of serpents came in and surrounded him.",15.471969135742526
1076,स तां भुजाभ्यां दीर्घाभ्यां पर्यष्वजत मारुतःमन्मथाविष्टसर्वाङ्गो गतात्मा तामनिन्दिताम्,अनिन्दिताम् ताम् गतात्मा सः मारुतः मन्मथाविष्टसर्वाङ्गः दीर्घाभ्याम् भुजाभ्याम् ताम् पर्यष्वजत,"He struck her on the ground with his torch and killed her, and she fell asleep.","When they did not sleep, the spirit went out and poured out a flame of myrrh on their hands.",2.718516209546605
1077,यदा विनाशो भूतानां दृश्यते कालचोदितःतदा कार्ये प्रमाद्यन्ति नराः कालवशं गताः,भूतानाम् यदा कालचोदितः विनाशः दृश्यते तदा नराः कालवशम् गताः कार्ये प्रमाद्यन्ति,"But when they saw that they had been driven away, they went away.","When the devil sees the destruction of the lost time, men become entangled in the work of the lost time.",1.9597730174832824
1078,इतिप्रतिसमादिष्टोहनूमान्मारुतात्मजः प्रविवेशपुरींलङ्कांपूज्यमानोनिशाचरैः,इति प्रतिसमादिष्टः मारुतात्मजः हनुमान् निशाचरैः पूज्यमानः लङ्कांपुरीम् प्रविवेश,"And the spirit of the dead entered into him, and he worshipped the devil with a bunch of locusts.","Then the deadly spirit entered the tomb of Hanun, who was worshipped in his sleep.",3.0542786342810864
1079,ह्रीः कीर्तिः श्रीश्शुभा लक्ष्मीरप्सरा वा शुभानने भूतिर्वा त्वं वरारोहे रतिर्वा स्वैरचारिणी,शुभानने वरारोहे त्वम् ह्रीः कीर्तिः शुभा श्रीः लक्ष्मीः अप्सरा वा भूतिर्वा स्वैरचारिणी रतिर्वा,"You have a green background, you have a green background, you have a green background, you have a green background, you have a green background, you have a green background, you have a green background, you have a green background, you have a green background, you have a green background, you have a green background, you have a green background, you have a green background, you have a green background, you have a green background, you have a green background, you have a green background, you have a green background, you have a green background, you have a green background, you have a green background.","On the eve of marriage, you are grey: grey: grey: grey: grey: grey: grey: grey: grey: grey: grey: grey: grey: grey: grey: grey: grey: grey: grey: grey: grey: grey: grey: grey: grey: grey: grey: grey: grey: grey: grey: grey; grey: grey: grey: grey; grey: grey: grey: grey; grey: grey: grey; grey: grey: grey: grey; grey: grey: grey: grey; grey: grey: grey: grey: grey; grey: grey: grey: grey; grey: grey: grey: grey: grey: grey",0.5123007629498431
1080,तौधवनिनौजिघांसन्तवन्योन्यमिषुभिर्भृशम् विजयेनाभिनिष्क्रान्तौवनेगजवृषाविव,ध्वनिनौ इषुभिः अन्योन्यम् भृशम् जिघांसन्तौ तौ वने विजयेन अभिनिष्क्रान्तौ गजवृषौइव,The thieves will sail with joy and gladness. They will be filled with joy and triumph. They will be filled with joy and gladness.,"When they heard the sound, they shouted at each other with their tongues, and they beat each other to the beat.",1.8264728862681343
1081,राजधानी यमस्यैषा कष्टेन तमसा वृताएतावदेव युष्माभिर्वीरा वानरपुङ्गवाः शक्यं विचेतुं गन्तुं वा नातो गतिमतां गतिः,वीरा: वानरपुङ्गवाः एषा यमस्य राजधानी कष्टेन तमसा आवृता युष्माभिः एतावदेव विचेतुम् गन्तुं वा शक्यम् अतः गतिमताम् गतिः न,"God will deal with the suffering of the city, and you will not let the foxes or the scorpions or the scorpions or the scorpions or the scorpions or the scorpions or the scorpions or the scorpions or the scorpions or the scorpions or the scorpions or the scorpions or the scorpions or the scorpions or the scorpions or the scorpions or the scorpions or the scorpions or the scorpions or the scorpions or the scorpions or the scorpions or the scorpions or the scorpions or the scorpions or the scorpions or the scorpions or the scorpions or the scorpions or the scorpions.","Vira: The monkeys, the capital of which is in distress, you can't move because you can't get away from it.",0.5108371801237679
1082,इत्युक्त्वा तु वरारोहा मणिप्रवरमद्भुतम्प्रायच्छत्परमोद्विग्ना वाचा मां सन्दिदेशह,वरारोहा इति उक्त्वा अद्भुतम् मणिप्रवरम् प्रायच्छत् परमोद्विग्ना माम् वाचा सन्दिदेश ह,"So he sent me a covenant with the Lord, a covenant of grace, a covenant of grace, a covenant of peace, a covenant of peace, a covenant of peace, a covenant of peace, a covenant of peace, a covenant of peace, a covenant of peace, a covenant of peace, a covenant of peace, a covenant of peace, a covenant of peace, a covenant of peace, a covenant of peace, a covenant of peace, a covenant of peace, a covenant of peace, a covenant of peace, and a covenant of peace.","""Baroah, "" he said, ""was a mighty man, a mighty man, a mighty man, a mighty man, a mighty man, a mighty man, a mighty man, a mighty man, a mighty man, a mighty man, a mighty man, a mighty man, a mighty man, a mighty man, a mighty man, a mighty man, a mighty man, a mighty man, a mighty man, a mighty man, a mighty man, a mighty man, a mighty man, a mighty man, a mighty man, a mighty man, a mighty man, a mighty man, a mighty man, a mighty man, a mighty man, a mighty man"".",2.276419723221448
1083,सत्यस्सत्याभिसन्धश्च नित्यं सत्यपराक्रमःपरलोकभयाद्भीतो निर्भयोऽस्तु पिता मम,सत्यः सत्यपराक्रमः परलोकभयात् भीतः मम पिता नित्यम् सत्याभिसन्धः निर्भयः अस्तु,"The one who follows the truth, the one who obeys the truth for ever, the one who fears the world,","true, true, and fearful of the future; for the fear of the Father is nothing but the fear of the truth.",4.397171872517491
1084,कस्त्वं केन कथं चेह प्राप्तो वानरपुङ्गवः का च रामेण ते प्रीतिस्तन्मे शंसितुमर्हसि,वानरपुङ्गव त्वम् कः केन कथम् इह प्राप्तः ते रामेण प्रीतिः का तत् मे शंसितुम् अर्हसि,Who has a face that speaks? Who has a face that speaks? Who has a face that speaks? Who has a face that speaks? Who has a face that speaks? Who has a face that speaks? Who has a face that speaks? Who has a face that speaks?,"Who are you, monkey? Who have you? Who have you? Who are you? Who are you? Who are you? Who are you? Who are you? Who are you? Who are you? Who are you? Who are you? Who are you? Who are you? Who are you? Who are you? Who are you? Who are you? Who are you? Who are you? Who are you? Who are you? Who are you? Who are you? Who are you? Who are you? Who are you? Who are you? Who are you? Who are you? Who are you? Who are you? Who are you? Who are you? Who are you? Who are you?",0.7116290163793794
1085,तान्शरान् सम्प्रचिक्षेपलक्ष्मणायनिशाचरः तानप्राप्तान् शरैस्तीक्ष्णैश्चिच्छेदभरतानुजः,निशाचरः तान् शरान् लक्ष्मणाय सम्प्रचिक्षेप भरतानुजः तान् अप्राप्तान् शरैः तीक्ष्णैः चिच्छेद,"They were covered with fine cloths, covered with linen, and covered with hair.","They are covered with thorns and thorns, and they are pierced with sharp edges.",7.955891555490758
1086,इति प्रतिसमादिष्टा राक्षस्यो रावणेन ताःअशोकवनिकां जग्मुर्मैथिलीं परिगृह्य तु सर्वकालफलैर्वृक्षैर्नानापुष्पफलैर्वृताम्सर्वकालमदैश्चापि द्विजैस्समुपसेविताम्,रावणेन इति प्रतिसमादिष्टाः ताः राक्षस्यः मैथिलीम् परिगृह्य सर्वकालफलैः नानापुष्पफलैः वृक्षैः वृताम् सर्वकालमदैः द्विजैः समुपसेविताम् अशोकवनिकाम् जग्मुः,"When they had finished eating, they would have put on their own wheat flour and myrrh, and they would have brought forth fruit and flowers, and they would have served each other twice a year.","They were called Ravaneen, and they were called Ravaneen. They were called Ravaneen. They were called Ravaneen. They were called Ravaneen. They were called Ravaneen. They were called Ravaneen. They were called Ravaneen. They were called Ravaneen. They were called Ravaneen. They were called Ravaneen. They were called Ravaneen. They were called Ravaneen. They were called Ravaneen. They were called Ravaneen. They were called Ravaneen. They were called Ravaneen. They were called Ravaneen. They were called Ravaneen. They were called Ravaneen. They were called Ravaneen. They were called Ravaneen.",0.5955283798610972
1087,जया च सुप्रभा चैव दक्षकन्ये सुमध्यमेते सुवातेऽस्त्रशस्त्राणि शतं परमभास्वरम्,जया च सुप्रभा च सुमध्यमे दक्षकन्ये ते अस्त्रशस्त्राणाम् परमभास्वरम् शतम् सुवाते,"""Take courage and soundness of mind. Wear all the fine weapons of God.","In the midst of evil and good news, they are armed with weapons of war.",6.047157127164659
1088,सुरास्सुरापाः पिबत पायसं च बुभुक्षिताः मांसानि च सुमेध्यानि भक्ष्यन्तां यावदिच्छथ,सुरापाः यावत् इच्छथ सुराः पिबत बुभुक्षिताः पायसं च सुमेध्यानि मांसानि च भक्ष्यन्ताम्,"You eat pork chops, roasted beef and pork chops.","We ate pork, beef, and pork until we were full.",8.224725028069482
1089,राज्यभारनियुक्तानामेष धर्मस्सनातन:अधर्म्यां जहि काकुत्स्थ धर्मोह्यस्या न विद्यते,राज्यभारनियुक्तानाम् एष: सनातन: धर्म: काकुत्स्थ अधर्म्याम् जहि अस्या: धर्म: न विद्यते हि,"righteous children of kings, righteous children of kings. There is no sin in the wicked.",These are the kingdom's rulers: eternal: righteousness: unrighteousness: where there is no righteousness:,4.753622060013117
1090,अमी हि विविधैः पुष्पैस्तरवो रुचिरच्छदाः काननेऽऽस्मिन्विना कान्तां चिन्तामुत्पादयन्ति मे,रुचिरच्छदाः अमी तरवः विविधैः पुष्पैः अस्मिन् कानने कान्तां विना मे चिन्ताम् उत्पादयन्ति,These are the kinds of flowers that are attractive to us. They make us weep and weep.,"Interesting plants, flowers of various kinds, and flowers of different sizes, give us the opportunity to listen without being disturbed.",2.616921704309235
1091,सचक्रवाकानि सशैवलानिकाशैर्दुकूलैरिव संवृतानिसपत्रलेखानि सरोचनानिवधूमुखानीव नदीमुखानि,सचक्रवाकानि सशैवलानि दुकूलैरिव काशैः संवृतानि नदीमुखानि सपत्रलेखानि सरोचनानि वधूमुखानीव,"The words of truth, the words of wisdom, the words of truth, the words of wisdom, the words of wisdom, the words of wisdom, the words of wisdom, the words of wisdom, the words of wisdom, the words of wisdom, the words of wisdom, the words of wisdom, the words of wisdom, the words of wisdom, the words of wisdom, the words of wisdom, the words of wisdom, and the words of wisdom.",They were clothed with silk and silk. They were clothed with silk and silk. They were clothed with silk and silk. They were clothed with silk and silk. They were clothed with silk and silk. They were clothed with silk and silk. They were clothed with silk and silk. They were clothed with silk and silk. They were clothed with silk and silk.,0.46981119395512716
1092,गते हि मयि तत्रेयं राजपुत्री यशस्विनीपरित्राणमविन्दन्ती जानकी जीवितं त्यजेत्,मयि तत्र गते यशस्विनी राजपुत्री जानकी परित्राणम् अविन्दन्ती जीवितम् त्यजेत्,"Later, when I was there, the princess left her alive, knowing that I had been rescued.","Then the princess Jannah, the daughter of Yeshiva, came to me and left me unharmed.",5.993031480537873
1093,सा तु रावणवेगेन पुष्पवृष्टिः समन्ततःसमाधूता दशग्रीवं पुनरेवाभ्यवर्तत,समन्ततः सा पुष्पवृष्टिः रावणवेगेन समाधूता पुनः दशग्रीवमेव अभ्यवर्तत,"And it came to pass in the morning, when it was raining, that it went forth again ten times.","At the same time, the flowering rain began to fall, and it began to rain again ten times.",13.24317283199537
1094,बाणाभिहतमर्मत्वान्नशक्नोत्यभिभाषितुम् रुजाचाब्रुवतोऽप्यस्यदृष्टिरागेणसूच्यते,बाणाभिहतमर्मत्वात् अभिभाषितुम् नशक्नोति अब्रुवतोऽपि अस्य रुजा दृष्टिरागेण सूच्यते,A man who is not able to bear the wounds of a sword is like a man who is blinded by a sword.,"It is a deadly wound, unable to be pronounced, but it is visible with the naked eye.",2.46233736722218
1095,तं राममेवानुविचिन्तयन्तं समीक्ष्य देवी शयने नरेन्द्रम्उपोपविश्याधिकमार्तरूपा विनिश्वसन्ती विललाप कृच्छ्रम्,देवी शयने रामम् एव अनुविचिन्तयन्तम् तं नरेन्द्रम् समीक्ष्य उपोपविश्य अधिकम् आर्तरूपा विनिश्वसन्ती कृच्छ्रम् विललाप,"By faith he was lifted up to the throne of God, and was clothed with the image of a sailor.","When the goddess Rama came to visit him, he fasted and became stronger in faith.",2.8094617486126277
1096,तं ते प्रदक्षिणं कृत्वा पृष्ट्वा चापि निरामयम्खनन्त स्समुपक्रान्ता दिशं हैमवतीं तत:,ते तं प्रदक्षिणं कृत्वा निरामयम् पृष्ट्वा खनन्त: तत: हैमवतीम् दिशम् समुपक्रान्ता:,"They took him by the hand and began to question him. After they had stopped, he turned to their faces and said,","They took him by the hand and asked him to stop. Jesus said, ""Go over to the other side of the lake.",26.734411341327238
1097,षष्टिर्वर्षसहस्राणि मम जातस्य रावण पितृपैतामहं राज्यं यथावदनुतिष्ठतः,रावण पितृपैतामहम् राज्यम् यथावत् अनुतिष्टतः जातस्य मम षष्टिः वर्षसहस्राणि,"My father, Ravan, gave me the throne as king for six thousand years.","And the kingdom came to me from the hand of my father and father, and I was reigned sixty thousand years.",8.039385079962985
1098,अद्यवानरमुख्यानांतानियूथानिभागशः धनुषाशरजालेनवधिष्यामिपतत्रिणा,अद्य धनुषा पतत्रतिणा शरजालेन वानरमुख्यानाम् यूथानि भागशः वधिष्यामि,"""Blessed are the princes of the land, and blessed are the princes of the land, and the princes of Judah, and the princes of Judah, and the princes of Judah, and the princes of Judah, and the princes of Judah, and the princes of Judah, and the princes of Judah, and the princes of Judah, and the princes of Judah, and the princes of Judah, and the princes of Judah, and the princes of Judah, and the princes of Judah, and the princes of Judah, and the princes of Judah, and the princes of Judah, and the princes of Judah, and the princes of Judah,","""Today I will give a share to the young men who are the heads of the monkeys and fall down with their bow and arrow.",0.9552249560379198
1099,मणिसोपानविकृतां हेमजालविभूषिताम्स्फाटिकैरावृततलां दन्तान्तरितरूपिकाम्,मणिसोपानाविकृताम् हेमजालविभूषिताम् स्फाटिकैः आवृततलाम् दन्तान्तरितरूपिकाम्,"and a toothed statue of goldsmiths, wrapped in silk.","and a toothed statue of a man-made serpent, and a toothed serpent, and a toothed serpent, and a toothed serpent, and a toothed serpent, and a toothed serpent, and a toothed serpent, and a toothed serpent, and a toothed serpent, and a toothed serpent, and a toothed serpent, and a toothed serpent, and a toothed serpent, and a toothed serpent, and a toothed serpent, and a toothed serpent, and a toothed serpent, and a toothed serpent.",0.020169575248441294
1100,रामं राज्ञो नियोगेन त्वरया प्रस्थितोऽस्म्यहम् पूज्या राज्ञो भवन्तस्तु रामस्य च विशेषतः,अहम् राज्ञ: नियोगेन रामम् त्वरया प्रस्थित: अस्मि भवन्त: तु राज्ञ: पूज्या: विशेषत: रामस्य च,"I have come to you in haste because of the king's decree. So worship me, my lord, and especially my lord.","I am the king, and I am the king, and I am the king, and I am the king, and I am the king, and I am the king, and I am the king, and I am the king, and I am the king, and I am the king, and I am the king, and I am the king, and I am the king, and I am the king, and I am the king, and I am the king, and I am the king, and I am the king, and I am the king.",0.11734735301687428
1101,प्रियं कृतं हि रामस्य धर्मज्ञेन जटायुषाराघवार्थे परिश्रान्ता वयं सन्त्यक्तजीविताः कान्ताराणि प्रपन्नाः स्म न च पश्याम मैथिलीम्,धर्मज्ञेन जटायुषा रामस्य प्रियम् कृतं हि वयम् राघवार्थे परिश्रान्ताः सन्त्यक्तजीविताः कान्ताराणि प्रपन्नाः स्म मैथिलीम् न च पश्याम,"My dear friend, we have struggled to live our lives in harmony with God's law.",We have learned to love God and to love him. We have struggled to live in harmony with God's law. We have struggled to live in harmony with God's law. We have struggled to live in harmony with God's law. We have struggled to live in harmony with God's law. We have struggled to live in harmony with God's law. We have struggled to live in harmony with God's law. We have struggled to live in harmony with God's law. We have struggled to live in harmony with God's law.,0.34418825830954247
1102,तस्य तद्वचनं श्रुत्वा यथावृत्तं न्यवेदयत्सिद्धाश्रमनिवासं च राक्षसानां वधं तथा,तस्य तत् वचनम् श्रुत्वा सिद्धाश्रमनिवासम् च तथा राक्षसानाम् वधम् यथावृत्तम् न्यवेदयत्,"When he heard this, he went out of his way and began to kill the demons.","When he heard this, he ordered the synagogue and the demons to be put to death.",32.22538601891173
1103,नानुतिष्ठति कार्याणि भयेषु न बिभेति चक्षिप्रं राज्याच्युतो दीनस्तृणैस्तुल्यो भविष्यति,कार्याणि नानुतिष्ठति भयेषु न बिभेति च क्षिप्रम् राज्यात् च्युतः दीनः तृणैः तुल्यः भविष्यति,"A new kingdom will be built with humility, not with fear.","He will not be afraid to do anything new, and soon the kingdom will be cut off.",8.957804544555065
1104,विक्षिप्तां पवनेनैतामसौ तिलकमञ्जरीम् षट्पदस्सहसाऽभ्येति मदोद्धूतामिव प्रियाम्,असौ षट्पदः पवनेन विक्षिप्ताम् तिलकमञ्जरीम् मदोद्धूताम् प्रियामिव सहसा अभ्येति,"My dear friend, you can wear a purple robe, a silk robe, and a six - foot robe.","I have wrapped my waistcoat around my waist, and I have wrapped my waistcoat around my waist.",3.8229746997386336
1105,राघवस्यवच्श्रुत्वालक्ष्मणस्सविभीषणः जग्राहकार्मुकश्रेष्ठमत्यद्भुतपराक्रमः,सविभीषणः अत्यद्भुतपराक्रमः लक्ष्मणः राघवस्य वचः श्रुत्वा कार्मुकश्रेष्ठम् जग्राह,"When he heard the voice of the raven, he was terrified. He was amazed at the wonderful works of the world.","The voice of Lachish, the voice of Ragash, was heard, and the world was filled with fear and wonder.",8.968622051963912
1106,ततो देवाः सगन्धर्वाः सिद्धाश्च परमर्षयःअब्रुवन् सूर्यसङ्काशां सुरसां नागमातरम्,ततः सगन्धर्वाः देवाः सिद्धाश्च परमर्षयः सूर्यसङ्काशाम् नागमातरम् सुरसाम् अब्रुवन्,"Then the heavenly god and the heavenly god appeared, and the sun shone and the sun shone.",Then the heavenly bodies and the heavenly gods cried out to the sun.,14.830451601748624
1107,अथ राजा दशरथस्तेषां दारक्रियां प्रति चिन्तयामास धर्मात्मा सोपाध्यायस्सबान्धव:,अथ धर्मात्मा राजा दशरथ: सोपाध्याय: सबान्धव: तेषाम् दारक्रियां प्रति चिन्तयामास,"When the king heard this, he was troubled by the evil deeds of these men.",The righteous king Darthath-Sopadhyay and Sabandhai were concerned about what they were doing.,2.719665272174911
1108,कथञ्चिद्भवती दृष्टा न कालः परिशोचितुम्इमं मुहूर्तं दुःखानामन्तं द्रक्ष्यसि भामिनि,कथञ्चित् भवती दृष्टा परिशोचितम् कालः न भामिनि इमम् मुहूर्तम् दुःखानाम् अन्तम् द्रक्ष्यसि,"For when you see this, you will be filled with sorrow, and the time will come when you will be filled with grief.",Perhaps you will see the end of the tribulation that is ahead of you.,3.802351022611669
1109,स गृहैरभ्रसङ्काशैः पाण्डुरैरुपशोभितम् राजमार्गं ययौ रामो मध्येनागरुधूपितम्,सः रामः अभ्रसङ्कशै: पाण्डुरैः गृहैः उपशोभितम् अगरुधूपितम् राजमार्गं मध्येन ययौ,He built a house of bricks and made a road that led to Ramah.,"He went to Ram Abrasanksa: he went through the dirty highways, with his houses decorated with sand.",2.478189540258206
1110,कबन्धानिसमुत्पेतुर्भीमाणांभीषणानिवै भुजपाणिशिरश्छिन्नकायाश्चभूतले वानराराक्षसाश्चापिनिपेतुस्तत्रवैरणे,भीरूणाम् भीषणानि कबन्धानि भूतले समुत्पेतुः भुजपाणिशिरछशिन्नाः छिन्नकायाश्च वानराः राक्षसाश्चापि तत्र वैरणे निपेतुः,"They were afraid of the tombs, afraid of the earthquakes, afraid of the waters, afraid of the waters, afraid of the waters, afraid of the devils, afraid of the devils.","Fearful creatures were thrown into the tombs and into the depths of the earth. They were filled with locusts, locusts, snakes, and wild beasts.",4.016457646237016
1111,विमाने भास्वरे तिष्ठन्हंसयुक्ते यशस्करेप्रभया च महातेजा दिशो दश विराजयन् सोऽन्तरिक्षगतो रामं कबन्धो वाक्यमब्रवीत्शृणु राघव तत्त्वेन यथा सीतामवाप्स्यसि,सः कबन्धः अन्तरिक्षगतः हंसयुक्ते यशस्करे भास्वरे विमाने तिष्ठन् महातेजाः प्रभया दश दिशः विराजयन् रामम् वाक्यम् अब्रवीत् राघव सीताम् यथा अवाप्स्यसि तत्त्वेन शृणु,"As they sat down in front of the Queen, they heard the sound of a roaring thunderstorm, like a roaring thunderstorm.","And he heard the voice of Ramah, and the voice of Ramah, and the voice of Ramah, and the voice of Ramah, and the voice of Ramah, and the voice of Ramah, and the voice of Ramah, and the voice of Ramah, and the voice of Ramah, and the voice of Ramah, and the voice of Ramah, and the voice of Ramah, and the voice of Ramah, and the voice of Ramah, and the voice of Ramah, and the voice of Ramah, and the voice of Ramah, and the voice of Ramah, and the voice of Ramah, and the voice of Ramah, and the voice of Ramah.",0.05839988363595546
1112,सश्रूत्वा तु पितरं वृत्तं भ्रातरौ च विवासितौभरतो दुःखसन्तप्त इदं वचनमब्रवीत्,भरतः पितरम् वृत्तम् भ्रातरौ विवासितौ श्रुत्वा तु दुःखसन्तप्तः इदम् वचनम् अब्रवीत्,"When Peter and the brothers heard this, they were filled with grief.","When the brothers heard about Peter, they were deeply saddened.",19.674979811155634
1113,गतो दशरथस्स्वर्गं यो नो गुरुतरो गुरुःरामं प्रव्राज्य वै ज्येष्ठं लक्ष्मणं च महाबलम्,यः नः गुरुतरः गुरुः दशरथः ज्येष्ठम् रामम् महाबलं च लक्ष्मणं च प्रव्राज्य स्वर्गम् गतः,"He who ascended into the heavens is the greatest and most powerful, not only the greatest, but also the greatest.","And he who is not greater than the Master, the Master, the Elder, the Great, the Great, the Powerful, and the Great, was taken up into heaven.",1.8189130583947275
1114,राघवस्तवसंयुक्तागगने च विशुश्रुवे साधुसाध्वितिवागग्य्रादेवतानांमहात्मनाम्,महात्मनाम् देवतानाम् साधुसाधुइति राघवस्तवसंयुक्ता अग्य्रा वाक् गगने विशुश्रुवे च,"Blessed are those who are filled with joy and gladness, who are filled with joy and gladness.","And you will hear the sound of unquenchable flames from heaven, and you will hear the sound of unquenchable anger.",2.275169487512555
1115,सुग्रीव श्रूयातां तात क्रोधश्च व्यपनीयताम्कारणं येन बाणोऽयं न मया स विसर्जितः,तात सुग्रीव येन सः अयम् बाणः मया न विसर्जितः कारणम् श्रूयताम् क्रोधः व्यपनीयतां च,"Do not be quick to listen, do not be angry, do not be discouraged.","Make sure that he does not forget what I have said, so that I may hear him and be angry with him.",3.8101828249592096
1116,शेषं च हविषस्तस्य प्राश्याशास्यात्मनः प्रियम्ध्यायन्नारायणं देवं स्वास्तीर्णे कुशसंस्तरे वाग्यत स्सह वैदेह्या भूत्वा नियतमानसःश्रीमत्यायतने विष्णो श्शिश्ये नरवरात्मजः,नरवरात्मजः आत्मनः प्रियम् आशास्य तस्य हविषः शेषं प्राश्य च देवम् नारायणम् ध्यायन् वाग्यतः भूत्वा नियतमानसः विष्णोः श्रीमति आयतने स्वास्तीर्णे कुशसंस्तरे वैदेह्या सह शिश्ये,"And the rest of them, who have the gift of the Holy Spirit, who have loved the Lord, who have clothed themselves with God's anointing cloth, who have become witnesses of God's goodness, who have set their hearts on God's glory, who have set their hearts on God's glory, and who have set their hearts on God's glory.","But when the spirit of man saw that he had no hope, and that he had no hope, he became angry with God.",1.4997109393138248
1117,स तस्यबाहुर्गिरिशृङ्गकल्पःसमुद्गरोराघवबाणकृत्तः पपाततस्मिन् हरिराजसैन्येजघानतांवानरवाहिनीं,गिरिशृङ्गकल्पः समुद्गरः राघवबाणकृत्तः सः तस्यबाहुः तस्मिन् हरिराजसैन्ये पपात ताम् हरिवाहिनीं च जघान,"His shoulders were made of bronze, and he threw them into the sea.",He turned the sea into a raging sea of smoke. He took his hand and threw it into the sea.,11.866034074028105
1118,जगदद्याभिषिक्तंत्वामनुपश्यतुराघव प्रतपन्तमिवादित्यंमध्याह्नेदीप्ततेजसम्,राघव जगत् अद्य अभिषिक्तम् त्वाम् मध्याह्ने प्रतपन्तम् दीप्ततेजसम् आदित्यमिव अनुपश्यतु,We are the light of the world. We are the light of the world. We are the light of the world.,"""Today the Messiah will come to you in the midst of the day, and the light will shine on the earth.",5.291907393644996
1119,इति प्रत्यर्च्य तान्राजा ब्राह्मणानिदमब्रवीत् वसिष्ठं वामदेवं च तेषामेवोपशृण्वताम्,राजा इति तान् प्रत्यर्च्य तेषाम् उपशृण्वताम् एव वशिष्ठम् वामदेवं च ब्राह्मणान् इदम् अब्रवीत्,"When the king heard this, he turned back and said, ""The gods are on their knees and obey their voice"".","When he came to them and said, ""King! "" they were humbled, and the God of the West and the God of the Left stirred them up.",9.177155427869618
1120,सुखानामुचितस्यैव दुःखैरनुचितस्य चदुखं नामानुपश्येयं कथं रामस्य धीमतः,सुखानाम् उचितस्य दुःखैः अनुचितस्य च धीमतः रामस्य दुःखम् कथं नाम अनुपश्येयम्,"He said, ""It's not good, it's bad, it's bad, it's bad, it's bad, it's bad, it's bad, it's bad, it's bad, it's bad, it's bad, it's bad, it's bad, it's bad, it's bad, it's bad, it's bad, it's bad, it's bad, and it's bad"".",Do not be ashamed of what is good or bad. Do not be ashamed of what is bad or bad.,0.8449184660069768
1121,एतच्छ्रुत्वायमाकारंभजतेभरतस्ततः स च तेवेदितव्यःस्यात्सर्वंयच्छापिमांप्रति,एतत् श्रुत्वा ततः भरतः यम् आकारम् भजते सः च ते वेदितव्यः मांप्रति यच्छापि स्यात् सर्वम्,"When he said this, he and his disciples were overwhelmed with grief and asked, ""What have you done for me?""","When he heard this, he was filled with joy and said to them, ""Whatever you want me to do for you, do for me"".",8.483648629962692
1122,स वानरसहस्राणां कोटीभिरभिसंवृतःक्षिप्रमेष्यति वैदेहि राक्षसानां निबर्हणः,वैदेहि सः वानरसहस्राणाम् कोटीभिः अभिसंवृतः राक्षसानाम् निबर्हणः क्षिप्रम् एष्यति,He will hunt down thousands upon thousands of wild beasts and thousands upon thousands of birds.,"And he will come in a moment, and he will cast out thousands upon thousands of demons.",14.639350349026063
1123,प्रष्टव्यो मेरुसावर्णिर्महर्षिः सूर्यसन्निभःप्रणम्य शिरसा भूमौ प्रवृत्तिं मैथिलीं प्रति,सूर्यसन्निभः महर्षिः मेरुसावर्णिः शिरसा भूमौ प्रणम्य मैथिलीं प्रति प्रवृत्तिम् प्रष्टव्यः,"The sun was shining, and the sun was shining, and his head was turning toward the earth.","The sun was shining brightly, and the clouds were raining, and the heads of the people were bowing down to the ground.",15.82036216593196
1124,ततस्तांस्त्रीन्हतान्ज्ञात्वा वानरेण तरस्विना अभिपेदे महावेगः प्रसह्य प्रघसो हरिम्भासकर्णश्च सङ्कृद्धश्शूलमादाय वीर्यवान्,ततः तरस्विना वानरेण तान् त्रीन् हतान् ज्ञात्वा प्रघसः महावेगः प्रसह्य अभिपेदे वीर्यवान् भासकर्णश्च सङ्कृद्धः शूलम् आदाय,"The woman's body was given to her by the spirit of a serpent, a serpent of great beauty. She gave birth to a dragon, a serpent with rays of green and blue, and gave birth to a newborn child.","When the dragon in Tarsus saw that they had been killed, he was furious, and threw himself into the sea with a spear and a horn.",2.548807901150031
1125,स तांमातलिनानीतांशक्तिंवासवसम्मताम् जग्राहपरमक्रुद्धोराघवोरघुनन्दनः,रघुनन्दनः सः राघवः परमक्रुद्धः मातलिना आनीताम् वासवसम्मताम् तांशक्तिम् जग्राह,"He will bring the nations of the earth together, and they will cry out in the fury of God's wrath.","They rejoiced, they were angry, they were angry, they were angry, they were angry, they were angry, they were angry, they were angry, they were angry, they were angry, they were angry, they were angry, they were angry, they were angry, they were angry, they were angry, they were angry, they were angry, they were angry, they were angry, they were angry, they were angry, they were angry, they were angry, they were angry, they were angry, they were angry, they were angry, and they were angry.",0.09633558246625876
1126,तानारुह्याथवा भूमौ पातयित्वा यथासुखम् फलान्यमृतकल्पानि लक्ष्मणस्ते प्रदास्यति,लक्ष्मणः तान् आरुह्य अथवा यथासुखम् पातयित्वा अमृतकल्पानि फलानि ते प्रदास्यति,"Then he took a thorn and threw it on the ground, and it sprouted, and it became as good as dead seed.","When it is ripened and soaked, it yields deadly fruit.",2.252278368576829
1127,स बद्ध इव पाशेन किशोरो मातरं यथाधर्मपाशेन सङ्क्षिप्तः प्रकाशं नाभ्युदैक्षत,पाशेन बद्धः किशोरः इव सः धर्मपाशेन सङ्क्षिप्तः मातरं यथा प्रकाशम् नाभ्युदैक्षत,"He was bound like a child in his lap, and his mother was like a thorn in the side of the right hand.","He is like a young man bound on his shoulders. His feet are darkened, and his face is darkened like a cloud.",9.22635643555325
1128,वैदेह्या यानि चाङ्गेषु तदा रामोऽन्वकीर्तयत्तान्याभरणजालानि गात्रशोभीन्यलक्षयत् सुकृतौ कर्णवेष्टौ च श्वदंष्ट्रौ च सुसंस्थितौमणिविद्रुमचित्राणि हस्तेष्वाभरणानि च श्यामानि चिरयुक्तत्वात्तथा संस्थानवन्ति च,तदा रामः यानि आभरणजालानि वैदेह्याः अङ्गेषु अन्वकीर्तयत् गात्रशोभीनि तानि अलक्षयत् सुकृतौ कर्णवेष्टौ च सुसंस्थितौ श्वदंष्ट्रौ च हस्तेषु मणिविद्रुमचित्राणि आभरणानि च चिरयुक्तत्वात् श्यामानि संस्थानवन्ति च,"In the plains of Bethesda there is a net of ram's oxen and goats. It is made of fine linen, fine linen, fine linen, fine linen, handkerchiefs, and wool.","And he saw the web of fine linen, which he had made in the tents of Bethesda, and the fine linen of fine linen, and the fine linen of fine linen, and the fine linen of fine linen, and the fine linen of fine linen in their hands, and the linen of fine linen in their hands, and the linen of fine linen, and the linen of fine linen, and the linen of fine linen, and the linen of fine linen, and the linen of fine linen, and the linen of fine linen, and the linen of fine linen, and the linen of fine linen of fine linen, and the linen of fine linen of fine linen, and the linen of fine linen of fine linen, and the linen of fine linen of fine linen.",0.6632059683558497
1129,हरिपादविनिर्भग्नोनिषसाद स पर्वतः न शशाकतदात्मानंसोढुंभृशनिपीडितः,हरिपादविनिर्भग्नः सःपर्वतः भृशपीडितः तदा आत्मानम् वोढुम् न शशाक निषसाद,"He was driven to the mountains by the strong winds, and he was not allowed to climb mountains.","When the sun came down on the mountain, the Spirit of God broke down on them, and they did not give up their spirits.",3.55128879769163
1130,स सागरमनाधृष्यमभ्येत्य वरुणालयम्जगामाकाशमाविश्य वेगेन गरुडोपमः,वेगेन गरुडोपमः सः अनाधृष्यम् वरुणालयम् सागरम् अभ्येत्य आकाशम् आविश्य जगाम,"He was afraid of being thrown into the sea, but we saw an eagle flying into the sky.","He was like an eagle, unwrapped in blood. He went down to the sea and was thrown into the sky.",18.570761271084827
1131,लङ्काद्वीपस्यगोप्तारंकर्तारंभीमकर्मणाम् अस्माकंकामभोगानांदातारंरथिनांवरम्,लङ्काद्वीपस्य गोप्तारम् भीमकर्मणाम् कर्तारम् अस्माकम् कामभोगानाम् दातारम् रथिनाम् वरम्,"When we reached the shallow end of the island of Langka, we tried hard to land on the harbor.","When we reached the shore of the island of Langka, we were shipwrecked.",40.27672046365773
1132,एषातेहृदयंभित्त्वाशक्तिर्लोहितलक्षणा मद्भाहुपरिघोत्सृष्टाप्राणानादाययास्यति,लोहितलक्षणा मद्भाहुपरिघोत्सृष्टा एषा शक्तिः ते हृदयम् भित्त्वा प्राणान् आदाय यास्यति,"He is the one who gives life to the sick, the sick, the sick, the sick, the sick, the sick, the sick, the sick, the sick, the sick, the sick, the sick, the sick, the sick, the sick, the sick, the sick, the sick, the sick, the sick, the sick, the sick, the sick, the sick, the sick, the sick, the sick, the sick, the sick, the sick, the sick, the sick, the sick, the sick, the sick, the sick, the sick, the sick, the sick, the sick, the sick, and the sick.","It is more powerful than blood and blood, and it will break their hearts and kill their souls.",0.629907046039703
1133,तव भ्रातुर्हि विख्यातस्सहायो रणकर्कशःरामः परबलामर्दी युगान्ताग्निरिवोत्थितः,रणकर्कशः विख्यातः उत्थितः युगान्ताग्निरिव परबलामर्दी सः रामः ते भ्रातुः सहायः हि,"Your brothers are well - known, and your brothers are renowned, and you will live forever and ever.",He is a renowned warrior who has risen from the dead. He is the help of his brother Ram.,2.159701133933343
1134,प्लवगा वृश्चिका दंशामशकाश्चैव काननेसरीसृपाश्च कीटाश्च मा भूवन्गहने तव,गहने कानने तव प्लवगाः वृश्चिकाः दंशाः मशकाश्च सरीसृपाश्च कीटाश्च मा भूवन्,Do not let the scorpions or scorpions or scorpions or scorpions or scorpions or scorpions or scorpions or scorpions or scorpions or scorpions or scorpions or scorpions or scorpions or scorpions or scorpions or scorpions or scorpions or scorpions or scorpions or scorpions or scorpions or scorpions or scorpions or scorpions or scorpions or scorpions or rays or rays or rays get in your way.,"Do not let any flying insect, frog, toad, reptile or insect live in the depths.",2.5222031055715526
1135,यदि तेऽपी ह तिष्ठन्ति शपिष्ये तानपि ध्रुवम् वनेऽस्मिन्मामके नित्यं पुत्रवत्परिरक्षितेपत्राङ्कुरविनाशाय फलमूलाभवाय च,नित्यम् पुत्रवत् परिरक्षिते मामके अस्मिन् वने तेऽपि पत्राङ्कुरविनाशाय फलमूलाभवाय च तिष्ठन्ति यदि तानपि ध्रुवम् शपिष्ये,"Even if they remain in the wilderness, the tree of life will remain in us forever. The leaves will rot and the fruit will be rotten,","I will keep them forever, and they will always be in my garden. If they die, they will die. If they die, they will live forever.",3.5536559081652053
1136,एते सुरगणास्सर्वे निरीक्षन्ते समागता:त्वामप्रतिमकर्माणमप्रतिद्वन्द्वमाहवे,समागता: एते सर्वे सुरगणा: अप्रतिमकर्माणम् आहवे अप्रतिद्वन्द्वम् त्वाम् निरीक्षन्ते,"""These are all the people who are watching the storm. They hate me because of what I have done.","All these things are perplexing to you. You are called to do extraordinary things, and you are not opposed to them.",2.230397629051366
1137,तस्य भार्या वने नष्टा सीता पतिमनुव्रतावैदेहस्य सुता राज्ञो जनकस्य महात्मनः,वैदेहस्य महात्मनः जनकस्य राज्ञः सुता पतिम् अनुव्रता तस्य भार्या सीता वने नष्टा,"She was the wife of Seth, the father of Seth, the father of Seth, the father of Seth, the father of Seth, the father of Seth, the father of Seth, the father of Seth, the father of Seth, the father of Seth, the father of Seth, the father of Seth, the father of Seth, the father of Seth, the father of Seth, the father of Seth, the father of Seth, the father of Seth, the father of Seth, the father of Seth, the father of Seth.","And the king of Sheba, the father of Sheba, the great one of Sheba, the king of Sheba, the king of Sheba, the king of Sheba, the king of Sheba, the king of Sheba, the king of Sheba, the king of Sheba, the king of Sheba, the king of Sheba, the king of Sheba, the king of Sheba, the king of Sheba, the king of Sheba, the king of Sheba, the king of Sheba, the king of Sheba, the king of Sheba, the king of Sheba, the king of Sheba, the king of Sheba, the king of Sheba, the king of Sheba, the king of Sheba, the king of Sheba, the king of Sheba.",4.9787595173244785
1138,चोदयामास तां सेनां जगामाशु तत: पुरीम्पताकाध्वजिनीं रम्यां तूर्योद्घुष्टनिनादिताम् सिक्तराज पथां रम्यां प्रकीर्णकुसुमोत्कराम् राजप्रवेशसुमुखै: पौरैर्मङ्गलवादिभि: सम्पूर्णां प्राविशद्राजा जनौघैस्समलङ्कृताम्,राजा ताम् सेनाम् चोदयामास पताकाध्वजिनीम् रम्याम् तूर्योद्घुष्टनिनादिताम् सिक्तराजपथाम् प्रकीर्णकुसुमोत्करामम् राजप्रवेशसुमुखै: मङ्गलवादिभि: पौरै: सम्पूर्णाम् जनौघै: समलङ्कृताम् पुरीम् आशु जगाम,"In the fourth month, the army came to the palace. They were wearing a purple coat of arms. They were seated at the entrance of the palace, by the way of Alexander the Great, by the way of the golden calf, and by the entrance of the palace, by the entrance of the palace.","The king led his troops into the fourteenth month, with flags and banners, and with the shields of Tyre and Sidon, and with the shields of the king, and with the shields of the king, and with the shields of the king's staff, and with the shields of the king's staff, and with the shields of the king's staff, and with the shields of the king's staff, and with the shields of the king's staff, and with the shields of the king's staff, and with the shields of the king's staff, and with the shields of the king's staff, and with the shields of the king's staff, and with the shields of the king's staff.",1.1711218399601004
1139,द्रष्टुं भवन्तमायातौ शुश्रूषार्थमरिन्दमौ यदत्रानन्तरं तत्त्वमाज्ञापयितुमर्हसि,अरिन्दमौ भवन्तम् द्रष्टुम् शुश्रूषार्थम् अयातौ अत्र यत् अनन्तरम् तत् त्वम् आज्ञापयितुम् अर्हसि,so that we may see how you will be obedient to the law more fully.,We have come to see you and to tell you the things that are about to happen.,3.377811044913357
1140,जयाशिषाचराजानंवर्धयित्वायथोचितम् माल्यवानभ्यनुज्ञातोजगामस्वंनिवेशनम्,माल्यवान् राजानम् जयाशिषाच यथोचितम् स्वम् निवेशनम् जगाम,"When Jesus came to the throne, he invited some of the rich to come to him.","Let the king, my lord, and the princes sit in his proper place,",2.8265205879007453
1141,अपि स्वस्ति भवेत्तात सर्वेषां भुवि रक्षसाम्अपि रामो नासङ्क्रुद्धः कुर्याल्लोकमराक्षसम्,तात भुवि सर्वेषाम् रक्षसाम् स्वस्ति अपिभवेत् रामः न सङ्क्रुद्धः लोकम् अराक्षसम् अपि न कुर्यात्,"Even though he had taken possession of all the earth, he was not angry with Ramo.","And all the earth was in him, and he was safe; and he was not defiled, nor did he make any man unclean.",9.024958575882788
1142,तयोस्तदासादितयोरणाग्रेमुमोहसैन्यंहरिपुङ्गवानाम् सुग्रीवनीलाङ्गदजाम्बवन्तो न चापिकिञ्चित्प्रतिपेदिरेते,रणाग्रे तदा तयोः सादितयोः हरिपुङ्गवानाम् सैन्यम् मुमोह ते सुग्रीवनीलाङ्गदजाम्बवन्तोऽपि किञ्चित् न प्रतिपेदिरे,"They were dressed in blue, green, blue, and blue. They did not dare to touch anything.","When it was dark, they said, ""Look at this army of wolves and wolves. They don't even wear purple clothes.",3.9511517366620583
1143,बाल एव हि मातुल्यं भरतो नायितस्त्वयासन्निकर्षाच्च सौहार्दं जायते स्थावरेष्वपि,त्वया भरत: बाल: एव मातुल्यम् नायित: हि सन्निकर्षात् स्थावरेष्वपि सौहार्दम् जायते,He is a child full of compassion and gentleness.,"You, Bharat, are like a mother's daughter. She is like a mother's daughter, and she is like a mother's daughter.",1.324099578669088
1144,भक्षार्थं जातसंरम्भा गर्जन्ती साभ्यधावत आपतन्तीं तु तां दृष्ट्वा अगस्त्यो भगवानृषि: राक्षसत्वं भजस्वेति मारीचं व्याजहार स:,सा गर्जन्ती जातसंरम्भा भक्षार्धम् अभ्यधावत भगवान् स: अगस्त्य: ऋषि: आपतन्तीम् ताम् दृष्ट्वा राक्षसत्वम् भजस्व इति मरीचम् व्याजहार,"As she was about to go out to eat, she hurried. When Augustus saw her, he cried out to Mary, ""Mary, you are a demon!","As she was preparing a meal in the midst of a laboring storm, the Lord said to her, ""Call on Mary, and she will be saved"".",7.833630975156555
1145,तथ्यतद्वचनंश्रुत्वारामोवचनमब्रवीत् वचसासान्त्वयित्वैनंलोचनाभ्यांपिबन्निव आख्याहिममतत्त्वेनराक्षसानांबलाबलम्,रामः तस्य: तत् वचनम् श्रुत्वा: वचसा: एनम् सान्त्वयित्वा: लोचनाभ्याम् पिबन्निव: वचनम् अब्रवीत् राक्षसानाम् बलाबलम् मम: तत्त्वेन: आख्याहि:,"Let us speak truthfully, not in vain, not in words of deceit, not in words of deceit, not in words of deceit, not in words of deceit, not in words of deceit, not in words of deceit, not in words of deceit, not in words of deceit, not in words of deceit, not in words of deceit, not in words of deceit, not in words of deceit, not in words of deceit, not in words of deceit, not in words of deceit, not in words of deceit, not in words of deceit, not in words of deceit, not in words of deceit, not in words of deceit, not in words of deceit.","And Ram said to him, Reassure him, and give him a drink of wine; and he said, I am stronger than the demons.",0.3960330886415752
1146,मलमण्डनचित्राङ्गीं मण्डनार्हाममण्डिताम्मृणाली पङ्कदिग्धेव विभाति न विभाति च,मलमण्डनचित्राङ्गीम् मण्डनार्हाम् अमण्डिताम् पङ्कदिग्धा मृणालीव विभाति न विभाति च,"The lamp does not divide the window of the temple, nor does it divide the window of the temple.","It does not divide the fine linen from the fine linen, nor does it divide the fine linen from the fine linen, nor does it divide the fine linen from the fine linen, nor does it divide the fine linen from the fine linen, nor does it divide the fine linen from the fine linen, nor does it divide the fine linen from the fine linen, nor does it divide the fine linen from the fine linen.",1.8076271281590124
1147,रावणश्च मया दृष्टः क्षितौ तैलसमुक्षितःरक्तवासाः पिबन्मत्तः करवीरकृतस्रजः,रावणश्च क्षितौ तैलसमुक्षितः रक्तवासाः करवीरकृतस्रजः पिबन् मत्तः मया दृष्टः,"I saw the ravens and the goats; they were covered with oil, and they were covered with blood, and they were covered with water.","I saw vinegar and oil on the tablets, blood on the tablets, and wine on the tablets.",4.863785183637671
1148,ततस्तु तस्मिन् विजने वने तदामहाबलौ राघववंशवर्धनौन तौ भयं सम्भ्रममभ्युपेयतुर्यथैव सिंहौ गिरिसानुगोचरौ,ततः तदा विजने तस्मिन् वने महाबलौ तौ राघववंशवर्धनौ गिरिसानु गोचरौ सिंहौ यथैव भयम् सम्भ्रमम् न अभ्युपेयतुः,"When he heard this, the lions roared with fear and trembled.","""Do not be afraid of him, nor be dismayed by his words, as do the wild beasts, the raven, the goats, and the lions.",2.3134885865513914
1149,ते सह्यं समतिक्रम्य मलयं च महागिरिम् आसेदुरानुपूर्व्येण समुद्रं भमनिस्स्वनम्,ते सह्याम् महागिरिम् मलयं च समतिक्रम्य आनुपूर्व्येण भीमनिस्वनम् समुद्रम् आसेदुः,"They reached the sea by the sea, near the sea's edge, and by the sea's edge, before the great sea.","They went out against the great sea and against the great sea, and before them there was a sea of molten water.",9.637411586929971
1150,अनेकशतसाहस्रीं विषण्णां हरिवाहिनीम्जाम्बवान्समुदीक्ष्यैवं हनूमन्तमथाब्रवीत्,जाम्बवान् विषण्णाम् अनेकशतसाहस्रीम् हरिवाहिनीम् समुदीक्ष्य अथ हनूमन्तम् एवम् अब्रवीत्,"And when he saw the grass, and the sand, and the grass, and the sand, and the grass, and the water, and the water, and the water, and the water, and the water, and the waters, and the waters, and the waters, and the waters, and the waters, and the waters, and the waters, and the waters, and the waters, and the waters, and the waters, and the waters, and the waters, and the waters, and the waters, and the waters, and the waters, and the waters, and the waters, and the waters, and the waters, and the waters, and the waters, and the waters, and the waters, and the waters, and the waters, and the waters, and the waters, and the waters, and the waters, and the waters, and the waters, and the waters, and the waters.","When he saw the sea full of copper and copper, and a hundred thousand cubits of corn, he called it Hanun.",1.0254793562633653
1151,मुष्टिनिष्पिष्टविभिन्नमूर्धानिर्वान्तदन्ताक्षिविलम्बिजिव्वाः देवान्तकोराक्षसराजसूनुर्गतासुरुत्व्यांसहसापपात,मुष्टिनिष्पिष्टविभिन्नमूर्धा निर्वान्तदन्ताक्षिविलम्बिजिव्वाः राक्षसराजसूनुः सः देवान्तकः गतासुः सहसा उर्व्याम् पपात,"along with all kinds of beasts of fury, beasts of prey, birds of prey, beasts of burden, birds of prey, and birds of prey.","and fools, and wild beasts, and birds of prey, and mammals, and birds of prey. He will be thrown into the water with the wild goats.",25.9931126683939
1152,अद्यवोमामकाबाणामहाकार्मुनिस्सृताः विधमिष्यन्तिगात्राणितूलराशिमिवानलः,अद्य महाकार्मुलनिःसृताः मामकाः बाणाः वः गात्राणि अनलः तूलराशिमिव विधमिष्यन्ति,"Today, all that is left of you will be torn to pieces by your swords and your blades.","For today my spears, my arrows, and my staffs will be broken down like the dew of a misty mist.",4.337553932523872
1153,यानि दत्तानि तेऽस्त्राणि विश्वामित्रेण धीमतातानि त्वामभिरक्षन्तु गुणैस्समुदितं सदा,धीमता विश्वामित्रेण ते यानि अस्त्राणि दत्तानि तानि गुणैः समुदितम् त्वाम् सदा अभिरक्षन्तु,"and to protect you with the full armor of faith, which is everlasting.","In the light of faith and patience, put on the full armor of righteousness.",19.667812291861896
1154,वृत्तबाहुर्महावीर्यो विपुलास्य तनुर्महान्राक्षसो भैरवाकारो नित्यं त्रासयते प्रजा:,वृत्तबाहु: महावीर्य: विपुलास्यतनु: महान् भैरवाकार: राक्षस: नित्यम् प्रजा: त्रासयते,"There was a great storm, a great storm, and a great storm.","The great and mighty, the mighty and the mighty, the mighty and the mighty, the mighty and the mighty, the mighty and the mighty, the mighty and the mighty, the mighty and the mighty, the mighty and the mighty, the mighty and the mighty, the mighty and the mighty, the mighty and the mighty, the mighty and the mighty, the mighty and the mighty, the mighty and the mighty, the mighty and the mighty, the mighty and the mighty.",0.018972488466958853
1155,एवमेतत्पुरावृत्तमाख्यानंभद्रमस्तुवः प्रव्याहरतविस्रब्धंबलंविष्णोःप्रवर्थताम्,एवम् पुरा वृत्तम् एतत् आख्यानम् विस्रब्दम् प्रव्याहरत वः भद्रम् अस्तु विष्णोः बलम् प्रवर्थताम्,"These are the old sayings, the old sayings, the old sayings, the old sayings, the old sayings, the old sayings, the old sayings, the old sayings, the old sayings, the old sayings, the old sayings, the old sayings, the old sayings, the old sayings, the old sayings, the old sayings, the old sayings, the old sayings, the old sayings, the old sayings, the old sayings, the old sayings, the old sayings, the old sayings, the old sayings, and the new ways.",Tell them all these things by telling them these stories. Let them be strong in what is good.,0.33514051768764386
1156,साहितत्रकृतामित्रंसीतयारक्ष्यमाणया रक्षन्तीरावणादिष्टासानुक्रोशादृढव्रता,रावणादिष्टा रक्षन्ती सानुक्रोशा दृढव्रता सा तत्र रक्ष्यमाणया सीतया मित्रम् कृताहि,"Be patient with those who follow the law, be patient with those who are troubled, be patient with those who are troubled,","He who keeps the watchman's watch and keeps the watchman's watch, keeps the watchman's watch and keeps the watchman's watch, and keeps the watchman's watch, keeps the watchman's watch, and keeps the watchman's watchman's watch, keeps the watchman's watchman's watch, and keeps the watchman's watchman's watchman's watchman's watchman's watchman's watchman's watchman's watchman's watchman's watchman's watchman's watchman's watchman's watchman's watchman's watchman's watchman's watchman's watchman's watchman's watchman's watchman's watchman's watchman's watchman's watchman's watchman's watchman's watchman's watchman's watchman's watchman.",0.22133947105918678
1157,न च काञ्चनचित्रं ते पश्यामि प्रियदर्शनभद्रासनं पुरस्कृत्य यान्तं वीर पुरस्कृतम्,वीर प्रियदर्शन काञ्चनचित्रम् ते भद्रासनम् पुरस्कृत्य यान्तम् पुरस्कृतम् न च पश्यामि,"They were given a crown of thorns, a crown of thorns, a crown of thorns, a crown of thorns, a crown of thorns, a crown of thorns, a crown of thorns, a crown of thorns, a crown of thorns, a crown of thorns, a crown of thorns, a crown of thorns, a crown of thorns, a crown of thorns, a crown of thorns, a crown of thorns, a crown of thorns, and a crown of thorns.","They gave him silver, but I found no silver.",0.5030664036272636
1158,सतंगृहीत्वाऽनिलतुल्यवेगंसविस्फुलिङ्गज्वलनप्रकाशम् बाणंमहेन्द्राशनितुल्यवेगंचिक्षेपसुग्रीववधायरुष्टः,रुष्टः सः अनिलतुल्यवेगम् सविस्फुलिङ्गज्वलनप्रकाशम् महेन्द्राशनितुल्यवेगम् तंबाणम् गृहीत्वा सुग्रीववधाय चिक्षेप,"The lamp was shining like a sapphire lamp, shining like a blaze of fire, and shining like a rainbow.","In anger, he took a flame of olive oil, a flame of myrrh, and a smoke of myrrh, and set it on fire.",3.8303440759663228
1159,त्रयाणां भरतादीनां भ्रात्रूणां देवता च यारामस्य च मन: कान्ता सा कथं विनशिष्यति,या भरतादीनाम् त्रयाणाम् देवताः च रामस्य मनः कान्ता सा कथम् विनशिष्यति,"And he said to them, Where is the destruction of Canta, the god of the three brethren, and the god of Joram?",The three gods of the sea and the three goddesses of the sea will destroy Ram's heart.,5.200788806845977
1160,स हताश्वोमहातेजाभूमौतिष्ठन्निशाचरः इन्द्रजित्परमक्रुद्धस्सजज्वालतेजसा,हताश्वः महातेजाः निशाचरः इन्द्रजित् भूमौ तिष्ठन् परमक्रुद्धः तेजसा प्रजज्वाल,He stood on the throne of God's hand and made the earth to shine. He was like a flame of fire that burned against the sun.,"The angels and the princes of the heavens stood on the ground in the midst of the clouds, and the flames of God's anger were burning.",7.432998184513635
1161,अर्कमण्डलसङ्काशंदिव्यंदृष्टवारथंस्थितम् आरुरोहमहाबाहूरामःपरपुरंञ्जयः,अर्कमण्डलसङ्काशम् स्थितम् दिव्यम् रथम् दृष्टवा महाबाहुः परपुरंञ्जयः रामः आरुरोह,"and the temple of Arumeham the Great and the temple of Baal, on the right hand side of the highway.","He saw a chariot in the sky, and there was a great crowd.",2.4426633221059637
1162,दीनादीनस्वराःक्रूरास्सर्वतोमृगपक्षिणः प्रत्यादित्यंविनर्धन्तिजनयन्तोमहाद्भयम्,सर्वतः क्रूराःमृगाः दीनाः दीनस्वराः महात् भयम् जनयन्तः प्रत्यादित्य विनर्धन्ति,"The eagles, the seagulls, and all the birds of the air are waiting for you.","Cruel creatures, wild beasts, and birds of prey will roar and cry out in fear.",6.722636787666482
1163,संहृत्य च भुजौ श्रीमांस्तथैव च शिरोधराम्तेजः सत्त्वं तथा वीर्यमाविवेश स वीर्यवान्,श्रीमान् वीर्यवान् सः भुजौ च तथैव च शिरोधराम् संहृत्य तेजः सत्त्वम् तथा वीर्यम् आविवेश,"He stood on the right side of the throne, with his hand on the right side of the throne, and his hand on the right side of the throne, with his hand on the right side.","He made his fortune in the earth and in the earth, and went into the valley of honor and honour.",2.676151223648335
1164,भगवच्छशब्दमालक्ष्य मया गजजिघांसुनाविसृप्टोऽम्भसि नाराचस्तेन ते निहतस्सुतः,भगवन् शब्दम् आलक्ष्य गजजिघांसुना मया अम्भसि नाराचः विसृष्टः तेन ते सुतः निहतः,"When I saw the word of the Lord, I cried out like a serpent in the sand.","When they heard the word of the Lord, they fell asleep in their stomachs.",27.60258064653157
1165,एतस्यसामतिस्सर्वायद्दृष्टाजनकात्मजा हनूमतावेगवताराघवस्यहितैषिणा,राघवस्य: हितैषिणा: वेगवता: हनूमता: जनकात्मजा: दृष्टाइतियत् सासर्वा: एतस्य: मतिः,They were joined together by the spirit of the beast and the spirit of the beast.,"And he said unto her, Behold, I am the Lord thy God, and I am the Lord thy God; and I am the Lord thy God, and I am the Lord thy God, and I am the Lord thy God.",0.6129058160436708
1166,तेवध्यमानाहरयोनाराचैर्भीमविक्रमैः सौमित्रिंशरणंप्राप्ताःप्रजापतिमिवप्रजाः,नाराचैः वध्यमानाः भीमविक्रमाः तेहरयः प्रजाः प्रजापतिमिव सौमित्रिम् शरणंप्राप्ताः,"They sold gold, silver, copper, silver, silver, and silver,","The people of Nara, the merchants of the land, and the people of Tehar, the people of the land, have taken refuge in their friends.",2.431305593112535
1167,तस्यतद्वचनंश्रुत्वाराघवश्शोकमूर्चितः निपपाततदाभूमौछिन्नमूलंइवद्रुमः,तदा तस्य तत् वचनम् श्रुत्वा राघवः शोकमूर्छितः छिन्नमूलः द्रुमःइव भूमौ निपपात,"And there sprang forth out of him four and a half stars, and there fell on the earth a mirage of gold.","When he heard this, he was furious. At once the wheat sprouted and fell to the ground.",2.352622489487909
1168,पुराणे सुमहत्कार्यं भविष्यति मया श्रुतंदृष्टं मे तपसा चैव श्रुत्वा च विदितं मम,पुराणे सुमहत् कार्यं भविष्यति मया श्रुतं दृष्टं मे तपसा चैव श्रुत्वाच मम विदितम्,"For I have heard the great things that will be done in the days of old, and I have heard the sound of thirst, and I have heard the sound of tears.",I wondered at the great work that was to be done at the beginning. I heard what I saw and what I heard.,4.010219277455058
1169,वानराश्चमहात्मानस्समुत्पाट्यमहाद्रुमान् रथावश्वान्गजानुष्ट्रान्राक्षसानभ्यसूदयन्,महात्मानः वानराश्च महाद्रुमान् समुत्पाट्य रथान् अश्वान् उष्ट्रान् राक्षसान् अभ्यसूदयन्,"And the wild beasts and the beasts of the earth came down from the throne of the Spirit, and came down from the throne of God, and from the throne of God, and from the throne of God, and from the throne of God, and from the throne of God, and from the throne of God, and from the throne of God, and from the throne of God, and from the throne of God, and from the throne of God, and from the throne of God, and from the throne of God, and from the throne of God, and from the throne of God.",The giants and the wild beasts gathered together and drove the chariots and the horsemen into battle.,1.6314179529942752
1170,मङ्गलालम्भनीयानि प्राशनीयान्युपस्करान्उपनिन्युस्तथाप्यन्याः कुमारीबहुलाः स्त्रियः,तथा अन्याः कुमारीबहुलाः स्त्रियः मङ्गलालम्भनीयानि प्राशनीयाः उपस्करान् उपनिन्युः,"the virgins, the virgins, the virgins, the virgins, the virgins, the virgins, the virgins, the virgins, the virgins, the virgins, the virgins, the virgins, the virgins, the virgins, the virgins, the virgins, the virgins, the virgins, the virgins, the virgins, the virgins, the young women,","and the other virgins, many women who had not yet met their husbands.",1.283998403876206
1171,ते तु दृष्टिगतं कृत्वा तं शैलं बहुकन्दरम्अवारोहन्त हरयो वीक्षमाणास्समन्ततः,ते हरयः दृष्टिगतम् बहुकन्दरम् तं शैलम् कृत्वा समन्ततः वीक्षमाणाः अवारोहन्त,"When they saw him, they threw stones at him and threw him into the sea.","When they saw the green, they shook him and threw him on his shoulders.",24.26438274389041
1172,मयस्य मायाविहितं गिरिदुर्गं विचिन्वताम्तेषां मासो व्यतिक्रान्तो यो राज्ञा समयः कृतः,तेषाम् मयस्य मायाविहितम् गिरिदुर्गम् विचिन्वताम् यः राज्ञा समयः कृतः मासः व्यतिक्रान्तः,"This was the time of the kings, and the months of the king's reign, and the months of the king's reign, and the years of the king's reign, and the years of the king's reign, and the years of the king's reign, and the years of the king's reign, and the years of the king's reign, and the years of the king's reign, and the years of the king's reign.","and put them on the tower of the castle, with my winepress, which is in the month of the king's appointed time.",2.6241733746124667
1173,श्रुत्वैव वचनं यन्मे राघवं पतिमिच्छथराजान स्संशयोऽयं मे किमिदं ब्रूत तत्त्वतः,राजान: मे वचनम् श्रुत्वैव यत् राघवम् पतिम् इच्छथ मे अयम् संशय: तत् इदम् तत्त्वत: ब्रूत,"When they heard the word, they were furious, and the king became perplexed.","The king replied: ""I have heard the word, and I doubt that you want to marry Rachel.",13.843927738579893
1174,पुत्रत्वं गच्छ भगवन्नदित्या मम चानघ भ्राता भव यवीयांस्त्वं शक्रस्यासुरसूदन शोकार्तानां तु देवानां साहाय्यं कर्तुमर्हसि,भगवन् अनघ अदित्या: मम च पुत्रत्वम् गच्छ असुरसूदन त्वम् शक्रस्य यवीयान् भ्रता भव शोकार्तानाम् देवानाम् साहाय्यम् कर्तुम् अर्हसि,"Therefore, my dear brother, who is loved by God, go to the Father, not to the evil one, but to the evil one.","And the Lord said to him, ""My son, go and be a father to the wicked, and help the wicked and the wicked.",4.5762708103494685
1175,पृथिवींचान्तरिक्षं च दिशश्चप्रदिशस्तथा प्राकम्पयत्तदाशब्दोराक्षसेन्द्रस्यदारुणः,तदा राक्षसेन्द्रस्य दारुणः शब्धः पृथिवीं च अन्तरिक्षं च दिशश्च तथा प्रदिशश्च प्राकम्पयत्,The dragon's voice shook the earth's atmosphere and its lights.,"Then the voice of the dragon sounded, and the earth trembled, and the heavens and the earth trembled, and the stars and the stars trembled.",1.0318700595698866
1176,तथा मया विधातव्यं विश्रमेत यथा कपिः शेषं च मयि विश्रान्तः सुखेनातिपतिष्यति,कपिः यथा विश्रमेत तथा मया विधातव्यम् मयि विश्रान्तः शेषम् सुखेन अतिपतिष्यति,"Then I will rest and rest, just as some others rest and rest in me.","Then I will rest and be filled with joy, just as some others have labored and gone astray.",37.56499767593812
1177,रत्नौघ जलसन्नादं विषक्तमिव वायुना उत्पतन्तमिव क्रुद्धं यादोगणसमाकुलम् ददृशुस्ते महोत्साह वाताहतजलाशयम् अनिलोद्धूतमाकाशे प्रवल्गन्त ममिवोर्मिभिः,महोत्साह ते रत्नौघजलसन्नादम् वायुना विषक्तमिव क्रुद्धमिव उत्पतन्तम् यादोगणसमाकुलम् वाताहतजलाशयम् आकाशे अनिलोद्धूतम् ऊर्मिभिः प्रवल्गन्तम् इव ददृशुः,I was about to lose my virginity. I was about to lose my virginity. I was about to lose my virginity. I was about to lose my virginity. I was about to lose my virginity. I was about to lose my virginity. I was about to lose my virginity. I was about to lose my virginity. I was about to lose my virginity.,"In their eagerness they watched as glittering waters rose from the sky, and they saw a rainbow like a rainbow coming down from the sky.",0.5015572500202529
1178,हर्षं किमिदमस्थाने कृतवत्यसि बालिशेशोकसागरमध्यस्थमात्मानं नावबुध्यसे,बालिशे अस्थाने हर्षम् कृतवती असि इदम् किम् शोकसागरमध्यस्थम् आत्मानम् नावबुध्यसे,"He rejoiced at his arrival at Chidim, and the spirit of Baal-sheba came to him in the midst of the sea.",Why is it that the spirit of mourning has come down from the midst of the sea?,20.61735050858382
1179,हनुमत्पृष्ठरूढमुदस्थरविप्रभम् उवाचैनंसमारब्ध: सौमित्रिंसविभीषणम् तांश्चवानरशार्दूलान् पश्यध्वंमेपराक्रमम्,हनुमत्पृष्ठम् आरूढम् उदयस्थरविप्रभम् सविभीषणम् एनंसौमित्रिम् तान् वानरशार्दूलान् च समारब्धः उवाच मे पराक्रमम् पश्यध्वम्,"Behold, the voice of the Lord is heard in the face of Hinnom, and the voice of the Lord is heard in the face of Hinnom, and the voice of Hinnom, and the voice of Hinnom, the voice of Hinnom, the voice of Hinnom, the voice of Hinnom, the voice of Hinnom, the voice of Hinnom, the voice of Hinnom, the voice of Hinnom, the voice of Hinnom, the voice of Hinnom, the voice of Hinnom, the voice of Hinnom, the voice of Hinnom, the voice of Hinnom, the voice of Hinnom, the voice of Hinnom, the voice of Hinnom.","When Hanukkah rose from the throne, the fear of the Lord came upon him, and his companions, and the serpents and the scorpions,",2.6330410057465117
1180,दुःखाभितप्तो भरतो राजपुत्रो महाबलःउक्त्वाऽर्येति सकृद्दीनं पुनर्नोवाच किञ्चन,महाबलः राजपुत्रः भरतः दुःखाभितप्तः आर्य इति सकृत् दीनम् उक्त्वा पुनः किञ्चन नोवाच,"""A son of sorrows and acquainted with grief, "" he will speak with great might.","""The son of a mighty king is dying, "" he said in a loud voice.",10.934883431625593
1181,यथोक्तमेतत्तव सर्वमीप्सितंनरेन्द्र कर्ता न चिराद्धरीश्वरःशरत्प्रतीक्षः क्षमतामिमं भवान्जलप्रपातं रिपुनिग्रहे धृतः,नरेन्द्र यथा अद्धरीश्वर नचिरात् तव ईप्सितम् एतत् सर्वम् कर्ता रिपुनिग्रहे धृतः भवान् शरत्प्रतीक्षः इमम् जलप्रपातम् क्षमताम्,"As the man who built the temple, not the creator of the beast, but the God of the living creature, he built the temple into a pool of water.","You are the one who made all these things, and you are the one who made all these things. You are the one who made all these things. You are the one who made all these things, and you are the one who made all these things. You are the one who made all these things. You are the one who made all these things. You are the one who made all these things. You are the one who made all these things. You are the one who made all these things. You are the one who made all these things, and you are the one who made all these things. You are the one who made all these things, and you are the one who made all these things. You are the one who made all these things.",0.053431885649440604
1182,गिरिवरमभितोऽनुवर्तमानोहयइवमण्डलमाशुयःकरोति तमिहशरणमभ्युपैहिदेवंदिवसकरंप्रभवोह्ययंप्रजानाम्,देवं यः गिरिवरम् अभितः अनुवर्तमानः हयःइव आशु मण्डलम् करोति तम् दिवसकरम् इह शरणम् अभ्युपैहि अणम् प्रजानाम् प्रभवःहि,"Now I am the slave, and I am the breadwinner, and the keeper of the church.","God, who is the pillar of strength and the living God, builds the church as a refuge in that day.",5.681545117181549
1183,प्रसव्यं चापि तं चकुः ऋत्विजोऽग्निचितं नृपम्स्त्रियश्च शोकसन्तप्ताः कौसल्याप्रमुखास्तदा,तदा ऋत्विजः शाकेसन्तप्ताः कौशल्याप्रमुखाः स्त्रियश्च अग्निचितम् तं नृपम् प्रसव्यं चापि चक्रुः,He gave birth to seven sons and four daughters. He gave birth to seven daughters and four sons. He gave birth to seven daughters and seven sons.,"Then she was thrown into the fire by the king's sons and daughters, the wise men and the wise women,",2.952787808378777
1184,स तान्निहत्त्वा रणचण्डविक्रम स्समीक्षमाणः पुनरेव लङ्काम्प्रदीप्तलाङ्गूलकृतार्चिमाली प्रकाशतादित्य इवार्चिमाली,रणचण्डविक्रमः सः तान् निहत्त्वा पुनरेव लङ्काम् समीक्षमाणः प्रदीप्तलाङ्गूलकृतार्चिमाली अर्चिमाली आदित्य इव प्रकाशत,"He went up to them and looked at them. Again the lamp was shining, and the lamp was shining bright.","When he looked at them, he saw that they were about to be struck by lightning.",7.289334177359764
1185,निनदन्तस्स्वरान्घोरान्राक्षसाजग्मुरग्रतः भीमरूपामहाकायाःप्रहस्तस्यपुरस्सराः,भीमरूपाः महाकायाः राक्षसाः घोरान् स्वरान् निनदन्तः प्रहस्तस्यः पुरस्सरा : अग्रतः जग्मुः,They are filled with joy and gladness. They are filled with joy and joy. They are filled with joy and joy. They are filled with joy and joy.,"The frogs and the giants and the dragons cried out in a loud voice, and the prize of victory was thrown out.",1.6404472625060698
1186,अनार्य इति मामार्याः पुत्रविक्रायकं ध्रुवम् धिक्करिष्यन्ति रथ्यासु सुरापं ब्राह्मणं यथा,आर्याः पुत्रविक्रायिकम् माम् सुरापम् ब्राह्मणं यथा अनार्य इति रथ्यासु ध्रुवम् धिक्करिष्यन्ति,"And the threshing floor of my mother's son, who is called Anaria, will be rolled up like the branches of the branches of the branches of the branches of the branches of the branches of the branches of the branches of the branches of the branches of the branches of the branches of the branches of the branches of the branches of the branches of the branches of the branches of the branches of the branches of the branches of the branches of the branches of the branches of the branches of the branches of the branches of the branches of the branches of the branches of the branches of the branches of the branches of the branches of the branches of the branches of the branches of the branches of the branches of the branches of the branches of the branches.","And they shall smite my son, the firstborn, and my daughter-in-law, and the brethren, like unto the chariots of Anaria.",0.7712303212776426
1187,एते हि कपयस्स्निग्धा मां रक्षन्ति समन्ततःसह गच्छन्ति गन्तव्ये नित्यं तिष्ठन्ति च स्थिते,स्निग्धाः एते कपयः माम् समन्ततः रक्षन्ति गन्तव्ये सह गच्छन्ति स्थितौ तिष्ठन्ति च,"These are the ones who will keep me safe, and they will go with me to the place of eternal rest.",These snitches keep me in the same position as they keep me in the same position as they keep me in the same position as they keep me in the same position as they keep me in the same position as they keep me in the same position as they keep me in the same position as they keep me in the same position as they keep me in the same position as they keep me in the same position as they keep me in the same position as they keep me in the same position.,0.1865755620512672
1188,नास्त्यभाग्यतरो लोके मत्तोऽस्मिन्सचराचरेयेनेयं महती प्राप्ता मया व्यसनवागुरा,येन मया इयम् महती व्यसनवागुरा प्राप्ता मत्तः अभाग्यतरः सचराचरे अस्मिन् लोके नास्ति,"You who are unfortunate, I have become a drunkard.",For I have received such a heavy drink that there is no one among us who is truly worthy of worship.,3.4673224139958525
1189,तेगदाभिश्चचित्राभिःप्रासैःखडगैःपरश्वधैः अन्योन्यंसमरेजघ्नुस्तदावानरराक्षसाः,ते वानरराक्षसाः तदा चित्राभिः गदाभिः प्रासैः खडगैः परश्वधैः समरे अन्योन्यम् जघ्नुः,"They were burned with stones and stones, and they were thrown into the streets of the city.","They killed monkeys, animals, donkeys, rocks, and idols, and threw them into the sea.",6.248174575604716
1190,एषशास्ताचगोप्ताचनेताचयुधिसत्तमः भूतिकामश्चमेनित्यंनित्यंचसमरप्रियः,युधि शास्ता गोप्ताच नेताच एषः सत्तमः नित्यम् मे भूतिकामश्च नित्यम् समरप्रियः,"These men are teachers of the law, rulers of the worlds, men of war, men of the worlds and of the present.","He is the ruler of the worlds, the ruler of the worlds. He is the seventh, the present, the present, and the eternal.",14.50528027725683
1191,अब्रवीद्भरतस्त्वेनं नन्विदं भवता कृतम्पाद्यमर्घ्यं तथाऽतिथ्यं वने यदुपपद्यते,भरतस्तु एनम् अब्रवीत् भवता पाद्यम् अर्घ्यम् तथा वने यत् उपपद्यते इदम् आतिथ्यम् कृतं ननु,You are not worthy of anything except the fruit of your labor and the fruit of your labor.,"""From the land of the living, you have been given the opportunity to set foot in the land of the living. Do not be hospitable to those who live in the wilderness.",1.2949851650295825
1192,सएषदेश: कालश्चभवतीतियथातथा पुरुषात्पुरुषंप्राप्यतथादोषगुणावपि,एषः इह: देश: कालश्च: तथा: पुरुषात् पुरुषम् प्राप्य: तथा: गुणदोषावपि: यथा: तथा: इह: भवति:,"He said: ""The time and place have passed, and so has man from man to man, and from man to man, and from man to man, and from man to man, and from man to man, and from man to man, and from man to man, and from man to man, and from man to man, and from man to man, and from man to man, and from man to man, and from man to man, and from man to man, and from man to man, and from man to man, and from man to man, and from man to man, and from man to man, and from man to man, and from man to man, and from man to man, and from man to man"".","These are the countries, these are the times, these are the times, these are the times, these are the times, these are the times, these are the times, these are the times, these are the times, these are the times, these are the times, these are the times, these are the times, these are the times, these are the times, these are the times, these are the times, these are the times, these are the times, these are the times, these are the times, these are the times, these are the times, these are the times, these are the times, these are the times, these are the times, these are the times, these are the times, these are the times, these are the times, these are the times, these are the times, these are the times.",0.46222354944884236
1193,शक्यमम्बरमारुह्य मेघसोपानपङ्क्तिभिःकुटजार्जुनमालाभिरलङ्कर्तुं दिवाकरम्,मेघसोपानपङ्क्तिभिः अम्बरम् आरुह्य दिवाकरम् कुटजार्जुनमालाभिः अलङ्कर्तुम् शक्यम्,"And as soon as he could, he put a rainbow in the clouds to cover it with a rainbow.",It was possible to decorate the lampstands with rainbow lanterns and wooden logs.,2.7156804039319287
1194,तत्रताराधिपस्याभाताराणां च तथैव च तयोराभरणासा च बलयोर्द्यामभासयन्,तत्र ताराधिपस्या आभा तथैव च ताराणाम् भा तयोः अभराणाभा च बलयो र्द्याम अभासयन्,"The Jews, the rulers of the city, the Jews, and the Jews began to speak maliciously about him.",They trembled in awe at the glory of the stars and their majesty.,4.343737891358309
1195,ततस्तुरक्षःक्षतजावलिप्तंवित्रासनंदेवमहचमूनाम् व्याविध्यतंमुद्गरमुग्रवेगंनिद्रावयामासचमूंम्,ततः रक्षः क्षतजावलिप्तम् देवमहाचमूनाम् वित्रासनम् उग्रवेगम् तंमुद्गरम् व्याविध्य हरीणाम् चमूम् विद्रावयामास,"The living creature was covered with lights, and the throne of God was filled with darkness.","Then the shadow of the great cloud of God flashed, and the city was covered with green clouds.",14.078779883814516
1196,स ददर्श महातेजा रावणः कपिसत्तमम्रक्षोभिर्विकृताकारैः कृष्यमाणमितस्ततः,महातेजाः सः रावणः विकृताकारैः रक्षोभिः इतस्ततः कृष्यमाणम् कपिसत्तमम् ददर्श,"He saw Rabbah, the queen's daughter, sitting among the merchants selling false wine.",Her Majesty saw that Ravana was the most humble of her servants.,3.21858262703621
1197,तां तु लक्ष्मण रामेति क्रोशन्तीं मधुरस्वरम् अवेक्षमाणां बहुशो वैदेहीं धरणीतलम्स तामाकुलकेशान्तां विप्रमृष्टविशेषकाम् जहारात्म विनाशाय दशग्रीवो मनस्स्विनीम्,लक्ष्मण राम इति मधुरस्वरम् क्रोशन्तीम् बहुशः धरणीतलम् अवेक्षमाणाम् आकुलकेशान्ताम् विप्रमृष्ट विशेषकाम् मनस्स्विनीम् तां वैदेहीम् सः दशग्रीवः आत्मविनाशाय जहार,"They will be angry at Lachman and Ram, and will be angry at him for a long time. They will be angry at him for a long time. They will be angry with him for a long time. They will be angry with him for a long time. They will be angry with him for a long time. They will be angry with him for a long time. They will be angry with him for a long time. They will be angry with him for a long time. They will be angry with him for a long time. They will be angry with him for a long time. They will be angry with him for a long time. They will be angry with him for a long time.","He was angry with Lakshman Ram, and he was angry with him. He was angry with him, and he was angry with him. He was angry with him, and he was angry with him, and he was angry with him, and he was angry with him. He was angry with him, and he was angry with him, and he was angry with him, and he was angry with him, and he was angry with him, and he was angry with him, and he was angry with him.",6.088400286571558
1198,अपकृष्याश्रमपदान्मृगरूपेण राघवम्शून्ये येनापनीतासि तस्य द्रक्ष्यसि यत्फलम्,येन राघवम् मृगरूपेण आश्रमपदात् अपकृष्य शून्ये अपनीता असि तस्य यत्फलम् द्रक्ष्यसि,"If you eat the fruit of your labor, you will see the fruit of your labor.","You will see the fruit of the vine, and you will see the fruit of the vine, and you will see the fruit of the vine, and you will see the fruit of the vine, and you will see the fruit of the vine, and you will see the fruit of the vine, and you will see the fruit of the vine.",2.1286704784587185
1199,अपगच्छत नश्यध्वं सीतामाप्नोति राघवः घातयेत्परमामर्षी युष्मान्सार्थं हि राक्षसैः,अपगच्छत नश्यध्वम् राघवः सीताम् आप्नोति परमामर्षी राक्षसैः सार्थम् युष्मान् घातयेत्,"""Do not go out of your way to tempt Satan; he will kill the raven, but the devil will kill you.","Do not go out of your way, for the wild ravens will attack you and devour you.",27.274191069381917
1200,ततोजृम्भितमालोक्यहर्षाद्वेवान्तकस्तदा परिघेणाभिदुद्रावमारुतात्मजमाहवे,बली सः देवान्तकः आहवे हर्षात् ततः जृम्भितम् मारुतात्मजम् आलोक्य परिघेण अभिदुद्राव,"When they saw it, they were filled with joy and were filled with grief.","When he cried out to God, he was filled with joy. Then he fell asleep, trembling over his dead body.",6.5662878046653015
1201,तदा तु जृम्भितं शैवं धनुर्भीमपराक्रमम्हुङ्कारेण महादेव स्तम्भितोऽथ त्रिलोचन:,तदा हुङ्कारेण भीमपराक्रमम् शैवं धनु: जृम्भितं अथ त्रिलोचन: महादेव: स्तम्भित:,"And there was a throne of the great God, with a bow and arrow, and a crown of thorns.","Then they shouted: ""Woe to God! Glory to God! Glory to God! Glory to God! Glory to God! Glory to God! Glory to God!""",1.0010613966262247
1202,साऽवनीय तमायासमुपस्पृश्य जलं शुचिःचकार माता रामस्य मङ्गलानि मनस्विनी,मनस्विनी माता सा तम् आयासम् अवनीय जलम् उपस्पृश्य शुचिः रामस्य मङ्गलानि चकार,"When she came to Savanni Thama, the water was purified, and Rama's mangals were purified.",Then the mother of Manasseh poured clean water on him and washed him.,3.0372940354383413
1203,एवमेकान्तसम्पृक्तौ ततस्तौ नरवानरौउभावन्योन्यसदृशं सुखं दुःखमभाषताम्,ततः एवम् एकान्तसम्पृक्तौ तौ नरवानरौ उभौ अन्योन्यसदृशम् सुखदुःखम् अभाषताम्,"When they heard this, they mourned and mourned.","When they were all alone, the men and women began to mourn each other.",5.791428261249877
1204,इत्युक्त्वाबाणमाकर्णंविकृष्यतमजिह्मगम् लक्ष्मणःसमरेवीरःससर्जेन्द्रजितंप्रति,वीरः लक्ष्मणः इति उक्त्वा समरे आजिह्मगम् बाणम् आकर्णम् विकृष्य इन्द्रजितंप्रति ससर्ज,"When they heard this, they began to call out to him, saying:","The mighty man said, ""Let's go to Samaria"".",3.125190763972442
1205,श्यामं रुधिरपर्यन्तं बभूव परिवेषणम्अलातचक्रप्रतिमं परिगृह्य दिवाकरम्,दिवाकरम् परिगृह्य श्यामम् रुधिरपर्यन्तम् अलातचक्रप्रतिमम् परिवेषणम् बभूव,"And he put the lampstand on the wall, and set it on the lampstand, and set it on the lampstand, and set it on the lampstand, and set it on the lampstand, and set it on the lampstand, and set it on the lampstand, and set it on the lampstand, and set it on the lampstand, and set it on the lampstand, and set it on the lampstand, and set it on the lampstand, and set it on the lampstand, and set it on the lampstand, and set it on the lampstand, and set it on the lampstand, and set it on the lampstand, and set it on the lampstand, and set it on the lampstand.",They were surrounded by a circle of lampstands until dark.,0.26484328847892136
1206,मामिहोत्सृज्य हि वने गच्छायोध्यां पुरीं शुभाम् न त्वहं तां विना सीतां जीवेयं हि कथञ्चन,माम् इह वने उत्सृज्य शुभाम् अयोध्यां पुरीम् गच्छ अहं तु तां सीतां विना कथञ्चन न जीवेयं हि,"He said to him, ""It is good for me to go to hell, for I will not live forever without it"".","""I have come out of this forest to a good land called Ayodhya, but I have not lived without it.",4.207993129078362
1207,शार्दूलमृगसङ्घुष्टं सिंहैर्भीमरवैर्वृतम्नानागुल्मलतागूढं बहुपादपसङ्कुलम् ऋक्षवानरगोपुच्छैर्मार्जारैश्च निषेवितम्मेघराशिनिभं शैलं नित्यं शुचिजलाशयम्,शार्दूलमृगसङ्घुष्टम् भीमरवैः सिंहैः वृतम् नानागुल्मलतागूढम् बहुपादपसङ्कुलम् ऋक्षवानरगोपुच्छैः मार्जारैश्च निषेवितम् मेघराशिनिभम् नित्यम् शुचिजलाश्रमम् शैलम्,"and thorns, and lions, and lions, and lions, and thorns, and thistles, and thorns, and thistles, and thistles, and thistles, and thorns, and thistles, and thorns, and thistles, and thistles, and thistles, and thistles, and thistles, and thorns, and thistles, and thistles, and thistles, and thistles, and thistles, and thistles, and thistles, and thistles, and thistles, and thistles, and thistles, and thistles, and thistles, and thistles, and thistles, and thistles;","The lions, and the lions, and the dragons, and the lions, and the dragons, and the dragons, and the hazelnards, and the scorpions, and the hazelnards, and the hazelnards, and the hazelnards, and the scorpions, and the hazelnards, and the scorpions, and the hazelnards, and the hazelnards, and the goats, and the goats, and the goats, and the sheep, and the goats, and the goats, and the goats, and the goats, and the sheep, and the goats, and the goats, and the goats, and the goats, and the goats, and the goats, and the goats, and the goats, and the goats, and the goats, and goats, and goats, and goats, and goats, and goats, and goats, and goats, and goats, and goats, and goats, and goats, and goats, and goats, and goats, and goats, and goats, and",3.484912783872419
1208,तेषामेवं प्रभावानां द्रुमप्राकारसंवृतम्आश्रमस्सुदुराधर्ष अपि सेन्द्रैस्सुरासुरैः,द्रुमप्राकारसंवृतम् एवं आश्रम् तेषाम् प्रभावानां सेन्द्रैः सुरासुरैरपि सुदुराधर्षम्,"These men were influenced by the influence of the Greeks, by the influence of the Assyrians, and by the influence of the Sennacheribs.","They are covered with fine linen, covered with fine linen, and covered with fine linen, and covered with fine linen.",3.435812002459847
1209,राक्षसानां सहस्राणि जनस्थाने चतुर्दशयेनैकेन निरस्तानि स मां किं नाभिपद्यते,एकेन येन जनस्थाने राक्षसानाम् चतुर्दश सहस्राणि निरस्तानि सः माम् किम् नाभिपद्यते,"And I was not pleased with him, for forty years, when he led them into the dwelling place of thousands of demons.","""Why is it not enough for me that one of the fourteen thousand demon - possessed men was able to drive them out of a stronghold?",2.172894981473447
1210,अयंहिदोषस्सर्वस्यजनस्यास्योपलक्ष्यते रक्षसांराक्षसीनांचपुरस्यान्तःपुरस्यच,आयम् दोषः रक्षसाम् राक्षसीनांच: पुरस्य: अन्तःपुरस्यच: अस्य: सर्वस्य: जनस्य: उपलक्ष्यतेहि:,He is responsible for the care of all prisoners and their families. He is responsible for the care of the guards and guardians of the city.,We are the fault of the defense of the monsters: the old: the inner: the old: the old: the old: the old: the old: the old: the old: the old: the old: the old: the old: the old: the old: the old: the old: the old: the old: the old: the old: the old: the old: the old: the old: the old: the old: the old: the old: the old: the old: the old: the old: the old: the old: the old: the old: the old: the old: the old: the old: the old: the old: the old: the old: the old: the old: the old: the old: the old:,0.036163065474819525
1211,नत्वस्यब्रुवतोजातुलक्ष्यतेदुष्टभावता प्रसन्नंवदनंचापितस्मान्मेनास्तिसंशयः,ब्रुवतः अस्य: दुष्टभावता: जातु: नलक्ष्यते: वदनंचापि: प्रसन्नम् तस्मात् मे: संशयः नास्ति:,The fruit of ignorance is deceitful; the fruit of evil is joyful; the fruit of evil is deceit.,"For the word of the LORD is evil, and the word of the LORD is evil, and the word of the LORD is evil, and the word of the LORD is evil, and the word of the LORD is evil, and the word of the LORD is evil, and the word of the LORD is evil, and the word of the LORD is evil, and the word of the LORD is evil, and the word of the LORD is evil, and the word of the LORD is evil, and the word of the LORD is evil, and the word of the LORD is evil, and the word of the LORD is evil, and the word of the LORD is evil, and the word of the LORD is good, and the word of the LORD is good, and the word of the LORD is good.",0.004013350529486604
1212,वृष्टवेवोपरतेदेवेकृतकर्मणिराक्षसे आजगामाथतंदेशंससुग्रीवोविभीषणः,देवे वृष्टवेव राक्षसे कृतकर्मणि उपरते अथ विभीषणः ससुग्रीवः तंदेशम् आजगाम,For even to this day the peoples of the earth are terrified because of the heavy rains and the great storms.,God's mighty power and mighty power overwhelmed the land.,2.273154356702287
1213,जाने च रामं धर्मज्ञं ससीतं सहलक्ष्मणम्असौ वसति ते भ्राता चित्रकूटे महागिरौ,धर्मज्ञम् ससीतम् सहलक्ष्मणम् रामम् जाने च असौ ते भ्राता चित्रकूटे महागिरौ वसति,"I know that he lives in Rome and that he is a religious man, and that he lives with his brothers and sisters in Perseus.","He was a man of godly devotion, a man of understanding, a man of understanding, and a brother who lived at the Great Synagogue in Perseus.",6.322957922351037
1214,सत्वमर्थस्यहीनार्थोदुरवासस्यकेनचित् वाचाव्याहृत्यजानीषेकृतार्थोऽस्मीतिदुर्मते,दुर्मते हीनार्थः सःत्वम् केनचित् दुरवापस्य अर्धस्य वाचा व्याहृत्य कृतार्थः अस्मि इति जानीषे,It is uncommon for a man who has no authority to live in a house without authority to break a covenant.,"You will know that I am a sinner, and that I have made a covenant with someone who is a sinner.",4.514970966647375
1215,तेऽपि तस्मिन्निरुच्छवासे वानरा जितकाशिनःव्यचिन्वन्प्रायशस्तत्र सर्वं तद्गिरिगह्वरम्,तस्मिन् निरुच्छवासे जितकाशिनः ते तत्र प्रायशः सर्वम् तत् गिरिगह्वरम् व्यचिन्वन् अपि,"When they came to him, they were amazed at him, and the birds of the air, and the birds of the air, and all that was in them, were terrified.",Almost all the people who lived in the city were thrown into the flames of hell.,1.7243945943080494
1216,आयुधानि च मुख्यानि नागरा श्शकटानि च अनुगच्छन्तु काकुत्स्थं व्याधाश्चारण्य गोचराः,मुख्यानि आयुधानि च नागराः शकटानि च आरण्यगोचराः व्याधश्च काकुत्स्थम् अनुगच्छन्तु,"and men of great stature, and men of great stature, and men of little stature, and men of many diseases, and men of little stature,","and men of high rank, armed with weapons of war, men of war, wild beasts, and sick men.",7.772174600740504
1217,त्वय्येतत्पुरुषव्याघ्र युक्तं राघववंशजेगुरुवृत्तिर्दमश्चैव साधूनामनुयायिता,पुरुषव्याघ्रः गुरुवृत्ति: दमश्चैव साधूनाम् अनुयायिता एतत् राघववंशजे त्वयि युक्तम्,"You have been called a saint, and you have been called a ruler of the ravens, of the lions, and of the lions.","The tiger, the tiger, the tiger, the tiger, the tiger, the tiger, the tiger, the tiger, the tiger, the tiger, the tiger, the tiger, the tiger, the tiger, the tiger, the tiger, the tiger, the tiger, the tiger, the tiger, the tiger, the tiger, the tiger, the tiger, the tiger, the tiger, the tiger, the tiger, the tiger, the tiger, the tiger, the tiger, the tiger, the tiger, the tiger, the tiger, the tiger.",0.10057013607292623
1218,ततस्तु वै जाम्बवता प्रचोदितःप्रतीतवेगः पवनात्मजः कपिःप्रहर्षयंस्तां हरिवीरवाहिनींचकार रूपं महदात्मनस्तदा,ततः जाम्बवता प्रचोदितः प्रतीतवेगः पवनात्मजः कपिः ताम् हरिवीरवाहिनीम् प्रहर्षयन् तदा आत्मनः रूपम् महत् चकार,"And they cried out with a loud voice: ""Heaven is like a wave of green water, filled with the Holy Spirit, and joyful"".","When they heard the sound of the trumpet, they were shocked.",1.9240848598265397
1219,अनपत्येन च स्नेहादङ्कमारोप्य च स्वयम्ममेयं तनयेत्युक्त्वा स्नेहो मयि निपातितः,अनपत्येन स्वयम् स्नेहात् अङ्कम् आरोप्य इयम् मम तनया इति उक्त्वा मयि स्नेहः निपातितः,"Even though I am in need of more and more love, even though I am in need of more and more love, I am in need of more and more love.","But the other took the cup and said, ""This is my body. "" And he loved me.",1.4325480172973541
1220,मलपङ्कधरां दीनां मण्डनार्हाममण्डिताम्प्रभां नक्षत्रराजस्य कालमेघैरिवावृताम्,मलपङ्कधराम् दीनाम् मण्डनार्हाम् आमण्डिताम् कालमेघैः आवृताम् नक्षत्रराजस्य प्रभामिव,"and the glory of the temple, and the glory of the splendor of the stars, and the glory of the clouds, in the days of the king.","The clouds overwhelmed us with clouds of clouds, and the glory of the king of the stars came upon us.",22.980255198079224
1221,तत्र सत्त्वसहस्राणां सागरान्तरचारिणाम्पन्थानमेकोऽध्यवसं सन्निरोद्धुमवाङ्मुखः,तत्र सागरान्तचारिणाम् सत्त्वसहस्राणाम् पन्थानम् सन्निरोद्धुम् एकः अवाङ्मुखः अध्यवसम्,"There were a hundred thousand of them, many of them from sea to sea.","There was a naked man standing near the seashore, about a thousand feet from the sea.",5.903975486224255
1222,पितृव्यंनिहतंदृष्टवात्रिशिराश्चापमाददे हनूमन्तं च सङ्कृद्धोविव्याथनिशितैश्शरैः,त्रिशिराः पितृव्यम् निहतम् दृष्टवा सङ्कृद्धः चापम् आददे हनूमन्तम् निशितैः शरैः विव्याथ,"And he went to his father's house, and to his mother's house, and to Hanun, and to his father's house, and to his mother's house, and to his father's house, and to his father's house, and to his mother's house, and to his father's house, and to his mother's house, and to his father's house, and to his mother's house, and to his father's house, and to his mother's house, and to his father's house, and to his mother's house, and to his mother's house, and to his mother's house, and to his mother's house, and to his mother's house,","And he saw three cubits lying on his father's side, and he saw them; and he saw them, and he saw them, and he saw them, and he saw them, and he saw them, and he saw them, and he saw them, and he saw them, and he saw them; and he saw them, and he saw them, and he saw them, and he saw them, and he saw them, and he saw them.",2.4234173290140135
1223,न वानरः स्थास्यति साधुवृत्तेन मंस्यते कर्मफलानुषङ्गान्न भोज्यते वानरराज्यलक्ष्मींतथाहि नाभिक्रमतेऽस्य बुद्धिः,वानरः साधुवृत्ते स्थास्यति कर्मफलानुषङ्गान् मंस्यते वानरराज्यलक्ष्मीम् न भोज्यते तथाहि अस्य बुद्धिः नाभिक्रमते,"The serpent will not live, nor the wise will be satisfied. He will eat the fruit of his labor and eat the fruit of his kingdom. But the wise will not be afraid.","The monkey stays in the garden and wants to eat the fruit of his labor. The monkey does not eat the kingdom's milk, and its wisdom is not afraid.",17.32484091106848
1224,निर्धूतान्वायुना पश्य विततान्पुष्पसञ्चयान्पोप्लूयमानानपरान्पश्य त्वं जलमध्यगान्,वायुना निर्धूतान् विततान् पुष्पसञ्चयान् पश्य जलमध्यगान् पोप्लूयमानान् अपरान् त्वम् पश्य,"When you washed the vessel, you saw the lilies and the flowers coming out of the water.",The wind blows and it blows away. Look at the flowers and the seagulls! Look at the seagulls and the seagulls!,5.062006961634293
1225,यद्येषभूमिंविशतेदिवंवारसातलंवापिनभस्स्थलंवा एवंनिगूढोऽममास्त्रदग्धःपतिष्यतेभूमितलेगतासुः,यद्येषः भूमिम् विशतेयदि दिवंवा रसातलंवापि नभस्तलंवा एवम् निगूढोऽपि मम अस्त्रदग्धः गतासुः भूमितले पतिष्यते,"If the earth is covered with water, if the earth is covered with water, if the earth is covered with water, if the earth is covered with water, if the earth is covered with water, if the earth is covered with water, if the earth is covered with water, if the earth is covered with water, if the earth is covered with water, if the earth is covered with water, if the earth is covered with water, if the earth is covered with water, if the earth is covered with water, if the earth is covered with water, if the earth is covered with water, if the earth is covered with water, if the earth is covered with water, if the earth is covered with water, if the earth is covered with water.","Even if it falls to the ground, or if it falls to the ground, or if it falls to the ground, it will fall to the ground.",0.4278373170197491
1226,तस्य प्रादुरभूच्चिन्ता पुनरन्या मनस्विनः निश्चितैकान्तचित्तस्य कार्यनिश्चयदर्शिनी,मनस्विनः निश्चितैकान्तचित्तस्य तस्य पुनः कार्यनिश्चयदर्शिनी अन्या चिन्ता प्रादुरभूत्,"He was reborn in the image of God, and he was reborn again in the image of God. He was determined to do what was right in his heart.","But when he saw that his mind was restored to a certain state of mind, he began to worry about other things.",1.886782264636293
1227,जीवितं सुखमर्थांश्च धर्महेतोः परित्यजन् ह्रियमाणामधर्मेण मां राघव न पश्यसि,जीवितम् सुखम् अर्थांश्च धर्महेतोः परित्यजन् राघव अधर्मेण ह्रियमाणाम् माम् न पश्यसि,"Do not turn me away from the righteousness of my heart, for I have forsaken the life and death of righteousness.","For I have forsaken the way of life and the way of righteousness, and I will not be found in the sight of the wicked.",13.216194186809139
1228,ते तं हयवरं ज्ञात्वा क्रोधपर्याकुलेक्षणा: खनित्रलाङ्गलधरा नानावृक्षशिलाधरा:अभ्यधावन्त सङ्क्रुद्धास्तिष्ठ तिष्ठेति चाब्रुवन्,ते तं हयवरम् ज्ञात्वा क्रोधपर्याकुलेक्षणा: खनित्रलाङ्गलधरा: नानावृक्षशिलाधरा: सङ्क्रुद्धा: अभ्यधावन्त तिष्ठ तिष्ठ इति अब्रुवन् च,"When they saw him, they cried out, ""Heaven is full of blood and blood, no trees, no rocks, no evil spirits"".","When they saw him, they were furious and shouted, ""Woe to you, O king of kings, O king of kings, O king of kings, O king of kings, O king of kings, O king of kings, O king of kings, O king of kings, O king of kings, O king of kings, O king of kings, O king of kings, O king of kings, O king of kings, O king of kings, O king of kings, O king of kings, O king of kings, O king of kings, O king of kings, O king of kings, O king of kings, O king of kings, O king of kings, O king of kings, O king of kings, O king of kings, O king of kings, O king of kings!",0.21235231533951293
1229,तस्य तद्वचनं श्रुत्वा निस्सृतोऽहं नृपालयात् अनुयातश्च मां तूर्णमयं भ्राता सुदारुणः,तस्य तत् वचनम् श्रुत्वा अहम् नृपालयात् निःसृतः सुदारुणः अयम् भ्राता तूर्णम् माम् अनुयातः,"When I heard this, I quickly left the palace and went with my brother.","When I heard about this, I left the palace and went with my brother Tyrus.",58.56955459355557
1230,यातु वानरवाहिन्या वानरः प्लवतां वरः पालयन्दक्षिणं पार्श्वमृषभो वानरर्षभः,प्लवतां वरः वानरर्षभाः ऋषभः वानरः वानरवाहिन्याः दक्षिणम् पार्श्वम् पालयन् यातु,"In it were the birds of the air, and the birds of the air, and the birds of the air, and the birds of the air, and the birds of the air.","The pluttons, the monkeys, the reindeer, the monkeys feed on the right side of the wagon.",2.9799893137327635
1231,तस्य धर्मात्मनो देवि वनवासं यशस्विनःकथं रोचयसे भीरु नव वर्षाणि पञ्च च,भीरु देवि धर्मात्मनः यशस्विनः तस्य नव पञ्च च वर्षाणि वनवासम् कथम् रोचयसे,For nine and a half years the righteous spirit of God rested him in the wilderness.,The Spirit of God enabled him to remain in the wilderness for ninety-five years.,12.03921753741131
1232,पाक्षमभिसङ्कृद्धो मैन्दो वानरयूथपः पीडयामासबाहुभ्यांसपपातहतःक्षितौ,वानरयूथपः मैन्दः अभिसङ्कृद्धः यूपाक्षम् बाहुभ्याम् पीडयामास सः हतः क्षितौ पपात,"You will be thrown into the pit of darkness, you will be thrown into the pit of darkness, and many of you will be thrown into the pit of darkness.","The young monkey was thrown into the water, and his hands were severely damaged. He fell to the ground and was killed.",5.7182166807135
1233,अभिप्रायंतुजानामिरावणस्यदुरात्मनः सीतांप्रतिमहाबाहो न च घातंकरिष्यति,महाबाहो सीतांप्रति दुरात्मनः रावणस्य अभिप्रायम् जानामि घातम् न करिष्यति,But the spirit of wisdom and wisdom will not prevail against Satan's pride and arrogance.,"I know what Ravan is trying to say, but he is not going to kill him.",2.5665813713132635
1234,वसतो दण्डकारण्ये तस्याहममितौजसः रक्षसाऽपहृता भार्या रावणेन दुरात्मना,दण्डकारण्ये वसतः अमितौजसः तस्य भार्या अहम् दुरात्मना रावणेन अपहृता,He was kept under guard by the evil spirit for the punishment he had suffered.,"Amityus was sentenced to death, and I seized his wife by a demon-possessed spirit.",3.4585921141027365
1235,स तं दृष्ट्वा महावीर्यं सुग्रीवं पर्यवस्थितम्गाढं परिदधे वासो वाली परमरोषण:,परमरोषण: महावीर्यं सः वाली पर्यवस्थितम् तं सुग्रीवम् दृष्ट्वा वासः गाढम् परिदधे,"When he saw her, he was wearing a garment wrapped in linen.","And when he saw the greatness of the sun, and the light of the sun shining on him, he put on a donkey.",3.7723247404988887
1236,लक्ष्मणश्चात्रधर्मात्मामातङ्गानामिवर्षभः यस्यबाणपथंप्राप्यनजीवेदपिवासवः,यस्य बाणपथम् प्राप्य वासवःअपि नजीवेत् धर्मात्मा मातङ्गानाम् ऋषभःइव लक्ष्मणश्च अत्र,"who have walked the path of righteousness, who have been saved, and who have lived forever.","For he who has found the way has found the way, the way of life, the root of righteousness, the root of righteousness, and the root of righteousness.",5.100821179374448
1237,रामेमयात्रनिहतेयेऽन्येस्थास्यन्तिसंयुगे तानहंयोधयिष्यामिस्वबलेनप्रमाथिना,अत्र मया रामे निहते संयुगे अन्ये ये स्थास्यन्ति तान् प्रमाथिना स्वबलेन अहम् योधयिष्यामि,"And I will fight against them with all my might, and with all my might, and with all my might, and with all my might, and with all my might, and with all my might, and with all my might, and with all my might, and with all my might, and with all my might, and with all my might, and with all my might, and with all my might, and with all my might, and with all my might, and with all my might,",And I will fight with my strength against the rest of those who remain in Ramah.,2.558684048190922
1238,तन्नियोगे नियुक्तेन कृतं कृत्यं हनूमता न चात्मा लघुतां नीतस्सुग्रीवश्चापि तोषितः,तत्: नियोगे: नियुक्तेन: हनूमता: कृत्यम्: कृतम्: आत्मा: लघुताम् : न: नीतः सुग्रीवश्चापि: तोषितः,"His appointment to the ministry was not for Hanukkah, nor for the Gentiles, nor for the Gentiles, nor for the Gentiles.","It is the same as saying, ""He who has been appointed has been appointed"". It is the same as saying, ""He who has been appointed has been appointed""; it is the same as saying, ""He who has been appointed has been appointed""; it is the same as saying, ""He who has been appointed has been appointed""; it is the same as saying, ""He who has been appointed has been appointed""; it is the same as saying, ""He who has been appointed has been appointed""; it is the same as saying, ""He who has been appointed has been appointed""; it is the same as saying, ""He who has been appointed has been appointed"".",0.021697531502365003
1239,विविधाभ्रघनापन्नगोचरो धवलाम्बरःदृश्यादृश्यतनुर्वीरस्तदा चन्द्रायतेऽम्बरे,तदा विविधाभ्रघनासन्नगोचरः धवळाम्बरः दृश्यादृश्यतनुः वीरः अम्बरे चन्द्रायते,They were made of various colours. Their appearance depended on the appearance of the moon.,"He saw various kinds of evil spirits. He was like a cloud of clouds, and his face was like a cloud of darkness.",2.014094529310523
1240,गङ्गायास्सलिलक्लिन्ने भस्मन्येषां महात्मनाम्स्वर्गं गच्छेयुरत्यन्तं सर्वे मे प्रपितामहा:,एषाम् महात्मनाम् भस्मनि गङ्गाया: सलिलक्लिन्ने मे सर्वे प्रपितामहा: अत्यन्तम् स्वर्गम् गच्छेयु:,"And he said to them, ""Look!","And he cried out, ""Father, who art in heaven and above all the earth,",4.960895415008605
1241,व्याजह्रुश्च प्रदीप्तायां दिशि वै भैरवस्वनम्अशिवं यातुधानानां शिवा घोरा महास्वनाः,घोराः महास्वनाः शिवाः प्रदीप्तायाम् दिशि भैरवस्वनम् यातुधानानाम् अशिवम् व्याजह्रुः,"They were armed with lanterns and lanterns, and they had great horsemen and great horsemen.",The horses and their horsemen are riding in the way of the light.,3.0098043843528286
1242,स पुरोगामिभिस्तूर्यैस्तालस्वस्तिकपाणिभिः प्रव्याहरद्भिर्मुदितैर्मङ्गलानिवृतोययौ,सः पुरोगामिभिः तूर्यैः तालस्वस्तिकपाणिभिः मङ्गलानि प्रव्याहरद्भिः मुदितैः वृतः ययौ,"He washed his clothes with clean, clean water, and washed his feet with clean water.","He was covered with sickle, sickle, and sickle, and sickle, and sickle, and sickle, and sickle, and sickle, and sickle, and sickle, and sickle, and sickle, and sickle, and sickle, and sickle, and sickle, and sickle, and sickle, and sickle, and sickle, and sickle, and sickle,",0.33582519565450514
1243,सिद्धिं मे संविधास्यन्ति देवाः सर्षिगणास्त्विह ब्रह्मा स्वयंभूर्भगवान् देवाश्चैव दिशन्तु मेसिद्धिमग्निश्च वायुश्च पुरुहूतश्च वज्रभृत् वरुणः पाशहस्तश्च सोमादित्यौ तथैव चअश्विनौ च महात्मानौ मरुतः शर्व एव च सिद्धिं सर्वाणि भूतानि भूतानां चैव यः प्रभुःदास्यन्ति मम ये चान्ये ह्यदृष्टाः पथि गोचराः,सर्षिगणाः स ऋषिगणा: देवाः इह मे सिद्धिंम् संविधास्यन्ति स्वयंभूः भगवान् ब्रह्मा देवाश्चैव अग्निश्च वायुश्च वज्रभृत् पुरूहूतश्च पाशहस्तः वरुणश्च तथैव च सोमादित्यौ महात्मानौ अश्विनौ च मरुतः शर्वः एव च मे सिद्धिम् दिशन्तु सर्वाणि भूतानि यः भूतानाम् प्रभु: अन्ये ये अदृष्टाः पथि गोचराः मम सिद्धिम् दास्यन्ति,"You are the God of the universe, you are the Lord and God of heaven and earth, you are heaven and earth, you are heaven and earth, you are heaven and earth, you are heaven and earth, you are heaven and earth, you are heaven and earth, you are heaven and earth, you are heaven and earth, you are heaven and earth, you are heaven and earth, you are heaven and earth, you are heaven and earth, you are heaven and earth, you are heaven and earth, you are heaven and earth, you are heaven and earth, you are heaven and earth, you are heaven and earth, you are heaven and earth, you are heaven and earth, you are heaven and earth.","The living creatures and the living creatures, the God of the heavens and the earth, the God of the fire and the wind, the thunderbolt, the hailstones, the hailstones, the thunderbolts, the devils, the dead and the living creatures, all the spirits of the dead, the one who is called the Lord of demons, will teach me.",2.9002911316787157
1244,एताभ्यां धर्मशीलाभ्यां वनं गच्छेति राघव मातापितृभ्यामुक्तोऽहं कथमन्यत्समाचरे,राघव धर्मशीलाभ्याम् एताभ्याम् मातापितृभ्याम् वनम् गच्छ इति उक्तः अहम् अन्यत् कथम् समाचरेत्,I am not going to tell them that they are going to the wilderness with their religious leaders. I am not going to tell them that I am free from my parents.,"And he said, Go to these children, and call them to their fathers and to their fathers.",1.7035962947530545
1245,नाऽशुक्लवासा स्तत्राऽसीत्क्षुधितो मलिनोऽपि वारजसा ध्वस्तकेशो वा नरः कश्चिददृश्यत,तत्र अशुक्लवासाः क्षुधितः मलिनोऽपि न आसीत् कश्चित् नरः रजसा ध्वस्तकेशो वा नादृश्यत,"I saw a woman wearing a purple robe. She was naked, but her hair was broken, and her hair was like a man's hair.",But they did not see any man's hair falling or falling.,2.955622941561161
1246,स वै न शक्नोमि पितुः प्रतिज्ञामिमामकर्तुं सकलां यथावत्स ह्यावयोस्तात गुरुर्नियोगेदेव्याश्च भर्ता स गति स्सधर्मः,सः पितुः सकलाम् इमां प्रतिज्ञाम् यथावत् अकर्तुम् न शक्नोमि वै तात सः नियोगे आवयोः गुरुः हि देव्याश्च सः भर्ता सः गतिः धर्मः,"He is not able to fulfill what his Father has promised, but he is full of false gods and false teachers.","When he came, he was not able to fulfill what his Father had promised him, but he was a teacher and a teacher, and God himself was with him.",21.312652586959743
1247,कथञ्चिद्भवती दृष्टा न कालः परिशोचितुम् अस्मिन्मुहूर्ते दुःखानामन्तं द्रक्ष्यसि भामिनि,भामिनि कथञ्चित् भवती दृष्टा परिदेवितुम् कालः न इमम् मुहूर्तम् दुःखानाम् अन्तम् द्रक्ष्यसि,"You will see our faces in pain and sorrow, for the time will come when we will be filled with grief.","Now, brother, may it be time for you to see the end of the painful ordeal.",2.678425460878287
1248,केषांचिदिषुभिर्बाहुन् स्कन्धांश्छिच्छेदराक्षसः च वानराणांसुङ्कृद्ध: पार्श्वंकेषांव्यदारयत्,अथ सःराक्षसः सुसङ्कृद्ध: केषां वानराणाम् बाहून् स्कन्दाम् इषुभिः चिच्छेद केषांचित् पार्श्वम् व्यदारयत्,"In the midst of them there were many snakes, scorpions, and monkeys.",The serpent appeared in his mouth and pierced the tongue of some of them. Some were pierced with the tongue and some were paralyzed.,3.3223602534218415
1249,चैव तदा तुल्यं सहासीनास्सभासदःआसनेभ्यस्समुत्तस्थुः पूजयन्तः पुरोहितम्,तदा सह आसीनाः सभासदः तेन तुल्यम् एव पुरोहितम् पूजयन्तः आसनेभ्यः समुत्तस्थुः,Then the high priest sat down with the Sanhedrin and worshiped.,He was accompanied by the Sanhedrin and the priests who worshiped him.,13.792484215432934
1250,मुक्ताहाराऽवृताश्चान्याः काश्चिद्विस्रस्तवाससःव्याविद्धरशनादामाः किशोर्य इव वाहिताः,अन्याः मुक्ताहारावृताः काश्चित् विस्रस्तवाससः व्यावद्धिरशनादामाः वाहिताः किशोर्यः इव,"Some of them were children of adulthood, some of them disobedient to God, and some of them were talking like teenagers.","Others, however, are like young men who have lost their faith and have become self - controlled and self - controlled.",2.352622489487909
1251,यतोहतःकुम्भकर्णःकुमाराश्चनिषूदिताः नेदानीमुपनिर्हारंरावणोदातुमर्हति,यतः कुम्भकर्णः हतः कुमाराश्च निषूदिताः रावणः इदानीम् उपनिर्हारम् दातुम् न अर्हति,"For it is necessary to bring forth the fruit of the vine, and the fruit of the vine, and the fruit of the vine, and the fruit of the vine.",For the ears of the ears of the ears of the ears of the ears of the ears of the ears of the ears of the ears of the ears of the ears of the ears of the ears of the ears of the ears of the ears of the ears of the ears of the ears of the ears of the ears of the ears of the ears of the ears of the ears of the ears of the ears of the ears of the ears of the ears of the ears of the ears of the ears of the ears of the ears of the ears of the ears of the ears of the ears of the ears of the ears of the ears of the ears of the ears of the ears of the ears of the ears of the ears of the ears and ears of the ears of the ears of the ears of the ears of the ears of the ears of the ears of the ears of the ears of the ears of the ears of the ears of the ears of the e,0.04945722452983854
1252,तामापतन्तींभरतानुजोऽस्त्रैर्जघानबाणैश्चहुताग्निकल्पैः तथापिसातस्यविवेशशक्तिर्भुजान्तरंदाशरथेर्विशालम्,भरतानुजः अपतन्तीम् ताम् अस्त्रै: हुताग्निकल्पैः बाणैश्च जघान तथापि साशक्तिः दाशरथेः विशालम् भुजान्तरम् विवेश,"They were filled with lightning, flames of fire and smoke, and the power of the devil.","They were powerful with weapons of war, spears and arrows, but they were powerful with powerful weapons of war.",5.035777872167983
1253,ऊरुपार्श्वकटीपृष्ठमन्योन्यस्य समाश्रिताःपरस्परनिविष्टाङ्ग्यो मदस्नेहवशानुगाः,मदस्नेहवशानुगाः अन्योन्यस्य ऊरुपार्श्वकटीपृष्ठम् समाश्रिताः परस्परनिविष्टाङ्ग्यः,"They sat down together in chairs with each other, holding each other's arms in love.","And they were joined together on one side, and on the other side they were joined together on the other side.",2.2724406490623914
1254,स प्राप्तकालमाज्ञाय चकार च तत स्वनम्सदृशं राघवस्येह हा सीते लक्ष्मणेति च,ततः सः प्राप्तकालम् आज्ञाय राघवस्य सदृशम् हा सीते लक्ष्मण इति च स्वनम् चकार,"He will have knowledge and wisdom at the appointed time, and he will be like the wolf that rocks the earth.","When the time came for him to do so, he was commanded to put on a garment like that of a raven, and to put on a garment like that of Seth and Laxman.",2.609666531823594
1255,विविक्तेषु च तीर्थेषु कृतस्नाना द्विजातयः पुष्पोपहारं कुर्वन्ति कुसुमैस्स्वयमर्जितै,विविक्तेषु तीर्थेषु कृतस्नानाः द्विजातयः स्वयम् अर्जितैः कुसुमैः पुष्पोपहारम् कुर्वन्ति,The women who work in temples and other places of worship worship worship flower heads and kiss each other.,"women who have worshipped idols of various kinds, who offer flowers to their own selves,",4.237713199752784
1256,तयोरुधिरसिक्तानिसम्वृतान्तिशरैर्भृशम् बभ्राजुःसर्वगात्राणिज्वलन्तइवपावकाः,तयो रुधरिसिक्तानि शरैः सम्वृतानि सर्वगात्राणि ज्वलन्तः पावकाःइव भृशम् बभ्राजुः,"For they are filled with blood, blood, and blood; and their bodies are scorched with fire, and their bodies scorched with fire.","They will be covered with blood, sweat and tears. They will be scorched with fire and scorched with fire.",16.805936904720344
1257,एवं त्वां पापकर्माणं वक्ष्यन्ति निकृता जनाः दिष्ट्यैतद्व्यसनं प्राप्तो रौद्र इत्येव हर्षिताः,एवम् पापकर्माणम् त्वाम् निकृताः जनाः हर्षिताः रौद्रः दिष्ट्या एतत् व्यसनम् प्राप्तः इत्येव वक्ष्यन्ति,"and rejoice over the evil deeds of the wicked, and rejoice over the evil deeds of the wicked.","Those who have driven you out of this world will say, ""We have become addicted to this kind of thing. "" When they see you, they will rejoice.",1.4946167277680709
1258,इमामन्धां च वृद्धां च मातरं ते तपस्विनीम्कथं वत्स भरिष्यामि कृपणां पुत्रगर्धिनीम्,वत्स अन्धाम् वृद्धाम् तपस्विनीम् कृपणाम् पुत्रगर्धिनीम् इमाम् ते मातरम् कथम् भरिष्यामि,"I will fill the blind and the aged with joy, and I will give birth to the sons of mercy.","I will speak to the blind, the blind, the oppressed, and the mother who is about to give birth to a son.",10.369153329756328
1259,जाम्बवानथजानुभ्यामुत्पतन्निहतोयुधि पट्टसैर्बहुभिश्छिन्नोनिकृत्तःपादपोयथा,अथ जानुभ्याम् उत्पतन् जाम्बवान् युधि निहातः बहुभिः पट्टसै: छिन्नः पादपोयथा छिन्नः,They will be thrown out of their mouths and thrown into the streets. They will be thrown out of their mouths and thrown into the streets.,"From this side came war, and there were many battles.",1.5880117714047368
1260,कोऽयं कस्य कुतो वायं किं निमित्तमिहागतःकथं त्वया सहानेन संवादः कृत इत्युत,अयम् कः कस्य अयम् कुतः किं निमित्तम् इह आगतः उत अनेन त्वया सह संवादः कृतः,"""Why did I come to you and talk to you? "" he asked.","""Who is this man? What is this man doing? Why did he come down here to talk to you?",13.35666407643422
1261,तच्छ्रुत्वाराघवोवाक्यंवायुपुत्रेणभाषितम् आरुरोहमहाशूरंबलवन्तंमहाकपिम् रथस्थंरावणंसङ् ख्येददर्शमनुजाधिपः,राघवः वायुपुत्रेण भाषितम् तत् वाक्यम् श्रुत्वा आरुरोहमहाशूरं महाकपिम् बलवन्तम् आरुरोह मनुजाधिपः सङ् ख्ये रथस्थम् रावणम् ददर्श,and a loud voice from the sky spoke to the son of the wind.,"And when the raven heard the voice of the wind, he saw the great horn, and the great horn, and the horn of a man, standing on the chariot.",3.627590954853505
1262,इममार्षंस्तवंदिव्यमितिहासंपुरातनम् येनराःकीर्तयिष्यन्तिनास्तितेषांपराभवः,येनराः दिव्यम् पुरातनम् इतिहासम् आर्षम् इमम् स्तवम् कीर्तयिष्यन्ति तेषाम् पराभवः नास्ति,They will be thrown out of their homes and thrown out of their homes.,The lights of the city will shine on the history of the ancient world. They will not be defeated.,4.6367272502876915
1263,शरजालावृतस्सूर्यो न तदा स्म प्रकाशतेअन्योन्यवधसंरम्भादुभयोस्संप्रयुध्यतोः,अन्योन्यवधसंरम्भात् उभयोः सम्प्रयुध्यतोः तदा शरजालावृतः सूर्यः न प्रकाशते स्म,"When the sun shines brightly and the sun is not shining brightly, the sun shines brightly and the sun shines brightly.","But when the sun came up, and the sun was darkened, they were joined together.",8.383924775392588
1264,स गदाभिहतस्तेनसञ्चचालमहाबलः उद्यता च पुनस्तस्यजहारद्विविदोगदाम्,गदा तेन अभिहतः महाबलः सःद्विविदः सञ्चचाल पुनः उद्यताम् तस्य गदाम् जहार,"He struck the man with a hammer, struck him in the back of the head, and struck him twice.","But when he got up, he became stronger, and ran back and forth.",4.343737891358309
1265,बलमात्मनि जानन्ती न मां शङ्कितुमर्हसिकरिष्यामि तव प्रीतिं सुकृतेनापि ते शपे,आत्मनि बलम् जानन्ती माम् शङ्कितुम् न अर्हसि सुकृतेनापि ते शपे तव प्रीतिम् करिष्ये,"For they know that I am not afraid; but they will curse your love, even though it is good.","They will love you even if you do them well, and they will love you even if you do them well.",4.3442845579938325
1266,अहं वनमिदं दुर्गं विराधो नाम राक्षसःचरामि सायुधो नित्यमृषिमांसानि भक्षयन्,अहम् विराधो नाम राक्षसः सायुधः नित्यम् ऋषिमांसानि भक्षयन् दुर्गम् इदम् वनम् चरामि,"I walked through the woods, through the strongholds, and the beast ate the flesh of the living creature.","I am the beast, whose name is Beast, and I will eat the flesh of the beast for ever and ever, and I will feed in the wilderness.",10.069058791608642
1267,सचनप्रतिजग्राहरावणःकालचोदितः उच्यमानंहितंवाक्यंविपरीतइवौषधम्,सःरावणः कालचोदितः उच्यमानम् हितम् वाक्यम् विपरीतः औषधम् इव: नप्रतिजग्राह:,"Be wary of all things; be wary of evil words, be wary of evil.","He says, ""A foolish man is a foolish man, and a foolish man is a foolish man, and a foolish man is a foolish man, and a foolish man is a foolish man, and a foolish man is a foolish man"".",0.4140187028787184
1268,निवृत्तवनवासं तमयोध्यां पुनरागतम्द्रक्ष्यन्ति सुखिनो रामं शुक्रं मार्गगतं यथा,निवृत्तवनवासम् अयोध्याम् पुनः आगतम् रामम् मार्गगतम् शुक्रं यथा सुखिनः द्रक्ष्यन्ति,"They will return to their dwelling-places of exile, rejoicing and rejoicing in the way they had walked.",Retired prisoners will return to Ayodhya and rejoice in the path of Rama.,10.657284485555579
1269,कोट्यस्तत्र चतुर्विंशद्गन्धर्वाणां तपस्विनाम् वसन्त्यग्निनिकाशानां घोराणां कामरूपिणाम्,तत्र तपस्विनाम् अग्निनिकाशानाम् घोराणाम् कामरूपिणाम् गन्धर्वाणाम् चतुर्विंशत् कोट्यः वसन्ति,"and four hundred and forty-four horsemen of fire, and horsemen of fire, and horsemen of fire.","There were twenty - four hundred thousand of them. Their numbers were flaming flames of fire, horses and burning coals.",8.6340814593482
1270,मित्रकार्यंकृतमिदंभवद्भिद्वानरर्षभाः अनुज्ञातामयासर्वेयथेष्टंप्रतिगच्छत,वानरर्षभाः भवद्भिः इदम् मित्रकार्यम् कृतम् सर्वे मया अनुज्ञाताः यथेष्टम् प्रतिगच्छत,"You, my friends, are doing the right thing. Do what is right in the eyes of your conscience.","You have done this kind of work, and I have given you permission to do so.",2.4426633221059637
1271,मालांज्वलन्तींवपुषाकाञ्चनींशतपुष्कराम् राघवायददौवायुर्वासवेनप्रचोदितः,वायुः वासवेन प्रचोदितः वपुषा ज्वलन्तीम् मालां शतपुष्कराम् काञ्चनीम् राघवाय ददौ,and a tenth of a mixture of myrrh and myrrh.,"The wind was blowing in the wind, and the foam was burning, and it was pouring out a hundred gallons of water.",1.569559488359419
1272,धृतिप्रवालःप्रसह्याग्य्रपुष्पस्तपोबलश्शौर्यनिबद्धमूलः रणेमहान्राक्षसराजवृक्षःसम्मर्दितोराघवमारुतेन,धृतिप्रवालः प्रसह्याग्य्रपुष्प तपोबलः शौर्यनिबद्धमालः महान् राक्षसराजवृक्षः राघवमारुतेन रणे संमर्धितः,"The vine, the olive grove, the olive grove, the olive grove, the vine, the vine, the large vines, the fig tree, the fig tree, the fig tree, the fig tree, the fig tree, the fig tree, the fig tree, the tree of life, the tree of life, the tree of life, the tree of life, the tree of life, the tree of life, the tree of life, the tree of life, the tree of life, the tree of life, the tree of life, the tree of life, the tree of life, the tree of life.","The rivers of the sea, the flowers of the sea, the wild flowers of the sea, the mighty rivers of the sea, the great giants of the sea, and the trees of the wilderness.",1.5319247117032604
1273,युगपत्पतमानैश्च युगपच्च हतैर्भृशम्युगपत्पतितैश्चैव विकीर्णा वसुधा भवत्,वसुधा युगपत् पतमानैश्च हतैश्च पतितैश्चैव भृशम् विकीर्णा अभवत्,"You were dressed in fine clothes, with flowers on your hands and with flowers on your fingers.","The whole body was torn apart, and the hands and feet were torn apart.",5.0912128230977505
1274,महान्विघ्न: प्रवृत्तोऽयं दक्षिणामास्थितो दिशम्दिशमन्यां प्रपत्स्यामस्तत्र तप्स्यामहे तप:,दक्षिणां दिशं आस्थित: अयम् महान् विघ्न: प्रवृत्त: अन्याम् दिशम् प्रपत्स्याम: तत्र तप: तप्स्यामहे,"A great storm is blowing from the south, and it is turning toward the south, and it is turning toward the south.","And it came to pass, when we went south, that there was a great confusion; and we went down the other way; and there was a thunderstorm.",3.315967259646361
1275,अहमेको हनिष्यामि रावणं प्राप्तमाहवेततश्चोन्मथ्य सहसा हरिष्ये जनकात्मजाम्,अहम् एकः आहवे प्राप्तम् रावणम् हनिष्यामि ततश्च उन्मथ्य सहसा जनकात्मजाम् आहरिष्ये,"""I will die, I will be raised, I will be raised, I will be raised, I will be raised, I will be raised, I will be raised, I will be raised, I will be raised, I will be raised, I will be raised, I will be raised, I will be raised, I will be raised, I will be raised, I will be raised, I will be raised, I will be raised, I will be raised, I will be raised, I will be raised, I will be raised, I will be raised.","I will strike a raven that has been called, and it will go mad, and the spirit of the beast will come upon it.",0.8521719281907262
1276,व्रीलितं लक्ष्मणं दृष्ट्वा राघवः प्रत्युवाच हएष मन्ये महाबाहुरिहास्मान्द्रष्टुमागतः,व्रीलितम् लक्ष्मणम् दृष्ट्वा राघवः प्रत्युवाच ह महाबाहुः एषः अस्मान् द्रष्टुम् इह आगतः मन्ये,"When the ravens saw the lightning coming, they exclaimed, ""We have seen a great storm coming down on us"".","When the ravens saw him lying there, they said, ""Sir, we have come to see him"".",15.083364266523734
1277,काचिद्वंशं परिष्वज्य सुप्ता कमललोचनारहः प्रियतमं गृह्य सकामेव च कामिनी,कमललोचना काचित् वंशम् परिष्वज्य रहः प्रियतमम् गृह्य सकामा कामिनीव सुप्ता,"Some go to bed, some go to bed, some go to bed, some go to bed, some go to bed, some go to work, some go home, some go to work in the morning, some go to work in the morning.","Some of us are poor, some of us are family, some of us are family, some of us are family, some of us are family, some of us are family, some of us are family, some of us are family, some of us are family, some of us are family, some of us are family, some of us are family, some of us are family, some of us are family, some of us are family, some of us are family, some of us are family, some of us are family, some of us are family, some of us are family, some of us are family, some of us are family, some of us are family, some of us are family, some of us are family, some of us are family, some of us are family.",0.4522433524847553
1278,तामेवमुक्त्वाराजन्तींसीतांसाक्षादिवश्रियम् आजगाममहावेगोहनूमान्यत्रराघवः,महावेगो हनूमान् साक्षात् श्रियमिव राजन्तीम् ताम् एवम् उक्त्वा राघवः यत्र आजगाम,"You are the ones who were set free, and you are the witnesses of the great tribulation that is coming.","And it came to pass in the days of Enoch, the great and swift king, that he said to them,",4.514970966647375
1279,ततोलक्ष्मणमासाद्यवैदेहीं च परन्तपः अथाभ्यवादयप्रतीतोभरतोनामचाब्रवीत्,ततः परन्तपः भरतः प्रीतः लक्ष्मणम् वैदेहीं च आसाद्य अथ अभ्यवादयत् नाम अब्रवीत् च,"Then he called out to everyone, saying, ""Thank you very much. ""","She was filled with love, compassion, and kindness. So she called her name Abram.",3.0521968279991727
1280,सर्वौषधीभिर्गन्धैश्चसमालभ्यमहाबलाः निर्जग्मुर्नैरृतश्रेष्ठाषडेतेयुद्धकाङ्क्षिणः,एते महाबलाः षट् नैरृतश्रेष्ठाः सर्वौषधीभिः गन्धैः समालभ्य युद्धकाङ्क्षिणः निर्जग्मुः,"all the world's rich and famous men, the rich and famous, the poor and the needy, the oppressed and the oppressed,","These were six great men of color, with all their weapons of war and perfume. They were ready for battle.",2.1300733682208985
1281,तदागच्छ महातेज आश्रमं पुण्यकर्मण:तारयैनां महाभागामहल्यां देवरूपिणीम्,महातेज: तत् पुण्यकर्मण: आश्रमम् आगच्छ महाभागाम् देवरूपिणीम् एनाम् अहल्यां तारय,Then the high priest who had done good came to visit the great palace of God.,"The king replied: ""The woman who has done the right thing has come to Asherah, and the great goddess Anna has come to save her.",3.0884754449277154
1282,तौ भीमबलविक्रान्तौ सुपर्णसमवेगिनौप्रवृद्धौ घोरवपुषौ चन्द्रसूर्याविवाम्बरेपरस्परममित्रघ्नौ च्छिद्रान्वेषणतत्परौ,भीमबलविक्रान्तौ सुपर्णसमवेगिनौ घोरवपुषौ परस्परम् छिद्रान्वेषणतत्परौ अमित्रघ्नौ तौ अम्बरे चन्द्रसूर्याविव प्रवृद्धौ,"They are afraid of the sun, they are afraid of the sun, they are afraid of the stars, they are afraid of the stars, they are afraid of the sun, they are afraid of the stars, they are afraid of the stars, they are afraid of the stars, they are afraid of the stars, they are afraid of the stars, they are afraid of the sun, they are afraid of the stars, they are afraid of the stars, they are afraid of the stars, they are afraid of the stars, they are afraid of the stars, they are afraid of the stars, they are afraid of the stars, they are afraid of the stars, they are afraid of the stars, they are afraid of the stars, they are afraid of the stars.","They are like worms, they are like worms, they are like worms, they are like worms, they are like worms, they are like the sun, they are like the moon, they are like the stars, they are like the stars, they are like the stars, they are like the stars, they are like the stars, they are like the stars, they are like the stars, they are like the stars, they are like the stars, they are like the stars, they are like the stars, they are like the stars, they are like the stars, they are like the stars, they are like the stars, they are like the stars, and they are like the stars.",40.340016752294716
1283,राजा सर्वस्य लोकस्य महेन्द्रवरुणोपमःरामो दाशरथिश्शीमान्प्रविष्टो दण्डकावनम् लक्ष्मणेन सह भ्रात्रा वैदेह्या चापि भार्ययातस्य भार्या जनस्थानाद्रावणेन हृता बलात्,सर्वस्य लोकस्य राजा महेन्द्रवरुणोपमः दाशरथिः श्रीमान् रामः भ्रात्रा लक्ष्मणेन सह भार्यया वैदेह्या सह दण्डकावनम् प्रविष्टः तस्य भार्या रावणेन जनस्थानात् बलात् हृता,"When the king came to the palace, he greeted all the people, invited them to his palace, and sent them into prison to be punished.","Mahender Varunom, the king of all the people, and Dasharthy, the husband of Ram, and his brother Lakshmana, and his wife Veda, went into prison.",11.81481755761789
1284,अद्यमद्भाणनिर्भिन्नैःप्रकीर्णैर्गतचेतनैः करोमिवानरैर्युद्धेयत्नावेक्ष्यतलांमहीम्,अद्य युद्धे मद्बाणनिर्भिन्नैः गतचेतनैः प्रस्तीर्णैः वानरैः महीम् यत्नावेक्ष्यतलाम् करोमि,"For as now I am speaking in a different and different light, so that I may not be tempted.","For today I am eagerly awaiting the battle of the wild, of the wild, of the wild, of the wild, of the wild,",3.094986967889915
1285,विचितं तु ततः कृत्वा सर्वे ते काननं पुनःअन्यदेवापरं घोरं विविशुर्गिरिगह्वरम्,सर्वे ते काननं पुनः विचितम् कृत्वा ततः अन्यदेव घोरम् अपरम् गिरिगह्वरम् विविशुः,"When they heard this, they raised their ears and began to worship other gods with a loud voice.",Then they all turned their ears and began to cry out loudly and trembling.,19.49624907951976
1286,हन्यामहंत्विमौपापौशत्रुपक्षप्रशंसकौ यदिपूर्वोपकारैस्तुनक्रोधोमृदुतांव्रजेत्,अहम् हन्याम् त्वम्इमौपापौ शत्रुपक्षप्रशंसकौ यदि मे क्रोध न मृदुताम् व्रजेत् पूर्वोपकारै,"But if you show mercy to your enemies and to your enemies and to your enemies and to your enemies and to your enemies and to your enemies and to your enemies and to your enemies and to your enemies and to your enemies and to your enemies and to your enemies and to your enemies and to your enemies and to your enemies and to your enemies and to your enemies and to your enemies and to your enemies and to your enemies and to your enemies and to your enemies and to your enemies and to your enemies and to your enemies and to your enemies and to your enemies and to your enemies and to your enemies,","If I had not been slow to anger, I would have killed you and your sins and loved your enemies. If I had not been slow to anger, I would have done good.",0.8618649797682889
1287,शोचता च मया दृष्टं प्राकारेण समावृतम्काञ्चनेन विकृष्टेन गृहोपवनमुत्तमम्,शोचता मया काञ्चनेन विकृष्टेन प्राकारेण समावृतम् उत्तमम् गृहोपवनम् दृष्टम्,It is better for me to live in a house than to live in one's own house.,Then I saw a house of fine linen covered with fine linen.,4.753622060013117
1288,ममपुत्रोममभ्राताममभर्तारणेहतः इत्येषश्रूयतेशब्दोराक्षसीनांकुलेकुले,मम पुत्रः रणे हतः मम भ्राता मम भर्ता इति एषः राक्षसीनाम् शब्धः कुलेकुले श्रूयते,"My son, my brother, is crying out to me.","""My son has been killed, and my brother has betrayed me, "" he said.",6.908856110465502
1289,भरतस्य तु तस्याज्ञां प्रतिगृह्य च हर्षितःरथं गृहीत्वा प्रययौ युक्तं परमवाजिभिः,तस्य भरतस्य आज्ञाम् प्रतिगृह्य हर्षितः परमवाजिभिः युक्तम् रथम् गृहीत्वा प्रययौ,But she obeyed him and took it with joy.,"And he said to him, Go and take the chariot, and rejoice.",3.3495035708457803
1290,तेषांसुतुमुलंयुद्धंसञ्जज्ञेकपिरक्षसाम् अन्योन्यंपादपैर्घोरंनिघ्नतांशूलमुद्गरैः,घोरैः पादपैः शूलमुद्गरैः अन्योन्यम् निघ्नताम् तेषाम् कपिरक्षसाम् सुतुमुलम् युद्धम् संजज्ञे,"They will be full of violence, fierce in battle, fierce in battle, and fierce in battle.","And the scribes and the Pharisees went out to fight one another, knowing that they were afraid of the violence of their robes.",2.229706147992187
1291,कुशिकानामयं वंशो महान् धर्मपरस्सदाब्रह्मोपमा महात्मान: कुशवंश्या नरोत्तमा:,कुशिकानाम् अयम् वंश: महान् सदा धर्मपर: कुशवंश्या: नरोत्तमा: महात्मान: ब्रह्मोपमा:,"Cushites were descended from Cushites. Cushites were descended from Abraham, a great man of God.",These are the sons of Kush: the great one forever righteous; the son of Kush: the son of Naroth; the son of Brahmopama;,1.465394732871374
1292,तान्गृहीतायुधान् सर्वान्वारयित्वाविभीषणः अब्रवीत्प्राञ्जलिर्वाक्यंपुनःप्रत्युपवेश्यतान्,विभीषणः गृहीतायुधान् तान् सर्वान् वारयित्वा: तान् प्रत्युपवेश्य: प्राञ्जलिः वाक्यम् अब्रवीत्,"When they saw him, they were terrified. They were terrified, and they were afraid to go to any other place.",They were terrified and shocked. He told them to come in and shut the door.,7.238177794755686
1293,स रामः पितरं कृत्वा कैकेयीं च प्रदक्षिणम्निष्क्रम्यान्तःपुरात्तस्मात्स्वं ददर्श सुहृज्जनम्,सः रामः पितरम् कैकेयीं च प्रदक्षिणं कृत्वा तस्मात् अन्तःपुरात् निष्क्रम्य स्वम् सुहृज्जनम् ददर्श,He turned away from Peter and several others and appeared in the Spirit.,He took Ramah and Caiaphas out of the gate and appeared before them.,7.474875887495341
1294,तत्र चानीयमाने तु विप्रे तस्मिन्महात्मनिववर्ष सहसा देवो जगत्प्रह्लादयंस्तदा,महात्मनि तस्मिन् विप्रे आनीयमाने तदा देव: जगत् प्रह्लादयन् सहसा तत्र ववर्ष,In those days the earth was overwhelmed with great calamity.,"Then God said to him, ""Let the world be overwhelmed by the great tribulation that is coming upon it.",1.9498186811486282
1295,तच्छ्रुत्वा भूमिपालस्य वसिष्ठो द्विजसत्तमः आदिदेशाग्रतो राज्ञ स्स्थितान्युक्तान् कृताञ्जलीन्,द्विजसत्तम: वशिष्ठ: भूमिपालस्य तत् श्रुत्वा राज्ञ: अग्रत: स्थितान् कृताञ्जलीन् युक्तान् आदिदेश,"So they went and served the king's servants, two men and seven women.","When the landlord heard this, the king came and said to his servants who were sitting in chains,",2.6629879653210757
1296,स्वाशितास्तवमांसेनगृध्रगोमायुवायसाः भविष्यन्त्यद्यवैपाप तीक्ष्णतुण्डनखाङ्कुराः,पाप अद्य तीक्ष्णतुण्डनखाङ्कुराः गृध्रगोमायुवायसाः तवमांसेन स्वाशिताः भविष्यन्ति,"Blessed are you because of your weakness, because of your weakness, because of your weakness, because of your weakness, because of your weakness, because of your weakness, because of your weakness, because of your weakness, because of your weakness, because of your weakness, because of your weakness, because of your weakness, because of your weakness, because of your weakness, because of your weakness, because of your weakness, because of your weakness, because of your weakness, because of your weakness, because of your weakness, because of your weakness, because of your weakness, because of your weakness, because of your weakness, because of your weakness, because of your weakness, because of your weakness, because of your weakness, because of your weakness.","""Today you will be healed, you will be healed, you will be healed, you will be healed, you will be healed, you will be healed, you will be healed, you will be healed, you will be healed, you will be healed, you will be healed, you will be healed, you will be healed, you will be healed, you will be healed, you will be healed, you will be healed, you will be healed, you will be healed, you will be healed, you will be healed, you will be healed"".",0.5285206841160125
1297,सञ्चितान्यस्य वित्तनि विविधानि सहस्रशःदस्युभिर्विप्रलुप्यन्तां यस्यार्योऽनुमते गतः,आर्यः यस्य अनुमते गतः अस्य सहस्रशः सञ्चितानि विविधानि वित्तानि दस्युभिः विप्रलुप्यन्ताम्,"And the people who had gathered were filled with thousands of them, according to the number of those who had gathered.","The first one, who had lost his license, had thousands of collections of various kinds of money that had been destroyed.",5.303043362608362
1298,अविज्ञाय फलं यो हि कर्म त्वेवानुधावतिस शोचेत्फलवेलायां यथा किंशुकसेचकः,यः फलम् आविज्ञाय कर्म तु एव अनुधावति सः किंशुकसेचकः इव फलवेलायाम् शोचेत्,"It is the fruit of your ignorance that you will bear, just as a reaper reaps fruit in the season.","As the reaper picks up the fruit, so the reaper picks up the fruit.",4.724932626401583
1299,सारथेर्भहुशश्चास्यसङ्ग्राममवगाहतः प्रतोदोन्यपतद्धस्तात्सूतस्यहयसादिनः,सङ्ग्रामम् अवगाहतः सूतस्य हयसादिनः सारथेः हस्तात् प्रतोदः अस्य बहुशः न्यपतत्,"When they arrived at the synagogue in the city of Zarephath,","When he came to the synagogue, he found a well of water that had fallen from the hand of Sarah.",3.873906526651788
1300,हर्याश्च हरयोऽपत्यं वानराश्च तरस्स्विनःततस्त्विरावतीं नाम जज्ञे भद्रमदा सुताम्,हरयः वानराश्च तरस्स्विनः हर्याः अपत्यम् ततः भद्रमदा इरावतीं नाम सुताम् जज्ञे,"The green grass, the green grass, and the wild beasts of the earth will be pleased with you, and your name will be remembered in the world.","the green, the wild, the green, the green, the green, and the beautiful, the beautiful, the beautiful, the beautiful,",9.23806317622409
1301,भ्राजमानं ततो दृष्ट्वा हनुमान्राक्षसेश्वरम्मनसा चिन्तयामास तेजसा तस्य मोहितः,ततः हनुमान् भ्राजमानम् राक्षसेश्वरम् दृष्ट्वा तस्य तेजसा मोहितः मनसा चिन्तयामास,"When he saw the dragon, he thought it was like God's glory, and he was amazed.","When he saw that the demon was passing by, he was struck by the glory of God, and his mind was filled with wonder.",8.795706449767442
1302,तच्छ्रुत्वावचनंतेषांराक्षसेन्द्रोमहाबलः चिन्तारोषसमाक्रान्तोविषण्णवदनोऽभवत्,महाबलः राक्षसेन्द्रः तेषाम् तत् वचनम् श्रुत्वा चिन्तारोषसमाक्रान्तः विषण्णवदनः अभवत्,"When they heard this, they were shocked and troubled.","When the mighty dragon heard this, he was troubled and shouted at them.",11.985825441691155
1303,सैषा हि मागधी राम वसोस्तस्य महात्मन:पूर्वाभिचरिता राम सुक्षेत्रा सस्यमालिनी,राम सा एषा मागधी महात्मन: तस्य वसो: पूर्वाभिचरिता सुक्षेत्रा सस्यमालिनी,Sasha is the Magadhi Rama and the Greatman of Vasoost: Prarahvicharita Rama is the Successor of Sasyamali.,Rama is the Magadhi Mahātman: his Vaso: Pre-Vicharita Sukheshetra and Sāśmalini,11.794224053267106
1304,रामोऽपिदारयेदेषां बाणेनैकेन च द्रुमम्वालिनं निहतं मन्ये दृष्ट्वा रामस्य विक्रमम्,रामः अपि एषाम् द्रुमम् एकेन बाणेन दारयेत् रामस्य विक्रमम् दृष्ट्वा वालिनम् निहतम् मन्ये अपि,"When he saw that he was facing Dardanelles, Ben-Nicen, and Drummalin, he was astonished.","And Ram struck the ram with a single spear, and when he saw Ram's mischief, he thought to himself,",6.191405876171287
1305,तस्य प्रयागे रामस्य तं महर्षिमुपेयुषःप्रपन्ना रजनी पुण्याः चित्राः कथयतः कथाः,प्रयागे तं महर्षिम् उपेयुषः रामस्य चित्राः कथाः कथयतः पुण्या रजनी प्रपन्ना,"On his journey, he told the story of Ram and his mistress and their young men and their young women.","On the way, he told the story of Ram's portraits.",22.866722231574908
1306,तस्यैवतपसोव्युष्ट्याप्रसादाच्छस्वयम्भुवः नासुरेभ्यो न देवेभ्योभयंममकदाचन,तस्य तपसःएव वुष्ट्या स्वयम्भुवः प्रसादाच्छ मम कदाचन असुरेभ्यः भयम् न देवेभ्यः न,"""Do not be afraid of the Nazarenes, or of the gods you do not worship.","I was not afraid of the Assyrians, nor was I afraid of their gods.",10.21619866588636
1307,तथा ब्रुवति तारे तु ताराधिपतिवर्चसिअथ मेने हृतं राज्यं हनूमानङ्गदेन तत्,ताराधिपतिवर्चसि तारे तथा ब्रुवति अथ हनूमान् अङ्गदेन तत् राज्यम् हृतम् मेने,"and the ruler of the rising star, and the kingdom of Hanukkah.","The sun shines and the stars shine, and the kingdom is in the heart of Hanukkah, the son of Hanukkah.",15.842206063726639
1308,पुनरेवागतस्त्रस्तस्त्वत्सकाशमरिंदमस तं निपतितं भूमौ शरण्यश्शरणागतम् वधार्हमपि काकुत्स्थ कृपया पर्यपालयः,अरिन्दम त्रस्तः पुनरेव त्वत्सकाशम् आगतः शरण्यः सः काकुत्स्थ: शरणागतम् भूमौ निपतितम् तम् वाधर्हमपि कृपया पर्यपालय:,"Again he was taken by a mighty force from heaven, and was taken from him to the earth to hide himself from him.","He was very upset, and suddenly he came to the shelter. He fell to his knees on the ground and said, ""Please take care of him.",4.542158937625448
1309,स शङ्खशशिवर्णेनछत्रेणरिपुसूदनः रराजप्रतिपूर्णेननभश्चन्द्रमसायथा,रिपुसूदनः सः शङ्खशशिवर्णेन छत्रेण प्रतिपूर्णेन चन्द्रमसा सभः यथा रराज,He had a crown of gold and a crown of purple and gold.,He had a crown of gold and a shadow like a king's crown.,54.3742768222752
1310,इक्ष्वाकूणां कुले जातस्सिंहस्कन्धो महाद्युतिःलक्ष्मणेन सह भ्रात्रा यस्ते प्राणान्हरिष्यति,इक्ष्वाकूणाम् कुले जातः सिंहस्कन्धः महाद्युतिः भ्रात्रा लक्ष्मणेन सह यः ते प्राणान् हरिष्यति,A lion's tail and a lion's tail and a lion's tail and a lion's tail and a lion's tail and a lion's tail and a lion's tail and a lion's tail and a lion's tail and a lion's tail and a lion's tail and a lion's tail and a lion's tail and a lion's tail and a lion's tail and a lion's tail and a lion's tail and a lion's tail and a lion's tail.,"The lion's roar and the roar of the lions, and the brightness of his brother Laxma, who will kill them.",0.6712165333453175
1311,अनिवार्यं बलं तस्य बलैर्बलवतामपि त्रिभिर्लोकैस्समुद्युक्तैस्सेश्वरैरपि सामरैः,बलवताम् बलैरपि सेश्वरैः सामरैरपि समुद्युक्तै: त्रिभिः लोकै अपि तस्य बलम् अनिवार्यम्,"He was a mighty warrior, a mighty warrior, and a mighty warrior.","For he is strong, and God is with him; and three men are his strength.",4.762258298736169
1312,यदस्य कृतमस्माभिर्बुध्यसे किञ्चिदप्रियम्तदबुद्ध्या सम्प्रधार्याशु क्षिप्रमर्हसि भाषितुम्,अस्माभिः अस्य किञ्चित् अप्रियम् कृतम् बुध्यसे यत् तत् आशु बुद्ध्या सम्प्रधार्य क्षिप्रम अर्हसि अभिभाषितुम्,"Let us, then, speak with a clear conscience, with a mild temper, and with a gentle heart.","We feel that we have done some things wrong in this regard, so that we may speak wisely and discreetly about it.",2.230397629051366
1313,गतेतुतस्मिन् सुरराजशत्रुःक्रोधात्प्रदुद्रावरणायभूयः अनायुधोऽस्मीतिविचिन्त्यरौद्रोघोरंतदामुद्गरमाससाद,तस्मिन् गते सुरराजशत्रुः क्रोधात् भूयः रणाय प्रदुद्राव रौद्रः अनायुधः अस्मि इति विचिन्त्य तदा मुद्गरम् आससाद,"When the sun came out of the fury of his enemies, he was furious. He turned his back on us and destroyed the cities of Sodom and Gomorrah.","In that very day the king was furious, and the earth was shaken and rained, and the wheels of the earth were shaken.",4.265552167438487
1314,किंनुमेसीतयाकार्यंकिंकार्यंजीवितेनवा शयानंयोऽद्यपश्यामिभ्रातरंयुधिनिर्जितम्,यः अद्य युधि निर्जितम् शयानम् भ्रातरम् पश्यामि मे सीतया किंनुकार्यम् जीवितेनवा किंकार्यम्,"Why, then, do you see that your brother is in chains of war, not only because of his work but also because of his life? Not only because of Satan, but also because of his work.",For today I see a brother who has fallen into the hands of Satan and is in the throes of war. What can I do with my life? What can I do with my life?,3.865880063854098
1315,सुग्रीवस्तान्कपीन्दृष्टवाभग्नान्विद्रावितान्रणे गुल्मेसुषेणंनिक्षिप्यचक्रेयुद्धेऽद्भुतंमनः,सुग्रीवः रणे भग्नान् विद्रवतान् तान् कपीन् दृष्टवा सुषेणम् गुल्मे निक्षिप्य अद्भुतम् मनः युद्धे चक्रे,They threw their spears into the open sea and into the streams of darkness.,"When the pigs saw them harassing the pigs in the desert, they cut them off. They threw the spices on their heads and were amazed at the battle.",2.4741076527699457
1316,उन्मत्तेव प्रमत्तेव भ्रान्तचित्तेव शोचतीउपावृत्ता किशोरीव विवेष्टन्ती महीतले,उन्मत्तेव प्रमत्तेव भ्रान्तचित्तेव शोचती उपावृत्ता किशोरीव महीतले विवेष्टन्ती,"the foolishness, the love, the deceitfulness, the selfishness, the foolishness, the foolishness, the foolishness, the foolishness, the foolishness,","foolishness, love, deceitfulness, deceitfulness, selfishness, youthfulness,",5.869760893038728
1317,पतिसम्मानिता सीता भर्तारमसितेक्षणाआद्वारमनुवव्राज मङ्गलान्यभिदध्युषी,पतिसम्मानिता असितेक्षणा सीता मङ्गलानि अभिदध्युषी भर्तारम् आद्वारम् अनुवव्राज,"Her husband, Sita, was waiting for her to come to the door.","Be respectful of your husbands, be discreet, be self - controlled, be self - controlled, be polite,",1.9597730174832824
1318,ततस्ते राक्षसाश्शूरा बद्धं मामग्निसंवृतम् अघोषयन्राजमार्गे नगरद्वारमागताः,ततः शूराः राक्षसाः नगरद्वारम् आगताः बद्धम् अग्निसंवृतम् माम् राजमार्गे अघोषयन्,"Then they led the way to the city gate, bound with ropes and shackles, through the road leading to the city gate.","And behold, a band of demons came out of the city gate, tying me up in the street with flames of fire.",11.213336822390838
1319,आबध्यन्तां पताकाश्च राजमार्गश्च सिंच्यताम्सर्वे च तालावचरा गणिकाश्च स्वलङ्कृताः कक्ष्यां द्वितीयामासाद्य तिष्ठन्तु नृपवेश्मनः,पताकाः च आबध्यन्ताम् राजमार्गः च सिंच्यतां च सर्वे तालावचराः स्वलङ्कृताः गणिकाः च नृपवेश्मनः द्वितीयाम् कक्ष्याम् आसाद्य तिष्ठन्तु,"and those who are in charge of the streets, the highways, the watering-places, the gates, and the gates, and the gates, and the gates, and the gates, and the gates, and the gates, and the gates, and the gates, and the gates, and the gates, and the gates, and the gates, and the gates, and the gates, and the gates, and the gates, and the gates, and the gates, and the gates, and the gates, and the gates, and the gates, and the gates, and the gates, and the gates, and the gates, and the gates, and the gates, and the gates, and the gates, and the gates, and the gates, and the gates.","And let all the watchmen, and all the scribes, and all the scribes, and all the scribes, and all the eunuchs, and all the princes, sit in the second chamber.",1.2577619600276189
1320,वनं सर्वं विचिनुवो यत्र सा जनकात्मजा मन्यसे यदि काकुत्स्थ मा स्म शोके मनः कृथाः,काकुत्स्थ मन्यसे यदि सा जनकात्मजा यत्र सर्वम् वनम् विचिनुव: शोके मनः मा स्म कृथाः,"Go to the wilderness, where the spirit of man will make you sorrowful if you do something wrong.","If a foolish man has a spirit that causes him to wander about in the wilderness, let him not grieve.",7.970192412321873
1321,ततोऽग्निवचनात्सीतां ज्ञात्वा विगतकल्मषाम् बभौ रामस्सम्प्रहृष्ट: पूजितस्सर्वदैवतै:,तत: अग्निवचनात् सीताम् विगतकल्मषाम् ज्ञात्वा राम: सम्प्रहृष्ट: सर्वदैवतै: पूजित: बभौ,"When he saw the words of fire coming, he fell down on his face and said, ""I worship all the gods.","And when he saw the word of the fire, he said, All the gods are worshipped.",9.970222994544457
1322,कथंसागरमक्षोभ्यंतरिष्यन्तिवनौकसः बहुसत्त्वसमाकीर्णंतौवादशरथात्मजौ,अक्षोभ्यम् बहुसत्त्वसमाकीर्णम् सागरम् वनौकसः तौ: दशरथात्मजौवा: कथम् तरिष्यन्ति:,"They will walk in the wilderness and in the desert, filled with the truth and filled with the Holy Spirit.","The voice of the sea and the sea, full of sulphur and clay, and of the ten thousand spirits,",2.703251334489793
1323,कपीनां किल लाङ्गूलमिष्टं भवति भूषणम्तदस्य दीप्यतां शीघ्रं तेन दग्धेन गच्छतु,कपीनाम् लाङ्गूलम् इष्टम् भूषणम् भवति किल अस्य तत् शीघ्रम् दीप्यताम् दग्धेन तेन गच्छतु,"The coals of copper are melted, and the flame of the fire will burn them.","The pit of the pot is burning with fire, and the fire will burn it.",23.693055763743093
1324,पुरस्तादृषभो वीरो नील: कुमुद एव च पन्थानं शोधयन्तिस्म वानरैर्बहुभि स्सह,ऋषभः नील वीरः कुमुद एव च बहुभिः वानरैः पुरस्तात् पन्थानम् शोधयन्ति,"The old woman, the brave, the blue, the lame, and the many who are seeking the way.","The lions, the eagles, and the cranberries, and many of the monkeys, seek their way out of the wilderness.",9.373913534813715
1325,अपश्यद्राक्षसपतिं हनुमानतितेजसम्विष्ठितं मेरुशिखरे सतोयमिव तोयदम्,हनुमान् अतितेजसम् मेरुशिखरे विष्ठितम् सतोयम् तोयदम् इव राक्षसपतिम् अपश्यत्,"Then he saw a well of water that had been placed by the vineyard where the ruler of the vineyard, Hanun, was buried.",He saw a demon - possessed creature that resembled a serpent sitting in a pool of water.,4.521782889827669
1326,तंसमीक्ष्यमहातेजामहेषुंतेनसंहितम् लक्ष्मणोऽप्याददेबाणमद्यभदीमपराक्रमः,महातेजाः भीमपराक्रमः लक्ष्मणोऽपि संहितम् महेषुम् समीक्ष्य अन्यत् बाणम् आददे,In the vicinity of the palace there was a lampstand and a lampstand.,"And there were other arrows, besides those of the king's house, and those of the king's house, and those of the king's house, and those of the king's house, and those of the king's house, and those of the king's house, and those of the king's house, and those of the king's house, and those of the king's house, and those of the king's house, and those of the king's house, and those of the king's house, and those of the king's house, and those of the king's house.",0.012070100552699555
1327,नेमौशक्यारणेजेतुंसेन्द्रैरपिसुरासुरैः तादृशंदर्शनंदृष्टवामयाचावेदितंतव,इमौ सेन्द्रैः सुरासुरैरपि रणे जेतुम् नशक्यौ तादृशम् दर्शनम् दृष्टवा मया तव आवेदितुम्,They asked him to give them advice so that they could win the battle.,"I have seen a vision in which you have not been able to escape, not even the shepherds nor the pigs.",2.0289699885655788
1328,स पुच्छमुद्यम्यभुजङ्गकल्पंविनम्यपृष्ठंश्रवणेनिकुञ्च्य विवृत्यवक्त्रंबडबामुखाभमापुफ्लुवेव्योमनिचण्डवेगः,सः भुजङ्गकल्पम् पुच्छम् उद्यम्य पृष्ठम् विनम्य श्रवणे निकुञ्च्य बडबामुखाभम् वक्त्रम् विवृत्य निचण्डवेगः व्योम्नि आपुफ्लुवे,"He had a bow and a bow, and a bow and a bow, and a bow and a bow, and a bow and a bow, and a bow and a bow, and a bow and a bow, and a bow and a bow, and a bow and a bow.","When he reached the top of the hill, he began to turn his ears and ears. Then he began to turn his ears and ears.",0.9010837781632643
1329,परित्यक्ता वसिष्ठेन किमहं सुमहात्मनायाहं राजभटैर्दीना ह्रियेय भृशदु:खिता,दीना भृश दु:खिता या अहम् राजभटै: ह्रियेय अहम् महात्मना वसिष्ठेन परित्यक्ता किम्,"But I turned away, and was filled with sorrow and grief.",I am a farmer and a princess. Why should I leave the Lord?,3.4857116957065437
1330,स तया शुशुभे श्रीमान् लतया कण्ठसक्तयामालयेव बलाकानां ससन्ध्य इव तोयदः,श्रीमान् सः कण्ठसक्तया तया लतय ससन्ध्यः तोयदः बलाकानाम् मालयेव शुशुभे,"He was rich in his good tidings, rich in his strength, and like a shepherd to the needy.",Then he struck him on the knee and said goodbye to his neighbors and to those who were sick.,2.7156804039319287
1331,स्थिरं हि नूनं हृदयं ममायसंन भिद्यते यद्भुवि नावदीर्यतेअनेन दुःखेन च देहमर्पितं ध्रुवं ह्यकाले मरणं न विद्यते,नूनम् मम स्थिरम् हृदयम् आयसम् यत् न भिद्यते भुवि नावदीर्यते अनेन दुःखेन देहम् अर्पितम् अकाले मरणम् न विद्यते ध्रुवम्,"My heart is salty, my heart is salty, my heart is salty, my heart is bitter, my heart is bitter, my heart is bitter, my heart is bitter, my heart is bitter, my heart is bitter, my heart is bitter, my heart is bitter, my heart is bitter, my heart is bitter, my heart is bitter, my heart is bitter, my heart is bitter, my heart is bitter, my heart is bitter, my heart is bitter, my heart is bitter, my heart is bitter, my heart is bitter, my heart is bitter, my heart is bitter, my heart is bitter, my heart is bitter, my heart is bitter, my heart is bitter, my heart is bitter.","My heart is salty and pure, and my heart is salty, and my heart is salty, and my heart is salty, and my heart is salty, and my heart is salty, and my heart is salty, and my heart is salty, and my heart is salty, and my heart is salty, and my heart is salty, and my heart is salty, and my heart is salty.",14.7491047736246
1332,सा हि सृष्टाऽनवद्याङ्गि वनाय मदिरेक्षणेअनुगच्छस्व मां भीरु सहधर्मचरी भव,मदिरेक्षणे अनवद्याङ्गि सा वनाय सृष्टा भीरु माम् अनुगच्छस्व सहधर्मचरी भव,"Come, you who are a new creation, and walk with me in righteousness.","""Follow me, and be my companion in righteousness.",11.980914528565991
1333,तदेवं प्रस्थितस्यास्य परिज्ञातस्य कर्मभिःभर्त्रा परिगृहीतस्य ध्रुवः कार्यफलोदयः,तत् एवम् प्रस्थितस्य कर्मभिः परिज्ञातस्य भर्त्रा परिगृहीतस्य अस्य कार्यफलोदयः ध्रुवः,The pillar is the fruit of the work of the one who is present and knows it. It is filled with the works of God.,"It is a pillar of the fruitage of this work, and it is recognized by what it does.",5.054882708299087
1334,पाण्डुरेण तु सालेन परिक्षिप्तं दुरासदम्वानरेन्द्रगृहं रम्यं महेन्द्रसदनोपमम् शुक्लैः प्रासादशिखरैः कैलासशिखरोपमैःसर्वकामफलैर्वृक्षैः पुष्पितैरुपशोभितम् महेन्द्रदत्तैश्श्रीमद्भिर्नीलजीमूतसन्निभैःदिव्यपुष्पफलैर्वृक्षैशीतच्छायैर्मनोरमैः हरिभिस्संवृतद्वारं बलिभिश्शस्त्रपाणिभिःदिव्यमाल्यावृतं शुभ्रं तप्तकाञ्चनतोरणम् सुग्रीवस्य गृहं रम्यं प्रविवेश महाबलःअवार्यमाणस्सौमित्रिर्महाभ्रमिव भास्करः,पाण्डुरेण सालेन परिक्षिप्तम् दुरासदम् महेन्द्रसदनोपमम् रम्यम् वानरेन्द्रगृहम् शुक्लैः कैलासशिखरोपमैः प्रासादशिखरैः सर्वकामफलैः पुष्पितैः वृक्षैः उपशोभितम् महेन्द्रदत्तैः श्रीमद्भि: नीलजीमूतसन्निभैः दिव्यपुष्पफलैः शीतच्छायैः मनोरमैः वृक्षैः बलिभिः शस्त्रपाणिभिः हरिभिः संवृतद्वारम् दिव्यमाल्यावृतम् शुभ्रम् तप्तकाञ्चनतोरणम् रम्यम् सुग्रीवस्य गृहम् महाबलः सौमित्रि भास्करः महाभ्रमिव अवार्यमाणः प्रविवेश,"houses surrounded by streams of water, brass, sand, gravel, sapphires, cedars, vines, vines, and all kinds of trees, flowers, flowers, flowers, lilies, lilies, lilies, flowers, flowers, flowers, flowers, flowers, flowers, flowers, flowers, flowers, flowers, flowers, flowers, flowers, flowers, flowers, flowers, flowers, flowers, flowers, fruits, flowers, flowers, flowers, flowers, flowers, flowers, flowers, flowers, flowers, flowers, flowers, flowers, flowers, flowers, flowers, flowers, flowers, flowers, flowers, flowers, flowers, flowers, flowers, flowers, and more.","The palace was surrounded by vines, cedars, cedars, cedars, temples, cedars, cedars, cedars, grapes, vines, and all kinds of flowers. The palace was adorned with cedars, blue, green, blue, green, green, green, green, green, green, green, green, green, green, green, green, green, green, blue, green, green, green, green, green, green, green, green, green, green, green, green, green, blue, green, green, green, green, green, green, green, green, green, green, green, green, green, green, green, green, green, green, green, green, green.",7.955554534972204
1335,सप्तधा तु फलेन्मूर्धा मुनौ तपसि तिष्ठतिज्ञानाद्विसृजतश्शस्त्रं तादृशे ब्रह्मावादिनि,तपसि तिष्ठति मुनौ तादृशे ब्रह्मवादिनि ज्ञानात् शस्त्रम् विसृजतः मूर्धा सप्तधा फलेत्,"And the seventh seal was sealed, and the seventh seal was sealed, and the seventh seal was sealed, and the seventh seal was sealed, and the seventh seal was sealed, and the seventh seal was sealed, and the seventh seal was sealed, and the seventh seal was sealed, and the seventh seal was sealed, and the seventh seal was sealed. The seventh seal was sealed, and the seventh seal was sealed, and the seventh seal was sealed, and the seventh seal was sealed.","And the man who was standing there, who was a foolish man, took up his weapons, and fought seven times.",1.2825432607614078
1336,नतातमन्त्रेतवनिश्चयोऽस्तिबालस्त्वमद्याप्यविपक्वबुद्धि: तस्मात्त्वयाप्यात्मविनाशनायवचोऽर्धहीनंबहुविप्रलप्तम्,तात: तव: मन्त्रे: निश्चयः नास्ति: बालः त्वम् अद्यापि: अविपक्वबुद्धि: तस्मात् त्वयापि: आत्मविनाशनाय: अर्थहीनम् बहु: वचः विप्रलप्तम्,"You are a foolish and self - controlled child, possessed of wisdom, and possessed of a mind that destroys the spirit.",You are a child; you are not yet mature; you too are self - destroying.,8.010360497032464
1337,रोमकूपेषु सर्वेषु वसिष्ठस्य महात्मन:मरीच्य इव निष्पेतुरग्नेर्धूमाकुलार्चिष:,महात्मन: वसिष्ठस्य सर्वेषु रोमकूपेषु धूमाकुलार्चिष: अग्ने: मरीच्य: निष्पेतुरिव,And the glory of all the provinces of Rome was like a burning incense.,"To Mary the Virgin, and to the Virgin Mary, and to the Virgin Mary, and to the Virgin Mary, and to the Virgin Mary, and to the Virgin Mary, and to the Virgin Mary, and to the Virgin Mary, and to the Virgin Mary, and to the Virgin Mary, and to the Virgin Mary, and to the Virgin Mary, and to the Virgin Mary, and to the Virgin Mary, and to the Virgin Mary, and to the Virgin Mary, and to the Virgin Mary, and to the Virgin Mary, and to the Virgin Mary, and to the Virgin Mary, and to the Virgin Mary, and to the Virgin Mary, and to the Virgin Mary, and to the Virgin Mary, and to the Virgin Mary, and to Mary, and to Mary, and to Mary, and to Mary, and to Mary, and to Mary, and to Mary, and to Mary, and to Mary, and to Mary, and to Mary, and to Mary, and to Mary, and to Mary, and to Mary, and to Mary, and to Mary, and to Mary, and to Mary, and to Mary, and to Mary, and to Mary, and to Mary, and to Mary, and to Mary, and to Mary, and",3.7593935083527697e-07
1338,निश्चित्य मनसा कृत्यं सा सम्यगिति भामिनीमन्थरायै शनैस्सर्वमाचचक्षे विचक्षणा,विचक्षणा सा भामिनी इति सम्यक् मनसा कृत्यम् निश्चित्य सर्वम् शनै: मन्थरायै आचचक्षे,"When the people of Manasseh saw what she was doing, they stirred up a riot.","When the crowd had gathered together, they decided to do what they thought was right.",7.439820585622744
1339,स त्वं हीनस्सुहृद्भिश्च हितकामैश्च बन्धुभिःतृणादपि भृशोद्विग्नस्स्पन्दमानाद्भविष्यसि,सुहृद्भिश्च हितकामैः बन्धुभिश्च हीनः सः त्वम् स्पन्दमानात् तृणादपि भृशोद्विग्नः भविष्यसि,"He will not be like you, but like you will be like those who have no respect for others and who have no respect for your friends. He will not be like you, but like you will be like those who have no respect for your neighbor.","You will be filled with thirst and thirst because he will strike you, and you will be filled with grief.",4.2732974578225456
1340,एवं ब्रुवाणं तं धीरं रामं सौमित्रिरब्रवीत् गच्छावस्त्वरितं तत्र ममापि त्वरते मनः,एवम् ब्रुवाणम् धीरम् तं रामम् सौमित्रिः अब्रवीत् मम मनः आपि त्वरते त्वरितम् तत्र गच्छावः,"So he urged him to go with his friend, and I was quick to get there.","His friends urged him to do so, and I urged him to hurry.",14.44788670919441
1341,मत्प्रियेष्वभिरक्ताश्च न मृत्युंगणयन्तिये त्वत्प्रसादात्समेयुस्तेवरमेतमहंवृणे,मत्प्रियेषु अभिरक्ताः ये मृत्युम् न गणयन्ति ते त्वत्प्रासादात् समेयुः अहम् एतम् वरम् वृणे,"For I am glad that you have given me life, and that you have loved me, and that you have kept me from death.",Let those who have no interest in my life expect your sacrifice. I give you this gift.,2.075273865705644
1342,अशोकवनिकामध्ये राजन्भीमवपुः कपिःसीतया कृतसंवादस्तिष्ठत्यमितविक्रमः,राजन् सीतया कृतसंवादः भीमवपुः अमितविक्रमः कपिः अशोकवनिकामध्ये तिष्ठति,It is reported that there was a conversation between a king and a princess in Ashoka Prison.,"The king's speech is simple: Bhimappu, Amitvikram, Kapi is in the prison of Ashoka.",3.0372940354383413
1343,ताभिः परिवृतो राजा सुरूपाभिर्महायशाःतन्मृगद्विजसङ्घुष्टं प्रविष्टः प्रमदावनम्,महायशाः राजा सुरूपाभिः ताभिः परिवृतः मृगद्विजसङ्घुष्टम् तत् प्रमदावनम् प्रविष्टः,They turned their backs and went into the palace of glory.,"And they entered into the tent of meeting, together with the king and his household.",5.6144841488873585
1344,किं नु सीताऽथ वैदेही मैथिली जनकात्मजा उपतिष्ठेत विवशा रावणं दुष्टचारिणम्,अथ वैदेही मैथिली जनकत्माजा सीता विवशा दुष्टचारिणम् रावणम् किं नु उपतिष्ठेत,"Don't be afraid of the evildoer, for he is the father of the wicked.","Why did Ravan not live with his wife, Sita, who was a prostitute?",2.445593937240363
1345,अलमस्मात्परित्रातुं राघवाद्राक्षसीगणम्अभियाचाम वैदेहीमेतद्धि मम रोचते,अस्मात् राघवात् राक्षसीगणम् परित्रातुम् अलम् वैदेहीम् अभियाचाम एतत् मम रोचते हि,It pleases me to see the fear of those who are angry with our enemies.,It pleases me that I am trying to rescue the evil spirits from our wrath.,11.251329738544609
1346,एवं कथयमानस्य तस्य सौमित्रिणा सहरामस्यास्तं गतस्सूर्यस्सन्ध्याकालोऽभ्यवर्ततः,तस्य रामस्य सौमित्रिणा सह एवम् कथयमानस्य सूर्यः अस्तं गतः सन्ध्याकालः अभ्यवर्तत,"When the sun came up, he and his companions went out to his hometown.","The sun had set, and it was almost evening, as he was speaking with his friends.",3.1731598193072434
1347,दीपानां च प्रकाशेन तेजसा रावणस्य चअर्चिर्भिर्भूषणानां च प्रदीप्तेत्यभ्यमन्यत,दीपानाम् प्रकाशेन रावणस्य तेजसा च भूषणानाम् अर्चिर्भिः च प्रदीप्ता इति अमन्यत,"and the lampstands and the lampstands, and the lampstands and the lampstands, and the lampstands and the lampstands, and the lampstands, and the lampstands, and the lampstands, and the lampstands, and the lampstands, and the lampstands, and the lampstands, and the lampstands, and the lampstands, and the lampstands, and the lampstands, and the lampstands, and the lampstands, and the lampstands, and the lampstands, and the lampstands, and the lampstands, and the lampstands, and the lampstands, and the lampstands.","When the lamps were lighted, the lamp was shining bright and bright, and the lamp was shining bright and bright.",1.7408644886674776
1348,स तस्यशीर्षाण्यसिनाशितेनकिरीटजुष्टानिसकुण्डलानि क्रुद्धःप्रचिच्छेदसुतोऽनिलस्यत्वष्टुस्सुतस्येवशिरांसिशक्रः,क्रुद्धः सः अनिलस्यसुतः तस्य कीरीटजुष्टानि सकुण्डलानि शीर्षाणि शक्रः त्वष्टुः सुतस्य शिरांसिइव शितेन असिना प्रचिच्छेद,His throne and his seat were crowned with the crown of thorns and with the crown of thorns.,"In his wrath, he was stripped of his crown of thorns and thorns, and his skin was covered with thorns and thorns, and he was torn to pieces by the devil.",7.555274477269991
1349,गजेनसमभिद्रुत्यवालिपुत्रंमहोदरः जघानोरसिसङ्कृद्धस्तोमरैर्वज्रसन्निभैः,महोदरः गजेन वालिपुत्रम् समभिद्रुत्य सङ्कृद्धः वज्रसन्निभैः तोमरैः उरसि जघान,"And to the son of Gad, and to the son of Zechariah, and to the son of Zechariah, and to Zechariah, and to Zechariah, and to Zechariah, and to Zechariah, and to Zechariah, and to Zechariah, and to Zechariah, and to Zechariah, and to Zechariah, and to Zechariah, and to Zechariah, and to Zechariah, and to Zechariah, and to Zechariah, and to Zechariah, and to Zechariah, and to Zechariah, and to Zechariah, and to Zechariah, and to Zechariah, and to Zechariah, and to Zechariah, and to Zechariah, and to Zechariah, and to Zechariah, and to Zechariah, and to Zechariah,","""My lord, the son of Gad, the son of Welch, the son of Zechariah, the son of Zechariah, the son of Zechariah, the son of Zechariah, the son of Zechariah, the son of Zechariah, the son of Zechariah, the son of Zechariah, the son of Zechariah, the son of Zechariah, the son of Zechariah, the son of Zechariah, the son of Zechariah, the son of Zechariah, the son of Zechariah, the son of Zechariah, the son of Zechariah, the son of Zechariah, the son of Zechariah, the son of Zechariah, the son of Zechariah,",13.662684802042863
1350,जगाम च पुनर्गङ्गा भगीरथरथानुगासागरं चापि सम्प्राप्ता सा सरित्प्रवरा तदा रसातलमुपागच्छत्सिद्ध्यर्थं तस्य कर्मण:,गङ्गा पुन: भगीरथरथानुगा जगाम तदा सा सरित्प्रवरा सागरम् सम्प्राप्ता अपि तस्य कर्मण: सिद्ध्यर्थम् रसातलम् उपागच्छत्,"After he had completed the world and the earth, and the sea, which was filled with fury, and when the sun came up, he saw the depths of the sea.","Once again the sea was shaken, and when it had reached the shore of the Red Sea, it was about to reach the shore, to accomplish what it had done.",6.870475384068053
1351,अयं मेषस्सवृषणश्शक्रो ह्यवृषण: कृत:मेषस्य वृषणौ गृह्य शक्रायाऽशु प्रयच्छथ,अयम् मेष: सवृषण: शक्र: अवृषण: कृत: हि मेषस्य वृषणौ गृह्य आशु शक्राय प्रयच्छथ,"""This is the voice of the lambs, the voice of the lambs, the voice of the lambs, the voice of the lambs, the voice of the lambs, the voice of the lambs, the voice of the lambs, the voice of the lambs, the voice of the lambs, the voice of the lambs, the voice of the lambs, the voice of the lambs, the voice of the lambs, the voice of the lambs, the voice of the lambs, the voice of the lambs, the voice of the lambs, the voice of the lambs, the voice of the lambs.",Sheep: Sheep: Sheep: Sheep: Sheep: Sheep: Sheep: Sheep: Sheep: Sheep: Sheep: Sheep: Sheep: Sheep: Sheep: Sheep: Sheep: Sheep: Sheep: Sheep: Sheep: Sheep: Sheep: Sheep: Sheep: Sheep: Sheep: Sheep: Sheep: Sheep: Sheep: Sheep: Sheep: Sheep: Sheep: Sheep: Sheep: Sheep: Sheep: Sheep: Sheep: Sheep: Sheep: Sheep: Sheep: Sheep: Sheep: Sheep: Sheep: Sheep: Sheep: Sheep: Sheep: Sheep: Sheep: Sheep: Sheep: Sheep: Sheep: Sheep: Sheep: Sheep: Sheep: Sheep: Sheep: Sheep: Sheep: Sheep: Sheep: Sheep: Sheep: Sheep: Sheep: Sheep: Sheep: Sheep: Sheep: Sheep: Sheep: Sheep: Sheep: Sheep: Sheep: Sheep: Sheep,0.0
1352,ततस्ते मार्गमाणा वै सुग्रीववचनातुराःचरन्ति वसुधां कृत्स्नां वयमन्ये च वानराः,ततः ते वयम् अन्ये वानराः च सुग्रीववचनातुराः मार्गमाणाः कृत्स्नाम् वसुधाम् चरन्ति,"Some of them, along the way, were dealing with the good news of the gospel, and some of us were dealing with snakes.",They grazed us and other wild beasts on the roads to preach the good news of the gospel.,19.427446513842177
1353,सीतातृतीयः काकुत्स्थः परिश्रान्तः सुखोचितःभरद्वाजाश्रमे रम्ये तां रात्रिमवसत्सुखम्,सुखोचितः परिश्रान्तः सीतांतृतीयः काकुत्स्थ: रम्ये भरद्वाजाश्रमे तां रात्रिम् सुखम् अवसत्,The seventh of them was a workaholic. He worked hard and enjoyed his labor. He slept through the night.,"She was a hard worker, a hard worker, a hard worker, a hard worker, a hard worker, a hard worker, a hard worker, a hard worker, a hard worker, a hard worker, a hard worker, a hard worker, a hard worker, a hard worker, a hard worker, a hard worker, a hard worker, a hard worker, a hard worker, a hard worker, and a hard worker.",0.2263189001258306
1354,ततस्सराक्षसोभीमस्सुमित्रानन्दवर्धनम् सावज्ञमेवप्रोवाचवाक्यंमेघौघनिस्स्वनः,ततः भीमः सःराक्षसः मेघौघनिःस्वनः सावज्ञमेव सुमित्रानन्दवर्धनम् वाक्यम् प्रोवाच,They were filled with joy and joy because they knew the words of the prophecy.,"Then the angel said, ""Rejoice! Rejoice! Rejoice! Rejoice! Rejoice! Rejoice! Rejoice! Rejoice! Rejoice! Rejoice! Rejoice! Rejoice! Rejoice! Rejoice! Rejoice! Rejoice! Rejoice! Rejoice! Rejoice! Rejoice! Rejoice! Rejoice! Rejoice! Rejoice!",0.22747567088910778
1355,समाश्वासय चैनं त्वमङ्गदं दीनचेतसम्मा भूर्बालिशबुद्धिस्त्वं त्वदधीनमिदं पुरम्,त्वम् दीनचेतसम् एनम् अङ्गदम् समाश्वासय त्वम् बालिशबुद्धिः मा भूः इदं पुरम् त्वदधीनम्,Be quick to complete your work with peace of mind and peace of mind.,"Do not be a foolish man, but do what is right in your heart.",2.9236377892525174
1356,एवं विलपमानां तां भरतः प्राञ्जलिस्तदाकौसल्यां प्रत्युवाचेदं शोकैर्बहुभिरावृताम्,तदा भरतः प्राञ्जलिः एवम् विलपमानाम् बहुभिः शोकैः आवृताम् तां कौशल्याम् इदम् प्रत्युवाच,And they filled her with grief and great mourning.,"When the crowd was filled with grief, they came to him with great sadness.",6.061512325492642
1357,ततस्ताभ्यां कुमाराभ्यां वीराभ्यां स हरीश्वरःकिष्किन्धां समुपागम्य वाली युद्धे निपातितः,ततः वीराभ्याम् ताभ्याम् कुमाराभ्याम् किष्किन्धाम् समुपागम्य हरीश्वरः सः वाली युद्धे निपातितः,He fought with the mighty warriors and the mighty warriors. He was defeated in the battle of Armageddon.,"Then the mighty men and their young women gathered together, and the Green God fell to the battle.",6.892964965915207
1358,नैवास्ति दोषो मम नूनमत्र वध्याहमस्याप्रियदर्शनस्यभावं न चास्याहमनुप्रदातु मलं द्विजो मन्त्रमिवाद्विजाय,अत्र मम दोषः नैवास्ति अहम् अप्रियदर्शनस्य अस्य वध्या अस्मि अहम् अस्य भावम् द्विजः अद्विजाय मन्त्रमिव अनुप्रदातुम् न अलम्,"Don't judge me by what I say, or by what I say, or by what I say, or by what I say, or by what I say, or by what I say, or by what I say, or by what I say, or by what I say, or by what I say, or by what I say, or by what I say, or by what I say, or by what I say, or by what I say, or by what I say, or by what I say, or by what I say, or by what I say, or by what I say.",I am guilty of this: I am speaking in a foolish way. I am not trying to persuade anyone.,0.4149556212868568
1359,इष्टबन्धुजनोनित्यंमांचनित्यमनुव्रतः इमामद्यगतोऽवस्थांममानार्यस्यदुर्नयैः,नित्यम् इष्टबन्धुजनः नित्यम् माम् अनुव्रतः अनार्यस्य मम दुर्नयैः अद्य इमाम् अवस्थाम् गतः,"For he has made a great sacrifice to the wicked, and he has made a great sacrifice to the wicked.","I was constantly in chains, and I was constantly in distress because of my troubles, and because of my sufferings, I am now in this condition.",2.657517650945838
1360,स लक्ष्मणं शोकवशाभिपन्नं शोके निमग्नो विपुले तु रामःउवाच वाक्यं व्यसनानुरूपमुष्णं विनिश्श्वस्य रुदंत्सशोकम्,विपुले शोके निमग्नः सः रामः सशोकम् रुदन् शोकवशाभिपन्नम् लक्ष्मणम् उष्णम् विनिश्वस्य व्यसनानुरूपम् वाक्यम् उवाच,"He was filled with grief and great sorrow. Instead, he cried out in tears because of unbelief.",And in the midst of great mourning he wept and wept bitterly.,2.996515740268936
1361,संपृष्टोराजपुत्रेणरामेणाक्लिष्टकर्मणा विभीषणोमहाप्राज्ञःकाकुत्थ्समिदमब्रवीत्,राजपुत्रेण अक्लिष्टकर्मण रामेण संपृष्टः महाप्राज्ञः विभीषणः काकुत्थ्सम् इदम् अब्रवीत्,"And the prince of the rich, and the mighty, and the mighty, and the wicked, and the wicked, and the wicked,","And it came to pass, that the king, the son of Achilles, the great priest, who was named Ramah,",2.4679304466763536
1362,तौमहाग्रहसङ्काशावन्योन्यंसन्निपत्य च सङ्ग्रामेशतधायातौमेदिन्यांचैवपेततुः,सङ्ग्रामे महाग्रहसङ्काशौ तौ अन्योन्यम् सन्निपत्य शतदा यातौ मेदिन्याम् पेततुः,"After the Feast of Unleavened Bread, they stayed together in the synagogue for two days.","In the synagogue there was a great feast of thanksgiving, and they walked about one hundred times.",5.351490979283507
1363,उद्भ्रान्तहृदयश्चापि विवर्णवदनोऽभवत् स धुर्योवैपरिस्पन्दन्युगचक्रान्तरं यथा,सः युगचक्रान्तरम् परिस्पन्दन् धुर्यः यथा उद्भ्रान्तहृदयः विवर्णवदनः चापि अभवत्,"His heart was filled with darkness, and he was like a cloud of smoke.","and he was turned into a hailstorm, like the hail of a broken heart.",11.980914528565991
1364,एषा प्रसन्नसलिला पद्मनीलोत्पलायुता हंसकारण्डवाकीर्णा पम्पा सौगन्धिकान्विता,प्रसन्नसलिला पद्मनीलोत्पलायुता हंसकारण्डवाकीर्णा सौगन्धिकान्विता एषा पम्पा,"It was a joyful joy to see the flames of the flames, and to hear the joy of the rainbow.","This pumpkin is happy and delicious. It is made of palm oil, salted and salted.",2.5828020030551087
1365,लक्ष्मणेन्द्रजितौवीरौमहाबलशरासनौ अन्योन्यंजघ्नतुर्बाणैर्विशिखैर्मीविक्रमौ,वीरौ महाबलशरासनौ भीमविक्रमौ लक्ष्मणेन्द्रजितौ विशिखैः बाणैः अन्योन्यम् जघ्नतुः,"and gold, and silver, and gold, and silver, and gold, and silver, and gold, and silver, and gold, and silver, and gold;",The mighty men and the mighty rulers and those who trembled and trembled were burned at the stake with their spears.,1.4780822562194806
1366,सा हि राज्यमिदं प्राप्य नृपस्याश्वपते स्सुतादुःखितानां सपत्नीनां न करिष्यति शोभनम्,नृपस्य अश्वपतेः सुता सा इदं राज्यम् प्राप्य दुःखितानाम् सपत्नीनाम् शोभनम् न करिष्यति हि,"But when she has received her kingdom, she will not put on the wives of her oppressors, nor will she put on the wives of her oppressors.","And the king's son-in-law, the king's son-in-law, will receive the kingdom, and will not glorify his poor wife.",4.300662553696791
1367,मयातुहितकामेवयशश्चपरिरक्षता स्नेहप्रसन्नमनसाहितमित्यप्रियंकृतम्,हितकामेन यशश्च परिरक्षता स्नेहप्रसन्नमनसा मया हितम् इति अप्रियम् कृतम्,"I am well pleased with you, I am well pleased with you, I am well pleased with you, I am well pleased with you, I am well pleased with you, I am well pleased with you, I am well pleased with you, I am well pleased with you, I am well pleased with you, I am well pleased with you, I am well pleased with you, I am well pleased with you, I am well pleased with you, I am well pleased with you.","I have loved goodness and prosperity, perseverance and love, joy and gladness.",0.5181694950969821
1368,लङ्काया वचनं श्रुत्वा हनुमान् मारुतात्मजःयत्नवान्स हरिश्रेष्ठः स्थितश्शैल इवापरः,मारुतात्मजः हरिश्रेष्ठः सः हनुमान् लङ्कायाः वचनम् श्रुत्वा यत्नवान् अपरः शैलः स्थितः इव,"When they heard the word of the Lamb, they came to Hanun, the man who was trying to kill him.","When he heard the word of the serpent, he looked for it, as if another stone had been set up.",17.855149299161603
1369,सर्वायुधसमायुक्तंतूणीभिश्चस्वलङ्कृतम् रराजगजमास्थायसवितेवास्तमूर्धनि,सर्वायुधसमायुक्तः तूणीभिश्चा स्वलङ्कृतः गजम् आस्थाय अस्तमूर्धनि सवितेव रराज,They have all been killed in battle; they have been stripped of their crowns and put to death.,"He has become a man of war, a man of great violence, a man of great violence, a man of few words, a man of few words, a man of few words, a man of few words.",0.6857769304691761
1370,यदि न प्रत्ययोऽस्मासु विक्रमे तव वानरप्रत्ययं समरे श्लाघ्यमहमुत्पादयामि ते,वानर विक्रमे अस्मासु तव प्रत्ययः न यदि अहम् समरे श्लाघ्यम् प्रत्ययम् ते उत्पादयामि,"But if we do not trust you, I will give you glory in your faithfulness.","We have no confidence in the sale of monkeys. If I boast about them, I will produce them.",7.644665980544015
1371,न द्विजातिरहं राजन्मा भूत्ते मनसो व्यथाशूद्रायामस्मि वैश्येन जातो जनपदाधिप,जनपदाधिप राजन् न अहम् द्विजातिः न ते मनसः व्यथा माभूत् वैश्येन शूद्रायाम् जातः अस्मि,"I am not one of the nations, nor one of the kingdoms, nor one of the kingdoms, nor one of the kingdoms, nor one of the kingdoms, nor one of the kingdoms, nor one of the kingdoms, nor one of the kingdoms, nor one of the kingdoms, nor one of the kingdoms, nor one of the kingdoms, nor one of the kingdoms, nor one of the kingdoms, nor one of the kingdoms, nor one of the kingdoms, nor one of the kingdoms, nor one of the kingdoms, nor one of the kingdoms.","I am not a ruler of the people, I am not a ruler of the people, I am not a tyrant, I am not a tyrant.",1.9961767417214047
1372,न हिप्रतिज्ञांकुर्वन्तिवितथांसत्यवादिनः लक्षणंहिमहत्त्वस्यप्रतिज्ञापरिपालनम्,सत्यवादिनः प्रतिज्ञाम् वितथाम् न कुर्वन्तिहि प्रतिज्ञापरिपालनम् महत्त्वस्य लक्षणंहि,"It is not a sign of false promises, but of the fulfillment of promises.",A man who is sincere is a sign that he is faithful to what he has promised.,5.133162742626526
1373,रजन्यामप्रकाशश्चसन्तापयतिचन्द्रमाः कृष्णरक्तांशुपर्यन्तोयथालोकस्यसंक्ष्ये,लोकस्य संक्ष्येयथा कृष्णरक्तांशुपर्यन्तः अप्रकाशः चन्द्रमाः रजन्याम् सन्तापयति,"The moon will be turned into black blood, and the moon will be turned into darkness.","The moon will be full of darkness, and the moon will be full of darkness.",43.34366012758324
1374,सत्यं च धर्मं च पराक्रमं च भूतानुकम्पां प्रियवादितां चद्विजातिदेवातिधिपूजनं च पन्थानमाहुस्त्रिदिवस्य सन्तः,सत्यं च धर्मं च पराक्रमं च भूतानुकम्पाम् प्रियवादितां च द्विजातिदेवातिथिपूजनं च त्रिदिवस्य पन्थानम् सन्तः आहुः,"the days of truth, righteousness, power, love of evil spirits, worship of false gods,","For three days they were gathered together to worship truth, righteousness, power, and evil spirits, and lovers of demons.",26.221399190608324
1375,स मे हरिश्रेष्ठ सलक्ष्मणं पतिं सयूथपं क्षिप्रमिहोपपादयचिराय रामं प्रति शोककर्शितां कुरुष्व मां वानरमुख्य हर्षिताम्,हरिश्रेष्ठ सः सलक्ष्मणम् सयूथपम् पतिम् क्षिप्रम् इह उपपादय वानरमुख्य रामं प्रति चिराय शोककर्शिताम् माम् हर्षिताम् कुरुष्व,"I was greeted with a greeting, a greeting, a greeting, a greeting, a cry, a cry, a cry, a cry, a cry, a cry, a cry, a cry, a cry, a cry, a cry, a cry, a cry, a cry, a cry, a cry, a cry, a cry, a cry, a cry, a cry, a cry, a cry, a cry, a cry, a cry, a cry, a cry, a cry, a cry, a cry, a cry, a cry, a cry, a cry, a cry, a cry, a cry, a cry, a cry, a cry.","When she came to me, I saw her crying and mourning for Ram, the monkey's head.",0.3636483855236668
1376,मम भर्तामहातेजा वयसा पञ्चविंशकः अष्टादश हि वर्षाणि मम जन्मनि गण्यते,महातेजाः मम भर्ता वयसा पञ्चविंशकः मम जन्मनि अष्टादश वर्षाणि गण्यते,My grandmother was fifty-eight years old when I was born.,"My grandmother, my age is fifty-eight years old.",18.36028134946796
1377,यदि पुत्र न जायेथा मम शोकाय राघवन स्म दुःखमतो भूयः पश्येयमहमप्रजाः,पुत्र राघव मम शोकाय न जायेथाः यदि अहम् अप्रजाः अतः भूयः दुःखम् न स्म पश्येयम्,"If my son is not gone, I will be grieved, and the earth will be filled with grief.","Son of Raguv, do not grieve me. If I am unborn, the earth will not grieve.",8.896962872669691
1378,इत्येवं विलपन्रामः परिधावन्वनाद्वनम्क्वचिदुद्भ्रमते वेगात्क्वचिद्विभ्रमते बलात् क्वचिन्मत्त इवाभाति कान्तान्वेषणतत्परः,रामः इत्येवम् विलपन् वनात् वनम् परिधावन् क्वचित् वेगात् उद्भ्रमते क्वचित् बलात् विभ्रमते क्वचित् कान्तान्वेषणतत्परः मत्तः इव आभाति,"For we are driven by temptation, we are driven by temptation, we are driven by temptation, we are driven by temptation, we are driven by temptation.",The ram has gone through the wilderness; he has gone by speed; he has gone by force; he has gone by force; he has come like a wild boar.,1.5396845846758727
1379,यथा नन्दति तेजस्वी सागरो भास्करोदये प्रीतः प्रीतेन मनसा तथाऽनन्दघन स्स्वतः,स्वतः आनन्दघनः तेजस्वी सागरः भास्करोदये यथा नन्दति तथा प्रीतेन मनसा प्रीतः,"Love is like the waves of the sea, like the waves of the sea. Love is like the waves of the sea. Love is like the waves of the sea. Love is like the waves of the sea. Love is like the waves of the sea. Love is like the waves of the sea. Love is like the waves of the sea. Love is like the waves of the sea. Love is like the waves of the sea. Love is like the waves of the sea. Love is like the waves of the sea. Love is like the waves of the sea. Love is like the waves of the sea.","He is like the waves of the sea, like the waves of a raging sea.",9.052529492522284
1380,तं दृष्ट्वा पतितं भूमौ क्षतजार्द्रं जटायुषम् अभ्यधावत वैदेही स्वबन्धुमिव दुःखिता,वैदेही भूमौ पतितम् क्षतजार्द्रम् तं जटायुषम् दृष्ट्वा दुःखिता स्वबन्धुमिव अभ्यधावत,"When he saw her falling to the ground, he fell down on his knees and fell down with grief.","When the stranger saw that the man was lying on the ground and was being bound, he was moved with grief.",10.114058047919903
1381,स तेनसहसैन्येनसन्निकर्षंमहायशाः शीघ्रमागम्यरामायदुःखितोवाक्यमब्रवीत्,महायशाः सः तेन सैन्येनसह शीघ्रम् सन्निकर्षम् आगम्य दुःखितः रामाय वाक्यम् अब्रवीत्,So he went with them and told them a terrible message.,"The king came with his army soon after the year was over, and told them the words of Ramayana.",6.7657746655658375
1382,मनुजेन्द्रार्थरूपेणयदुक्ततुहनूमता तदयुक्तमहंमन्येसागरस्येवशोषणम्,मनुजेन्द्र आर्थरूपेण हनूमता सु यत् उक्त तत् सागरस्य शोषणम् इव अयुक्तम् अहम् मन्ये,"And he said to the man, ""My heart is like the sea, and the waters are like the waters of the sea.",And I thought that the words of Hanukkah were like the sound of the sea.,11.556647985416683
1383,एवं ब्रुवाणं सौमित्रिं रामस्सन्तापमोहितःअब्रवीद्दुष्कृतं सौम्य तां विना यत्त्वमागतः,एवम् ब्रुवाणम् सौमित्रिम् सन्तापमोहितः रामः अब्रवीत् सौम्य यत् त्वम् तां विना आगतः दुष्कृतम् कृतम्,"And the bride and the groom, and the bride and the groom, and the bride and the groom, and the bride and the groom, and the bride and the groom, and the bride and the groom, and the bride and the groom, and the bride and the groom, and the groom and the groom,","""Thou hast done wickedly without her, "" said Abram, her beloved and dearest friend.",0.7567143835953722
1384,मृदुशष्पाङ्कुराहारान्निर्भयान्वनगोचरान्चरतस्सर्वतौऽपश्यन् स्थलीषु हरिणान् स्थितान्,मृदुशष्पाङ्कुराहारान् निर्भयान् वनगोचरान् स्थलीषु सर्वतः चरतः स्थितान् हरिणान् अपश्यन्,"When they saw the birds of prey, they were terrified, and they lay on the ground with their faces covered with grass.",They saw grasshoppers on every side of the field. They were not afraid of the grasshoppers.,2.4499322504239376
1385,स बाणैरतिविद्धाङ्गःक्षतजेनसमुक्षितः रुधिरंपरिसुस्रावगिरिःप्रस्रवणंयथा,बाणैः अतिविद्धाङ्गः क्षतजेन समुक्षितः सः गिरिः प्रस्रवणयथा रुधिरम् परिसुस्राव,"He was a man who had been stabbed in the back of a wounded man's throat, and who had been stabbed in the back of a paralyzed man's throat.","He was wounded by arrows, and his body was covered with blood.",3.7541625264671095
1386,स याच्यमानः काकुत्स्थः स्वाभिः प्रकृतिभिस्तदाकुर्वाणः पितरं सत्यं वनमेवान्वपद्यत,सः काकुत्स्थ: तदा स्वाभिः प्रकृतिभिः याच्यमानः पितरम् सत्यम् कुर्वाणः वनमेव अन्वपद्यत,"When he asked, some of them stood by themselves and told the truth to the Father.","When he heard this, he said, ""Peter, who asked by nature, is the only one who can speak the truth"".",4.512479287941394
1387,अद्यतूत्तमवीर्येण त्वया राम महाबलश्रुतवान् धनुषो भेदं ततोऽहं द्रुतमागत:,महाबल राम अद्य उत्तमवीर्येण त्वया धनुष: भेदम् श्रुतवान् अहम् तत: द्रुतम् आगत:,"For today you have made a great noise, and you have made a great bow. So I hurried and came to you.","Thou art a mighty warrior, thou art a mighty warrior. I have heard the secret, and I have come quickly.",4.3874551379729745
1388,किं जीवितेनेह विना त्वया मेलोकेन वा किं स्वधयाऽमृतेनश्रेयो मुहूर्तं तव सन्निधानं ममेह कृत्स्नादपि जीवलोकात्,त्वया विना मे इह जीवितेन किम् लोकेन स्वधया अमृतेन वा किम् मम इह कृत्स्नात् जीवलोकात् अपि मुहूर्तम् तव सन्निधानम् श्रेयः,"How much more valuable are you to me than to live, or to die, even though you have given me life!",Is it right for me to live and die without you? Is it right for me to live and die without you?,4.449945957170705
1389,नानापताकध्वजशस्त्रजुष्टंप्रासासिशूलायुथवज्रजुष्टम् कस्येदमक्षोभ्यमभीरुजुष्टंमहेन्द्रोपमनागजुष्टम्,नानापताकध्वजशस्त्रजुष्टम् प्रासासिशूलायुथवज्रजुष्टम् अभीरुजुष्टम् महेन्द्रोपमनागजुष्टम् अक्षोभ्यम् इदम् सैन्यम् कस्य,"Then he went to the temple, wearing a garment of fine linen and a pair of scissors.","These are the armies of the Gentiles, dressed in fine linen, clothed in fine linen, clothed in fine linen, clothed in fine linen, clothed in fine linen, clothed in fine linen, clothed in fine linen, clothed in fine linen, clothed in fine linen, clothed in fine linen, clothed in fine linen, clothed in fine linen, clothed in bright linen, clothed in bright linen, clothed in bright linen, clothed in bright linen, clothed in bright linen, clothed in bright linen, clothed in bright linen, clothed in bright linen.",0.049236795485585086
1390,स्वयं कार्याणि यः काले नानुतिष्ठति पार्थिवःस तु वै सह राज्येन तैश्च कार्यैर्विनश्यति,पार्थिवः काले कार्याणि नानुतिष्ठति राज्येन सह तैः कार्यैश्च सह विनश्यति,And he who does not rule in darkness will rule with them in the kingdom.,"The earth will be destroyed along with the works of darkness, and the kingdom will be destroyed along with them.",5.467998969312429
1391,ते गत्वा दूरमध्वानं गतेऽर्धदिवसे तदाजाह्नवीं सरितां श्रेष्ठां ददृशुर्मुनिसेविताम्,ते दूरम् अध्वानम् गत्वा तदा अर्धदिवसे गते मुनिसेविताम् सरिताम् श्रेष्ठाम् जाह्नवीम् ददृशु:,"So they went a day and a half away, and they found the best of them at that time.","On a journey of about a day and a half, they saw a woman standing in a stable.",19.69221590285716
1392,एतावदभिनीतार्थमुक्त्वा स जननीं वचःत्रयश्शतशतार्धाश्च ददर्शा वेक्ष्य मातरः,सः अभिनीतार्थम् एतावत् वचः उक्त्वा आवेक्ष्य त्रयः त्रयश्शतशतार्धा: मातरः च ददर्श,"At that time, and after three and a half years, he saw his mother, who had given birth to him.","After he had said these things to the angel, three and a half hundred years later he saw his mother and his son.",21.732087828387044
1393,या गतिस्सर्वभूतानां तां गतिं ते पिता गतः राजा महत्मा तेजस्वी यायजूकस्सतां गतिः,राजा महात्मा तेजस्वी यायजूकः सताम् गतिः ते पिता सर्वभूतानाम् या गतिः तां गतिम् गतः,"And the speed of all these things was like the speed of the king, and the speed of his majesty, and the speed of his shouting.","The king, the great and the glorious, the mighty and the mighty, the mighty and the mighty, the mighty and the mighty, the mighty and the mighty, the mighty and the mighty, the mighty and the mighty, the mighty and the mighty, the mighty and the mighty, the mighty and the mighty, the mighty and the mighty, the mighty and the mighty, the mighty and the mighty, the mighty and the mighty,",0.6854023162984282
1394,रथानश्वान् द्रुमैश्शैलैस्तेप्रचिक्षिपुराहवे शरौघैःप्रतिचिच्छेदतान्यूपाक्षोनिशाचरः,आहवे रथान् अश्वान् द्रुमान् शैलान् प्रतिचिक्षिपुः निशाचरः यूपाक्षः तान् शरौघैः चिच्छेद,"and the chariots, and the chariots, and the chariots, and the chariots, and the chariots, and the chariots, and the chariots, and the chariots, and the chariots, and the chariots.","They came with chariots and horses, and they came with stones and spears, and they came with horsemen and horsemen.",3.182498075985838
1395,ऐश्वर्यं वानराणां च दुर्लभं वालिपालितम्अस्या निमित्ते सुग्रीवः प्राप्तवान् लोकसत्कृतम्,अस्याः निमित्ते सुग्रीवः वालिपालितम् दुर्लभम् लोकसत्कृतम् वानराणाम् ऐश्वर्यम् प्राप्तवान्,"And for the sake of the rich, the rich and the needy, the rich and the poor, the rich and the needy, the poor and the needy,","For this reason, he was richly endowed with the richness of the wild beasts of the earth.",2.9171735901692597
1396,उत्पातवाताभिहता नानाद्विजगणायुताःमाभैरिति विधूताग्रा व्याजह्रुरिव पादपाः,उत्पातवाताभिहताः नानाद्विजगणायुताः पादपाः विधूताग्राः मा भैः इति व्याजह्रुः इव,"I have become a widow, and I have become a burden to the poor and needy, and I have become a burden to the poor and needy.","Be like a beggar who cries out, ""Do not let your feet be widows"".",1.6338984401221652
1397,सुभगा खलु कौशल्या यस्याः पुत्रोऽभिषेक्ष्यतेयौवराज्येन महता श्वः पुष्येण द्विजोत्तमैः,यस्या: पुत्र: श्व: पुष्येण द्विजोत्तमै: महता यौवराज्येन अभिषेक्ष्यते कौशल्या सुभगा खलु,"She is a wise and intelligent woman, and her son is more valuable than a young woman. She is more like a donkey than a heifer.","Isaiah says: ""A son is born, a son is born, a son is born, a son is born, a son is born, a son is born, a son is born, a son is born, a son is born, a son is born, a son is born, a son is born, a son is born, a son is born, a son is born, a son is born, a son is born, a son is born, a son is born, a son is born, and a daughter is born, and a daughter is born, and a daughter is born, and a daughter is born, and a daughter is born, and a daughter is born.",0.10423353329455855
1398,अन्येतुपरमसङ्कृक्रुद्धाराक्षसाभीमनिश्वना: तलैरेवाभिधावन्तिवज्रस्पर्शसमैर्हरीन्,भीमविक्रमाः अन्ये राक्षसाः परमसङ्कृक्रुद्धाः वज्रस्पर्शसमैः तलैरेव हरीन् अभिधावन्ति,Others were filled with fierce anger and anger. They were seated in beds with their hands touching them.,"And there will be wild beasts, and wild beasts, and wild beasts, and wild beasts, and wild beasts, and wild beasts, and wild beasts, and wild beasts, and wild beasts, and wild beasts, and wild beasts, and wild beasts, and wild beasts, and wild beasts, and wild beasts, and wild beasts, and wild beasts, and wild beasts, and wild beasts, and wild beasts, and wild beasts, and wild beasts, and wild beasts, and wild beasts, and wild beasts, and wild beasts.",0.029387000026954543
1399,इन्द्रलोकं गतो राजा स्वार्जितेनैव कर्मणाराज्ये भगीरथं पुत्रमभिषिच्य नरर्षभ:,नरर्षभ: राजा पुत्रम् भगीरथम् राज्ये अभिषिच्य स्वार्जितेनैव कर्मणा एव इन्द्रलोकम् गत:,"When the king of Indra went away, he made his son a slave.","Manasseh went to Indra, doing what he had desired.",3.9297193407553013
1400,एवं मां परिभाषन्तं कस्माद्वै नाभिभाषथः सुग्रीवो नाम धर्मात्मा कश्चिद्वानरयूथपःवीरो विनिकृतो भ्रात्रा जगद्भ्रमति दुःखितः,एवम् परिभाषन्तम् माम् कस्मात् नाभिभाषथः सुग्रीवो नाम वीरः धर्मात्मा कश्चित् वानरयूथपः भ्रात्रा विनिकृतः दुःखितः जगत् स भ्रमति,"He asked me to explain to you what I meant. ""A man named Sugebos, a righteous man, a violent man, a violent man, a violent man, was distressed because his brother was deceived by the world.","So they said to me, ""A man named Sugev, a valiant and upright man, a monkey, a young man, a brother killed, distressed and deceived by the world.",21.17653509879833
1401,किन्नु तत्कारणं येन रामो दृढपराक्रमःरक्षसापहृतां भार्यामिष्टां नाभ्यवपद्यते,तत् कारणम् किं नु येन दृढपराक्रमः रामः रक्षसा अपहृताम् इष्टाम् भार्याम् नाभ्यवपद्यते,But it is for this reason that the strongholds of Rome are not burdened by the strongholds of the bodyguard.,"Why, then, does not the perseverance of the flock carry a burden? Does not the desire to capture the flock carry a burden?",3.432155985376349
1402,तच्छलक्ष्णसुव्यक्तमृदुप्रलापं तस्या मुखं कुञ्चितकेशभारम्रक्षोवशं नूनमुपागताया न भ्राजते राहुमुखे यथेन्दुः,रक्षोवशम् उपागतायाः तस्याः श्लक्ष्णसुव्यक्त मृदुप्रलापम् कुञ्चितकेशभारम् तत् मुखम् राहुमुखे इन्दुः यथा न भ्राजते नूनम्,"""A foolish man is like a man with a bad skin, with no hair and no hair. He does not like to be salted with salt or pepper, because his mouth is filled with water.","She was of noble birth. Her beauty was pure, soft, and she weighed only a fraction of her hair. Her face was like stainless salt.",2.676151223648335
1403,भातिरक्षोराजोऽसौप्रदीप्त्तैर्भीमविक्रमैः भूतैःपरिवृतस्तीक्ष्णैर्देहवद्भिरिवान्तकः,प्रदीप्त्तै: भीमविक्रमैः तीक्ष्णैः देहवद्भिः परिवृत भूतैः असौ रक्षोराजः अन्तकःइव भाति,"He is a man of sorrows and acquainted with grief, a man of sorrows and acquainted with grief.","These are the wicked spirits of the wicked, the evil spirits of the deceitful, the evil spirits of the wicked.",2.3305025167765567
1404,लङ्का चापि मया रात्रौ प्रविष्टा राक्षसाकुलारावणश्च मया दृष्टस्त्वं च शोकपरिप्लुता,राक्षसाकुला लङ्का चापि मया रात्रौ प्रविष्टा मया रावणश्च दृष्टः शोकपरिप्लुता त्वं च,"When I came in the middle of the night, I saw dragons and dragons, and I was filled with grief.","""When I went in at night, I saw a raven and a raven, and I saw a thunderstorm, and I saw a thunderstorm, and I saw a thunderstorm, and I saw a thunderstorm, and I saw a thunderstorm, and I saw a thunderstorm, and I saw a thunderstorm, and I saw a thunderstorm, and I saw a thunderstorm, and I saw a thunderstorm, and I saw a thunderstorm, and I saw a thunderstorm, and I saw a thunderstorm, and I saw a thunderstorm.",0.6277996800642083
1405,कृत्रिमां दीर्घिकां चापि पूर्णां शीतेन वारिणामणिप्रवरसोपानां मुक्तासिकतशोभिताम् विविधैर्मृगसङ्घैश्च विचित्रां चित्रकाननाम्प्रासादैस्सुमहद्भिश्च निर्मितैर्विश्वकर्मणा काननैः कृत्रिमैश्चापि सर्वतः समलङ्कृताम्,शीतेन वारिणा पूर्णाम् मणिप्रवरसोपानाम् मुक्तासिकतशोभिताम् विविधैः मृगसङ्घैश्च विचित्राम् चित्रकाननाम् विश्वकर्मणा निर्मितैः सुमहद्भिः प्रासादैः कृत्रिमैः काननैश्चापि सर्वतः समलङ्कृताम् कृत्रिमाम् दीर्घिकां चापि,"They were made of silk, cotton, silk, silk, and various kinds of cattle. They were made of earthenware, silk and cotton. They were made by craftsmen and craftsmen.","silk or clay, or clay, or fine linen, or fine linen, or any other material, made of clay or graphite, or of clay or clay, or of wood, or of fine linen, or of fine linen, or of fine linen, or of fine linen, or of fine linen, or of fine linen, or of fine linen, or of fine linen, or of fine linen, or of fine linen, or of fine linen, or of wool, or of fine linen, or of fine linen, or of fine linen, or of fine linen, or of fine linen, or of fine linen, or of fine linen, or of fine linen, or of fine linen or of some other material.",0.15206793297408677
1406,ततोदशग्रीवमुपस्थितास्तेचाराबहिर्नित्यचरानिशाचराः गिरेस्सुवेलस्यसमीपवासिनंन्यवेदयन्भीमबलंमहाबलाः,तत: ते चारा बहिर् नित्यचरा निशाचरा उपस्थिता दशग्रीवम् न्यवेदयन् महाबला भीमबलम् गिरे सुवेलस्य समीपवासिनम्,"They came to the tombs. They were covered with dust, and the rulers of the city and the inhabitants of the surrounding area were terrified.","They went out into the field, laying on their beds, and laying down ten sheep, many of them large and mighty, who had fallen by the wayside of Saul.",3.1395415806834404
1407,ततः पर्णकुटीद्वारमासाद्य जगतीपतिःपरिजग्राह बाहुभ्यामुभौ भरतलक्ष्मणौ,ततः जगतीपतिः पर्णकुटीद्वारम् आसाद्य बाहुभ्याम् भरतलक्ष्मणौ उभौ परिजग्राह,"Then came the golden eagle, the prince of the world, the prince of darkness, the prince of many peoples, and the prince of light.","Then the prince of the world came to the throne, the throne of heaven, the throne of heaven, and the throne of heaven.",21.49117241717514
1408,ततो दुःखाभिसन्तप्तो लक्ष्मणो वाक्यमब्रवीत् विचरन्दण्डकारण्यं भ्रातरं दीप्ततेजसम्,ततः दुःखाभिसन्तप्तः लक्ष्मणः दण्डकारण्यम् विचरन् दीप्ततेजसम् भ्रातरम् वाक्यम् अब्रवीत्,"He was saddened and filled with grief, and said, ""The light has shone on our brother's side, because he has fallen asleep"".","He was saddened, and was about to be punished. Then the lightning came on, and he spoke to his brother.",7.432998184513635
1409,तेषां नृपो वच: श्रुत्वा कृताञ्जलिरभाषतविश्वामित्रं महात्मानं तौ चोभौ रामलक्ष्मणौ,नृप: तेषाम् वच: श्रुत्वा कृताञ्जलि: महात्मानम् विश्वामित्रम् तौ उभौ रामलक्ष्मणौ अभाषत,"""When they heard this, "" he replied"", the Spirit spoke to them in tongues and faith, and they stole the lambs and the goats.","When the king heard this, he said, ""My dear friend and fellow believer, let the lambs speak to you"".",8.218074077265651
1410,हा राघव महाबाहो हा ममाऽयासनाशनहा पितृप्रिय मे नाथ हाऽद्य क्वासि गतस्सुत,महाबाहो हा राघव मम आयासनाशन हा हा पितृप्रिय मे नाथ हा सुत क्व गतः असि,"""Woe to you, O king! Woe to you, O king! Woe to you, O king! Woe to you, O king! Woe to you, O king! Woe to you, O king! Woe to you, O king! Woe to you, O king! Woe to you, O king! Woe to you, O king! Woe to you, O king! Woe to you, O king! Woe to you, O king!","Hail, Hail, Hail, Hail, Hail, Hail, Hail, Hail, Hail, Hail, Hail, Hail, Hail, Hail, Hail, Hail, Hail, Hail, Hail, Hail, Hail, Hail, Hail, Hail, Hail, Hail, Hail, Hail, Hail, Hail, Hail, Hail, Hail, Hail, Hail, Hail, Hail, Hail, Hail, Hail, Hail, Hail, Hail, Hail, Hail, Hail, Hail, Hail, Hail, Hail, Hail, Hail, Hail, Hail, Hail, Hail, Hail, Hail, Hail, Hail, Hail, who is the name of the name of the name of the name of the name of the name of the name of the name of the name of the name of the name of the name of the name of the name of the name of the name of the name of the name of the name of the name of the name of the name of the name of",0.24748312939679057
1411,त्वमेवास्य हि दाता च परित्राता च सर्वशःभयेष्वभयदश्चैव यथाऽहं प्लवगेश्वर,प्लवगेश्वर अहम् यथा त्वमेव अस्य पिता दाता सर्वशः परित्राता च भयेषु अभयदश्चैव,May your God and Savior be feared and trembled in all things.,"""I am God the Father, the Savior and Savior of all men,",6.299392144493405
1412,वनवासं वसन्नेव शुचिर्नियतभोजनः मूलपुष्पफलैः पुण्यैः पित्रून् देवांश्च तर्पयन् सन्तुष्टपञ्चवर्गोऽहं लोकयात्रां प्रवर्तये अकुह श्श्रद्धधानस्सन्कार्याकार्यविचक्षणः,अहम् शुचिः नियतभोजनः पुण्यैः मूलैः पुष्पैः फलैः पित्रून् देवांश्च तर्पयन् सन्तुष्टपञ्चवर्गः अकुहः श्रद्धधानस्सन् कार्याकार्यविचक्षणः एवम् वनवासम् वसन् लोकयात्राम् प्रवर्तये,"I have lived in the wilderness, in clean places, in good manners, in good deeds, in obedience to my Father and to God. For five years I have traveled abroad, worked hard, worked hard,","I have eaten clean food and good things, roots and flowers and fruits, and I have served God my father. I have lived happily ever after, I have worked hard in godly devotion, I have traveled in the wilderness.",8.965871788451798
1413,नागानां मथ्यमानानामसुराणां च राघव राक्षसानां च दुर्धर्षस्सत्त्वानां निनदोऽभवत्,राघव मथ्यमानानाम् नागानाम् असुराणां च राक्षसानां च सत्त्वानाम् दुर्धर्ष: निनद: अभवत्,"They were denounced by snakes, snakes, snakes, snakes, and vipers.","Woe to the dragon, to the foxes, to the serpents, to the scorpions, and to the devils!",4.14441534310605
1414,विदितः स हि धर्मज्ञः शरणागतवत्सलः तेन मैत्री भवतु ते यदि जीवितुमिच्छसि,धर्मज्ञः सः शरणागतवत्सलः विदितः हि जीवितुम् इच्छसि यदि ते तेन मैत्री भवतु,"He knew that he was a righteous man who had surrendered to him and that if he wanted to live, he would be his friend.","The righteous man knows that he has been betrayed for years, and if he wants to live, he must be friends with them.",13.872638167626056
1415,सन्ध्याकालमनाः श्यामा ध्रुवमेष्यति जानकीनदीं चेमां शुभजलां सन्ध्यार्थे वरवर्णिनी,श्यामा वरवर्णिनी जानकी सन्ध्याकालमनाः शुभजलाम् इमां नदीम् सन्ध्यार्थे ध्रुवम् एष्यति,"And at dusk she will turn from the darkness of darkness to the darkness of light, and from the darkness of light to the light of light.","When the sun sets, the sun will be shining in the darkness, and the sun will be shining in the darkness.",5.064476165466095
1416,गतासुर्भीमवेगस्तुनैरृतेन्द्रोमहाद्युतिः पपातस्यन्दनाद्भूमौवृत्रोवज्रहतोयथा,भीमवेगः महाद्युतिः नैरृतेन्द्रः गतासुः वज्रहतः वृत्रःयथा स्यन्दनात् भूमौ पपात,"A great storm came from heaven, and a great storm was pouring out of the valley.","There was lightning, lightning, and thunder. The winds blew like smoke, and they all fell to the ground.",4.09118841791307
1417,ततः कृतोदकं स्नातं तं गृध्रं हरियूथपाःउपविष्टा गिरौ रम्ये परिवार्य समन्ततः,ततः हरियूथपाः कृतोदकम् स्नातम् तं गृध्रम् समन्ततः परिवार्य रम्ये गिरौ उपविष्टाः,So he took him home and put him on a green leaf. Then he sat down and enjoyed it with all his family.,Then Herodotus and his family took him and sat down at the table.,5.928330061638001
1418,देवतानां वचश्श्रुत्वा सर्वलोकमहेश्वर:बाढमित्यब्रवीत्सर्वान्पुनश्चैवमुवाच ह,सर्वलोकमहेश्वर: देवतानाम् वच: श्रुत्वा बाढम् इति अब्रवीत् पुनश्च एवम् उवाच ह,"When the people heard the voice of the gods, the people grew up together and worshiped the Lord.","And all the people said to the gods, ""Let it be done! "" And again he said, ""Let it be done!""",6.007188602261411
1419,निरायुधानांद्रवतामसङ्गगतिपौरुषाः दाराह्युपहसिष्यन्ति स वैघातस्तुजीवताम्,असङ्गगतिपौरुषाः निरायुधानाम् द्रवताम् दाराः उपहसिष्यन्ति जीवताम् सः घातःवै,Those who walk untruthfully in the wilderness will be thrown into the valley of the shadow of death.,The wicked will enter the gates of eternal life in perplexity.,3.0272532566104675
1420,सहसा युद्धशौण्डेन हयारोहेण वाहिताम् निहतां प्रतिसैन्येन वडवामिव पातिताम्,युद्धशौण्डेन हयारोहेण सहसा वाहिताम् प्रतिसैन्येन निहताम् पातिताम् वडवामिव,"When they heard the sound of war, the winds blew, and the soldiers fell to their knees.","With the sound of a trumpet, the wind and the waves blew against the army.",11.154288433080788
1421,अथवात्वंप्रतिष्टब्धो न निवर्तितुमिच्छसि तिष्ठप्राणान् परित्यज्यगमिष्यसियमक्ष्यम्,अथवा त्वम् प्रतिष्टब्धः निवर्तितुम् न इच्छसि तिष्ठ प्राणान् परित्यज्य यमक्ष्यम् गमिष्यसि,"or you will not go back to your mother, or you will leave her and come to her.","Or if you refuse to go back, you will leave your body and go to your mother's house.",11.986062961075747
1422,स तं मणिवरं गृह्य श्रीमान्प्लवगसत्तमः प्रणम्य शिरसा देवीं गमनायोपचक्रमे,श्रीमान् सः प्लवगसत्तमः मणिवरम् गृह्य देवीम् शिरसा प्रणम्य गमनाय उपचक्रमे,He took the money and bowed his head to the goddess.,Then he took a piece of plum money and bowed his head to the goddess.,52.2535597476003
1423,आगतः क्रूरकार्यायाः कैकेय्या भरतस्सुतःतमहं द्रष्टुमिच्छामि भरतं दीर्घदर्शिनम्,क्रूरकार्यायाः कैकेय्याः सुतः भरतः आगतः दीर्घदर्शिनम् तं भरतम् अहम् द्रष्टुम् इच्छामि,"When I came here, I wanted to see how many hardships I had to endure.",I would like to see him sleeping in a bed full of hard laborers.,5.439330544349823
1424,ततस्तेष्ववसन्नेषु भूमौ निपतितेषु चतत्सैन्यमगमत्सर्वं दिशोदश भयार्दितम्,तेषु अवसन्नेषु भूमौ निपतितेषु च ततः सर्वम् तत् सैन्यम् भयार्दितम् दश दिशः अगमत्,"When they saw the four armies coming, they were terrified and fell to the ground.","When they came down and fell on the ground, the army was terrified and prophesied from ten directions.",8.107841474081335
1425,पदातयश्चबहवोमहानादामहाबलाः अन्वयूराक्षसाभीमाभीमाक्षाश्शस्त्रपाणयः,महानादा महाबलाः भीमाः भीमाक्षाः शस्त्रपाणयः बहवः राक्षसाः पदातयः अन्वयू,"The great and mighty men, the mighty and the mighty, the mighty and the mighty, the mighty and the mighty, the mighty and the mighty,","the great and mighty, the mighty, the mighty, the armed, the mighty, the mighty, the mighty,",42.569953496942816
1426,त्वया ह्यनुगृहीतेन राज्यं शक्यमुपासितुम् त्वद्वशे वर्तमानेन तव चित्तानुवर्तिनाशक्यं दिवं चार्जयितुं वसुधां चापि शासितुम्,त्वया अनुगृहीतेन त्वद्वशे वर्तमानेन तव चित्तानुवर्तिना राज्यम् उपासितुम् शक्यम् दिवम् आर्जयितुं च वसुधाम् चापि शक्यम्,"So that you may take possession of the kingdom in which you are now enthroned, and have dominion over it in the time of your coming destruction.","For you have granted us the right to worship the kingdom of your will, both day and day.",4.5762708103494685
1427,तेदृष्टवावानराःसर्वेराक्षसान् युद्धकाङ् क्षिणः मुमुचुर्विविधान्नादांतत्ररामस्यपश्यतः,सर्वे तेवानराः युद्धकाङ्क्षिणः राक्षसान् दृष्टवा तस्य रामस्य पश्यतः विविधान् नादान् मुमुचुः,"When they saw the horsemen, all their weapons of war, and their faces, and their teeth, and their faces, they were astonished.","When they saw the beast, and the beast, and the beast, and the beast, and the beast, and the beast, and the beast, and the beast, and the beast, and the beast, and the beast, and the beast, and the beast, and the beast, and the beast, and the beast, and the beast, and the beast, and the beast, and the beast, and the beast, and the beast, and the beast, and the beast, and the beast, and the beast, and the beast, and the beast, and the beast, and the beast, and the beast, and the beast, and the beast, and the beast, and the beast, and the beast, and the beast, and the beast, and the beast, and the beast, and the beast, and the beast, and the beast, and the beast, and the beast, and the beast, and the beast, and the beast, and the beast, and the beast, and the beast, and the beast, and the beast, and the beast, and the beast, and the beast, and the beast, and the beast, and the beast, and the beast, and the beast, and the beast, and the beast,",0.004086532388478131
1428,अब्रवीच्छतदारामःसुग्रीवंप्रत्यनन्तरम् विभीषणं च धर्मात्माहनूमन्तं च वानरम् जाम्बवन्तंहरिश्रेष्ठंमैन्दंद्विविदमेव च एतदस्त्रबलंदिव्यंममवात्ऱ्यम्बकस्यवा,तदा धर्मात्मा रामः प्रत्यनन्तरम् सुग्रीवम् विभीषणं च वानरम् हनूमन्तं च जाम्बवन्तम् हरिश्रेष्ठम् मैन्धम् द्विविदमेव च अब्रवीच्छ एतत् दिव्यम् अस्त्रबलम् ममवा त्ऱ्यम्बकस्यवा,"The devils, the devils, the devils, the devils, the devils, the devils, the devils, the devils, the devils, the devils, the devils, the devils, the devils, the devils, the devils, the devils, the devils, the devils, the devils, the devils, the devils, the devils, the devils, the devils, the devils, the devils, the devils, the devils, the devils, the devils, the devils, the devils, the devils, the devils, the devils.","Then the holy spirit came to Ram, and the raven, and the serpent, and the serpent, and the serpent, and the serpent, and the serpent, and the serpent, and the serpent, and the serpent, and the serpent, and the serpent, and the serpent, and the serpent, and the serpent, and the serpent, and the serpent, and the serpent, and the serpent, and the serpent, and the serpent, and the serpent, and the serpent, and the serpent, and the serpent, and the serpent, and the serpent, and the serpent, and the serpent, and the serpent, and the serpent, and the serpent, and the serpent, and the serpent, and the serpent, and the serpent, and the serpent, and the serpent, and the serpent, and the serpent, and the serpent, and the serpent, and the serpent, and the serpent, and the serpent, and the serpent, and the serpent, and the serpent, and the serpent, and the serpent, and the",0.37490160160415426
1429,विख्यातंत्रिषुलोकेषुमधुकान्तारमेवतत् मोक्षयित्वाततःकुक्षिंरामोदशरथात्मजः वरंतस्मैददौविद्वान्मरवेऽमरविक्रमः,मरुकान्तारम् त्रिषु लोकेषु विख्यातम् दशरथात्मजः विद्वान् अमरविक्रमः रामः तम् कुक्षिम् शोषयित्वा तस्मैमरवे वरवे ददौ:,"They came to the great cities of the world, where they were scattered by the Spirit, the Spirit, the Spirit, the Spirit, the Spirit, the Spirit, the Spirit, the Spirit, the Spirit, the Spirit, the Spirit, the Spirit, the Spirit, the Spirit, the Spirit, the Spirit, the Spirit, the Spirit, the Spirit, the Spirit, the Spirit, the Spirit, the Spirit, the Spirit, the Spirit, the Spirit, the Spirit, the Spirit, the Spirit, the Spirit, the Spirit, the Spirit, the Spirit, and the Spirit.","The spirit of Satan, known as the ""Three Men of the Desert, "" said to the wise and immortal, ""The Lamb went to a donkey and killed it.",1.0793917081576492
1430,जीवेदपि च मे माता शत्रुघ्नस्यान्ववेक्षयादुःखिता या तु कौसल्या वीरसूर्विनशिष्यति,मे माता शत्रुघ्नस्य अन्ववेक्षया जीवेदपि च वीरसूः या कौसल्या सा तु दुःखिता विनशिष्यति,"Though I am alive, my mother will be sorrowful and despondent in the face of hatred by her enemies.","Though I am alive to seek the enemy, My courageous counsel will destroy sorrow.",13.520459769143477
1431,यथा क्षेमेण गच्छन् स पश्यंश्च विविधान् द्रुमान्निवृत्तमात्रे दिवसे रामः सौमित्रिमब्रवीत्,सः रामः यथा क्षेमेण गच्छन् विविधान् द्रुमान् पश्यंश्च दिवसे निवृत्तमात्रे सौमित्रिम् अब्रवीत्,"The next day, as they were about to go out to eat, Ram called on his friend.","When he saw that the ram was going to the field, he saw that there were many different kinds of trees. By daylight he had gathered his friends.",1.6518069411986591
1432,पायसं कृसरं छागं वृथा सोऽश्नातु निर्घृणःगुरूंश्चाप्यवजानातु यस्याऽर्योऽनुमते गतः,आर्यः यस्य अनुमते गतः निर्घृणः सः पायसम् कृसरम् छागम् वृथा अश्नातु गुरून् अवजानातु च,"Then he went to his master, with his feet covered and his feet covered.","If a man is allowed to go out of his house, he must go out of his way to find out what is wrong with him and what is wrong with him, and what is wrong with him, and what is wrong with him, and what is wrong with him, and what is wrong with him, and what is wrong with him, and what is wrong with him, and what is wrong with him, and what is wrong with him, and what is wrong with him, and what is wrong with him, and what is wrong with him, and what is wrong with him, and what is wrong with him, and what is wrong with him, and what is wrong with him, and what is wrong with him, and what is wrong with him?",0.0007603479122225156
1433,ऊचुश्च परमायस्ता रामं ज्वलिततेजसम्वत्स नैवं नियुक्तेयं वनवासे मनस्विनी,परमायस्ताः ज्वलिततेजसम् रामम् ऊचुश्च वत्स मनस्विनी इयम् एवम् वनवासे न नियुक्ता,"He made the ark for the burning glory of the Most High and the Most High,","The glory of God, the glory of God, the glory of God, the glory of God, the glory of God, the glory of God, the glory of God, the glory of God, the glory of God, the glory of God, the glory of God, the glory of God, the glory of God, the glory of God, the glory of God, the glory of God, the glory of God, the glory of God, the glory of God, the glory of God, the glory of God, the glory of God, the glory of God, the glory of God, the glory of God, the glory of God.",0.008119401089732914
1434,ततस्तेत्वरितंयातानिरपेक्षानिशाचराः पुरीमभिमुखाभीताद्रवन्तोनायकेहते,नायके हते ततः निशाचराः भीताः निरपेक्षाः पुरीम् अभिमुखाः द्रवन्तः तेत्वरितम् याताः,For the rulers of the world will be filled with fear and trembling.,"When the men of the ship were killed, the sailors, frightened and restless, hurried to the ship.",4.33173054551354
1435,विचित्रवालुकजलां हंससारसनादिताम्रेमे जनकराजस्य सुता प्रेक्ष्य तदा नदीम्,तदा जनकराजस्य सुता विचित्रवालुकजलाम् हंससारसनादिताम् नदीम् प्रेक्ष्य रेमे,"When they came out of the sea, they saw the beds of the king of Arimathea.","Then the king of Judah went out to see the waters of the river Artaxerxes,",11.306082351602983
1436,इमे ते नयने क्रूरे विरूपे कृष्णपिङ्गलेक्षितौ न पतिते कस्मान्मामनार्य निरीक्षितः,अनार्य माम् निरीक्षतः ते क्रूरे विरूपे कृष्णपिङ्गले इमे नयने क्षितौ कस्मात् न पतिते,They have not become corrupted by a new form of corruption. They have not become corrupted by a new way of life.,"Anarya looked at me and said, ""They're in a terrible state of disrepair, and they're not falling into any of these new pitfalls.",2.1730050996918813
1437,विपन्नं कर्म तद्दृष्ट्वा हनुमांश्चण्डविक्रमःसालं विपुलमुत्पाट्य भ्रामयामास वीर्यवान्,चण्डविक्रमः वीर्यवान् हनुमान् तत् कर्म विपन्नम् दृष्ट्वा विपुलम् सालम् उत्पाट्य भ्रामयामास,"Because of his misery, Hanukkah sold his wealth and became rich.","But when he saw that the moon had fallen, and that it had produced much fruit, he went astray.",2.034419869311294
1438,नादितां मत्तविहगैर्दिव्यगन्धाधिवासिताम्परार्ध्यास्तरणोपेतां रक्षोधिपनिषेविताम्,मत्तविहगैः नादिताम् दिव्यगन्धाधिवासिताम् परार्ध्यास्तरणोपेताम् रक्षोधिपनिषेविताम्,"Tell them not to go into the dungeons, but to preach the gospel to the prisoners.",and preach the gospel to those who live in the tabernacle of the living God.,15.464260451973765
1439,त्वमप्रतिमकर्माणमिन्द्रंजयसिसंयुगे किंपुनर्मानुषौदृष्टवा न वधिष्यसिसंयुगे,त्वम् संयुगे अप्रतिमकर्माणम् इन्द्रम् जयसि संयुगे मानुषौ दृष्टवा किंपुनः न वधिष्यसि,Do not be afraid of men and do not be afraid of men.,You will not be silenced when you see that you are doing wonderful things in your body.,4.723482921640501
1440,वसिष्ठं च समागम्य कुशलं मुनिपुङ्गव: ऋषींश्च तान्यथान्यायं महाभागानुवाच ह,मुनिपुङ्गव: वसिष्ठं च तान् महाभागान् ऋषींश्च यथान्यायम् समागम्य कुशलम् उवाच,"Blessed are the wise and the wise, and blessed are the wise and the wise.","Blessed are the rich, blessed are the rich, blessed are the rich, blessed are the rich, blessed are the rich, blessed are the rich, blessed are the rich, blessed are the rich, blessed are the rich, blessed are the rich, blessed are the rich, blessed are the rich, blessed are the poor, blessed are the poor, blessed are the poor, blessed are the poor, blessed are the poor, blessed are the poor.",0.22202728554642873
1441,ततः प्रचक्रमे वक्तुं वचनं स महामुनिःभरद्वाजो महातेजा रामं सत्यपराक्रमम्,ततः महातेजाः महामुनिः सः भरद्वाजः सत्यपराक्रमम् रामम् वचनम् वक्तुम् प्रचक्रमे,"And he spoke boldly, saying, And he said to them, My lord, and my lord, and my lord, and my lord, and my lord, and my lord, and my lord, and my lord, and my lord, and my lord, and my lord, and my lord, and my lord, and my lord, and my lord, and my lord, and my lord, and my lord, and my lord, and my lord, and my lord, and my lord, and my lord, and my lord, and my lord, and my lord, and my lord, and my lord, and my lord, and my lord, and my lord, and my lord, and my lord, and my lord, and my lord, and my lord, and my lord, and my lord and my lord, and my lord and my lord, and my lord and my lord and my lord,",Then the queen and her majesty spoke boldly about the truth and the truth.,0.46077380576227567
1442,अहं विनिकृतो राम चरामीह भयार्दितः हृतभार्यो वने त्रस्तो दुर्गमेतदुपाश्रितः,राम अहम् विनिकृतः हृतभार्यः भयार्दितः इह वने चरामि त्रस्तः दुर्गम् एतत् उपाश्रितः,"I was terrified and terrified, I was afraid, I was afraid, I was afraid, I was afraid, I was afraid, I was afraid, I was afraid, I was afraid, I was afraid, I was afraid, I was afraid, I was afraid, I was afraid, I was afraid, I was afraid, I was afraid, I was afraid, I was afraid, I was afraid, I was afraid, I was afraid, I was afraid, I was afraid, I was afraid, I was afraid, I was afraid, I was afraid, I was afraid, I was afraid, I was afraid, I was afraid, I was afraid, I was afraid, I was afraid, I was afraid, I was afraid, I was afraid.","Ram, I am devastated; my heart is full of fear; in this forest I graze; in this fortress I dwell.",0.5830580993936678
1443,तानि युक्तो मया सार्धं त्वमन्वेषितुमर्हसित्वद्विधा बुद्धिसम्पन्ना महात्मानो नरर्षभ आपत्सु न प्रकम्पन्ते वायुवेगैरिवाचलाः,त्वम् युक्तः मया सार्धम् तानि अन्वेषितुम् अर्हसि नरर्षभ: बुद्धिसम्पन्नाः त्वद्धिधाः महात्मानः वायुवेगैः अचलाः इव न प्रकम्पन्ते,"Even so, when I was with you, I instructed you in a manner that is not contrary to the wisdom and wisdom of any great and arrogant man.","With you I will search for them, and they will not go down like a raven, nor will they go down like a raven.",2.0170550850601288
1444,तौभासयन्तावाकाशंधनुर्भ्यांविशिखौच्युतौ मुखेनमुखमाहत्यसन्निपेततुरोजसा,धनुर्ब्याम् च्युतौ तौ विशिखौ आकाशम् भासयन्तौ मुखेन मुखम् आहत्य ओजसा सन्निपेततुः,"When they saw him, they held him in their arms. They held him in their arms and kissed him in the face.","They threw their arrows into the sky, and they lifted up their faces and sounded the trumpet.",2.533098404966103
1445,शर्कराऽसवगन्धैश्च प्रकृत्या सुरभिः सुखःतासां वदननिश्वासस्सिषेवे रावणं तदा,तदा प्रकृत्या शर्करासवगन्धैश्च सुरभिः सुखः तासाम् वदननिश्वासः रावणम् सिषेवे,"not with wine and spices, but with natural pleasures and good deeds.",Then she poured her natural vinegar and spices into her mouth.,6.754312828675709
1446,ततो दाशरथी राम उवाच च शिलोच्चयम्मम बाणाग्निनिर्दग्धो भस्मीभूतो भविष्यसि असेव्यः सततं चैव निस्तृणद्रुमपल्लवः,ततः दाशरथिः रामः शिलोच्चयम् उवाच च मम बाणाग्निनिर्दग्धः भस्मीभूतः सततम् असेव्यः निस्तृणद्रुमपल्लवः भविष्यसि,"Then she said, ""Ram, Ram, and Shiloh are burning with fire. They will be burning forever and ever.","And he said, Behold, Dasharoth, Ram, and Shiloh are burning in my fire, and they are burning continually.",29.065151007971206
1447,तस्यनिर्याणघोषेणराक्षसानांचनर्दताम् लङ्कायांसर्वभूतानिविनेदुर्विकृतैस्स्वरैः,तस्य निर्याणघेषेण नर्दताम् राक्षसानांच लङ्कायाम् सर्वभूतानि विकृतैः स्वरैः विनेदुः,The sound of his horns was filled with evil spirits.,"And they shouted at him with a loud voice, and the evil spirits cried out with a loud voice.",3.5912698569513903
1448,स तु नित्यं प्रशान्तात्मा मृदुपूर्वं च भाषतेउच्यमानोऽपि परुषं नोत्तरं प्रतिपद्यते,नित्यम् प्रशान्तात्मा स: मृदुपूर्वम् भाषते परुषम् उच्यमान: अपि उत्तरम् न प्रतिपद्यते,"The paralytic, however, is always quiet and speechless.","He keeps a calm spirit. He speaks softly, but the man does not answer.",2.5831124391916536
1449,तेषामशीतिसाहस्रं शूलमुद्गरपाणिनाम्मया तस्मिन्वनोद्देशे परिघेण निषूदितम्,तस्मिन् वनोद्धेशे शूलमुद्गरपाणिनाम् तेषाम् अशीतिसाहस्रम् मया परिघेण निषूदितम्,and the city was surrounded by the waters of the Great Salt Lake.,And I poured out upon them a mixture of the great waters of the wilderness.,10.412118506844875
1450,तेन वाक्येन संहृष्टा तमभिप्रायमागतम्व्याजहार महाघोरमभ्यागतमिवान्तकम्,तेन वाक्येन संहृष्टा अभ्यागतम् अन्तकमिव महाघोरम् आगतम् तम् अभिप्रायम् व्याजहार,"When they had finished speaking, they came to us with a loud voice.","After he had spoken a few words, he came to him with a loud voice and asked him what he meant.",12.702038570141841
1451,असुरेणसमाविष्टंसोऽस्त्रणरघुपुङ्गवः ससर्जास्त्रं महोत्साहः पावकः पावकोपमः,असुरेणअस्त्रण समाविष्टः महोत्साहः पावकोपमः सः रघुपुङ्गवः पावकम् अस्त्रम् ससर्ज,"As for the Assyrians, they are full of fury; they are armed with weapons of war; they are fierce, they are fierce, they are fierce.",He is a fierce warrior with a strong armor. He is a fierce warrior with a strong armor. He is a fierce warrior with a strong armor.,1.7934437633383677
1452,इत्युक्तस्सारथिस्तेनययौयत्र न मारुतिः वहन् परमदुर्धर्षंस्थितमिन्द्रजितंरथे,तेन इति उक्तः सारथिः रथे स्थितम् परमदुर्धर्षम् इन्द्रजितम् वहन् मारुतिः यत्र ययौ,"So they were taken away, not to die, but to sleep in the depths of the abyss.","He said to them, ""The chariot of Zarephath was filled with fierce anger, and they died at the place where they were going.",3.8161081612212033
1453,वैदेह्याः प्रियकामेन कृतं कर्म जटायुषागृध्राराजेन यत्तत्र श्रुतं वस्तदशेषतः,वैदेह्याः प्रियकामेन गृध्रराजेन जटायुषा तत्र यत् कर्म कृतम् तत् अशेषतः वः श्रुतम्,Everyone in the house has heard about the wonderful work of Bethany.,"We have heard of the great deeds he has done in Bethesda, the home of his beloved wife.",2.932576302133846
1454,एवमुक्तस्तु रामेण लक्ष्मणो वाक्यमब्रवीत्दिधक्षन्निव तां सेनां रुषितः पावको यथा,रामेण एवं उक्तः लक्ष्मणः पावको यथा रुषितः तां सेनाम् दिधक्षन्निव वाक्यम् अब्रवीत्,"When Ramah and Lachish heard this, they looked at him and saw him as a soldier.","Raman and Lakshman said to the army, ""As the crow flies, so do the soldiers"".",2.5292817518388535
1455,प्रविष्टस्तु वनं घोरं बहुपुष्पफलद्रुमम्ददर्शाश्रममेकान्ते चीरमालापरिष्कृतम्,घोरम् बहुपुष्पफलद्रुमम् वनम् प्रविष्टः एकान्ते चीरमालापरिष्कृतम् आश्रमम् ददर्श,"The entrance was covered with thorns and thistles, and many flowers and fruit trees.","When he entered the woods, he saw a well-lined dwelling, with many flowers and fruit trees.",26.841664057917857
1456,पाण्डुरेणातपत्रेण म्रियमाणेन मूर्धनि शुक्लैश्च वालव्यजनैर्धूयमानैस्समन्ततःशङ्खभेरीनिनादैश्च हरिभिश्चाभिवन्दितः निर्ययौ प्राप्य सुग्रीवो राज्यश्रियमनुत्तमाम्,सुग्रीवः अनुत्तमाम् राज्यश्रियम् प्राप्य हरिभिः अभिनन्दितः मूर्धनि ध्रियमाणेन शुक्लेश्च पाण्डुरेण आतपत्रेण समन्ततः धूयमानैः वालव्यजनैः शङ्खभेरीनिनादैश्च निर्ययौ,"They were filled with blood, blood, sweat, and tears. They were filled with blood, blood, blood, and blood.","When the pigs received the kingdom's crown, they greeted them with greetings. They threw out idols, sculptures, and sapphires.",4.858971931642977
1457,स तत्र ब्रह्मणः स्थानमग्नेः स्थानं तथैव च विष्णोः स्थानं महेन्द्रस्य स्थानं चैव विवस्वतः सोमस्थानं भगस्थानं स्थानं कौबेरमेव च दातुर्विधातुः स्थानेच वायोः स्थानं तथैव च नागराजस्य च स्थानमनन्तस्य महात्मनः स्थानं तथैव गायत्र्या वसूनां स्थानमेव च स्थानं च पाशहस्तस्य वरुणस्य महात्मनः कार्तिकेयस्य च स्थानं धर्मस्थानं च पश्यति,सः तत्र ब्रह्मणः स्थानम् तथैव च अग्नेः स्थानम् विष्णोः स्थानम् तथा इन्द्रस्य विवस्वतः स्थानं चैव सोमस्थानम् भगस्थानम् कौबेरम् स्थानमेव च धातुः विधातुः स्थाने च तथैव च ल वायोः स्थानम् नागराजस्य महात्मनः अनन्तस्य स्थानम् तथैव गायत्र्याः स्थानम् वसूनाम् स्थानमेव च पाशहस्तस्य महात्मनः वरुणस्य स्थानं च कार्तिकेयस्य स्थानं च धर्मस्थानं च पश्यति,"He saw the place of Brahman, the place of Vishnu, the place of Mahendra, the place of Zohar, the place of God, the place of Tabernacle, the place of Tabernacle, the place of Zohar, the place of Zohar, the place of Zohar, the place of Zohar, the place of Zohar, the place of Zohar, the place of Zohar, the place of Zohar.","He saw the place of the Brahman, the place of the next, the place of the Vishnu, the place of the Indus, the place of the Solemnity, the place of the Tabernacle, the place of the Tabernacle, the place of the Lamb, the place of the Lamb, the place of the Lamb, the place of the Lamb, the place of the Lamb, the place of the Lamb, the place of the Lamb, and the place of the Lamb.",40.91200832178158
1458,दश राक्षसकोट्यश्च द्वाविंशतिरथापराःतेषां प्रभुरहं सीते सर्वेषां भीमकर्मणाम् वर्जयित्वा जरावृद्धान्बालांश्च रजनीचरान्,सीते जरावृद्धान् बालांश्च रजनीचरान् वर्जयित्वा दश राक्षसकोट्यश्च अथ अपराः द्वाविंशतिः भीमकर्मणाम् तेषाम् सर्वेषाम् अहम् प्रभुः,"I, the Lord Jesus Christ, will do away with all that they fear and commit adultery with, the elders and the little ones, and with the twenty-two crowns.","And he took the young and the old, and the maidservant, and the ten horns, and the twelve horns, and the twelve oxen, and the seven horns, and the seven horns, and the seven horns, and the seven horns, and the seven horns, and the seven horns, and the seven horns, and the seven horns, and the seven horns, and the seven horns, and the seven horns, and the seven horns, and the seven horns, and the seven horns, and the seven horns, and the seven horns, and the seven horns, and the seven horns, and the seven horns, and the seven horns, and the seven horns and the seven horns.",0.1788784228312934
1459,यथाऽसौसम्प्रहृष्टानांवानराणांसमुत्थितः बहूनांसुमहान्नादोमेघनामिवगर्जिताम् व्यक्तंसुमहतीप्रीतिरेतेषांनात्रसंशयः तथाहिविपुलैर्नादैश्चुक्षुभेवरुणालयः,सम्प्रहृष्टानाम् बहूनाम् वानराणाम् समुत्थित : सुमहान् असौ नादः गर्जताम् मेघानामिव यथा श्रूयते सुव्यक्तम् एतेषाम् प्रीतिः सुमहती अत्र संशयः न तथाहि विपुलैः नादैः वरुणालयः चुक्षुभे,"There are many who have risen from the dead, including the rich and famous, the rich and famous, the rich and famous, the poor and the needy, the poor and the needy, the rich and the poor, the poor and the needy, the poor and the oppressed,","And there was a great noise, and a great noise, and a great noise, and a great noise, and a great noise, and a great noise, and a great noise, and a great noise, and a great noise, and a great noise, and a great noise, and a great noise, and a great noise, and a great noise, and a great noise, and a great noise, and a great noise, and a great noise, and a great noise, and a great noise, and a great noise, and a great noise, and a great noise, and a great noise, and a great noise, and a great noise, and a great noise.",0.31016029661611066
1460,नचिरात्प्राप्यते लोके पापानां कर्मणां फलम्सविषाणामिवान्नानां भुक्तानां क्षणदाचर,क्षणदाचर लोके पापानाम् कर्मणाम् फलम् भुक्तानाम् सविषाणाम् अन्नानामिव नचिरात् प्राप्यते,"The fruit of sinful deeds, the desires and greed of the wicked,","For a short time, a man's desire for food and luxury is the result of his sinful deeds.",4.869426103311578
1461,सुमतिस्तु महातेजा विश्वामित्रमुपागतम्श्रुत्वा नरवरश्रेष्ठ: प्रत्युद्गच्छन्महायशा:,महातेजा: महायशा: नरवरश्रेष्ठ: सुमतिस्तु विश्वामित्रम् उपागतम् श्रुत्वा प्रत्युद्गच्छत्,"When the queen heard this, she said to her fellow believer, ""A man is better than a man"".","When she heard that her friend was coming, she replied,",4.334264033674369
1462,तत स्त्र्यवनतं चापमादायाऽत्मविभूषणम्आबध्य च कलापौ द्वौ जगामोदग्रविक्रमः,ततः उदग्रविक्रमः त्र्यवनतम् आत्मविभूषणम् चापम् आदाय द्वौ कलापौ आबद्ध्य जगाम,"There were women dressed in costumes and costumes, and men dressed in costumes and costumes.",Then the ship caught fire and sank. Two ships were attached to the ship.,3.0098043843528286
1463,अस्मिन्मुहूर्तेसुग्रीव प्रतियातुमितोऽर्हसि मत्वाहीनंराजन् रावणोऽभिद्रवेद्बली,सुग्रीव अस्मिन् मुहूर्ते इतः प्रतियातुम् अर्हसि राजन् रावणः मया हीनम् मत्वा बली अब्रवेत्,"He is a foolish man, a foolish man, and a foolish man, a foolish man, and a foolish man, and a foolish man, and a foolish man, and a foolish man, and a foolish man, and a foolish man, and a foolish man, and a foolish man, and a foolish man, and a foolish man, and a foolish man, and a foolish man, and a foolish man, and a foolish man, and a foolish man, and a foolish man, and a foolish man.","If you trust us with this seal, the king Ravan offered me a sacrifice.",0.45398059821694364
1464,सोऽयं ब्राह्मणभूयिष्ठो वानप्रस्थगणो महान्त्वन्नाथोऽनाथवद्राम राक्षसैर्वध्यते भृशम्,राम त्वन्नाथः ब्राह्मण भूयिष्ठः महान् सः अयम् वानप्रस्थगणः अनाथवत् राक्षसैः भृशम् वध्यते,He was a Brahmin who lived in the wilderness. He was filled with wild beasts.,Ram Thannath: Brahmana Bhishti is great. He is such an orphan who is devoured by monsters.,4.8356179711805884
1465,तन्मया वार्यमाणस्त्वं यदि रामेण विग्रहम्करिष्यस्यापदं घोरां क्षिप्रं प्राप्स्यसि रावण,रावण तत् मया वार्यमाणः त्वम् रामेण विग्रहम् करिष्यसि यदि क्षिप्रम् घोराम् आपदम् प्राप्स्यसि,"""Then I tell you, if you kill a ram, you will find the stakes of the horses and the stakes of the oxen.","And I said to him, Ravana, If thou shalt have a little trouble with the ram, then thou shalt have a little trouble with the horse.",3.5125536552755783
1466,संसक्तां धूमजालेन शिखामिव विभावसोः तां स्मृतीमिव सन्दिग्धामृद्धिं निपतितामिव,धूमजालेन संसक्ताम् विभावसो शिखामिव सन्दिग्धाम् स्मृतीमिव निपतिताम् ऋद्धिमिव ताम्,I am reminded of the world's mistakes; I am reminded of the world's mistakes; I am reminded of the world's mistakes.,"I will teach them the wisdom of this world, I will make them forgetful, I will make them forgetful.",2.46233736722218
1467,सागरौघनिभा सेना भरतस्य महात्मनः महीं सञ्छादयामास प्रावृषि द्यामिवाम्बुदः,महात्मनः भरतस्य सागरौघनिभा सेना प्रावृषि अम्बुदः द्यामिव महीम् सञ्छादयामास,"When the sea was at its peak, the Indian army reached the month of Mahabharata.",The king's army entered the coast of India on the fifth day of the month of Ambad.,9.92043523258434
1468,यथैवमांवनंयान्तमनुयातोमहाद्युतिः अहमप्यनुयास्यामितथैवैनंयमक्ष्यम्,महाद्युतिः वनम् यान्तम् माम् यथैव अनुयातः तथैव अहमपि एनम् यमक्ष्यम् अनुयास्यामि,"Just as I am the light of the world, so also I am the light of the world.","""Follow me, just as a lamp shines in a forest, and I will follow you.",2.707657626755448
1469,ऊर्ध्वं वर्षसहस्रान्ते प्रजापाल्यमनन्तरम्आर्यपुत्राः करिष्यन्ति वनवासं गते त्वयि,प्रजापाल्यमनन्तरं वर्ष सहस्रान्ते त्वयि वनवासं गते आर्यपुत्राः करिष्यन्ति,"And it shall come to pass at the end of the thousand years, that the children of Aryan shall dwell in the wilderness.","And it shall come to pass at the end of the thousand years, that thou shalt dwell in the wilderness, and thou shalt have sons.",60.630004778980286
1470,त्वयेदंमहादारब्धंकार्यमप्रतिचिन्तितम् दिष्ट्यात्वांनावधीद्रामोविषमिश्रमिवामिषम्,त्वया: अप्रतिचिन्तितम् इदम् महत् कार्यम् आरब्धम् विषमिश्रम् अमिषम् इव: रामः त्वाम् दिष्ट्या: नावधीत्,I will continue to work hard to fulfill the responsibility you have given me.,"You said, ""Ram saw you, and he did not stop you.",3.125190763972442
1471,तेनसिंहप्रणादेननामविश्रावणेन च ज्याशब्देन च भीमेनत्रासयामासवानरान्,तेन सिंहप्रणादेन नामविश्रावणेन च भीमेन ज्याशब्देन च वानरान् त्रासयामास,"And he sent them into the wilderness with the voice of a lion, and with the voice of a lion.","The dragon shouted, and the dragon shouted, and the dragon shouted.",4.343737891358309
1472,द्रवमाणस्तुतेवीराअङ्गदेनवलीमुखाः सान्त्वैश्चैहनुमानैश्चततस्सर्वेनिवर्तिताः,द्रवमाणाः वीराः ते वलीमुखाः सरेततः अङ्गदेन सान्त्वैश्चै अनुमानैश्च निवर्तिताः,"They were filled with blood, sweat, and tears.","They were full of blood, and their faces were full of shame, and their faces were full of shame, and their faces were full of shame, and their faces were full of shame, and their faces were full of shame, and their faces were full of shame, and their faces were full of shame, and their faces were full of shame, and their faces were full of shame, and their faces were full of shame, and their faces were full of shame, and their faces were full of shame, and their faces were full of shame, and their faces were full of shame.",0.0008046373020987136
1473,पुलिने गिरिनद्यास्तु विविक्ते जलसंवृते चितां चक्रुस्सुबहवो वानराश्शोककर्शिता:,शोककर्शिताः सुबहवः वानराः गिरिनद्याः जलसंवृते विविक्ते पुलिने चिताम् चक्रुः,"And the rivers were filled with water, and the streams were filled with water, and the waters were filled with water, and the waters were filled with water, and the waters were filled with water, and the waters were filled with water, and the waters were filled with water, and the waters were filled with water, and the waters were filled with water, and the waters were filled with water, and the waters were filled with water, and the waters were filled with water.","The monkeys mourned, the monkeys mourned, and the rivers flooded.",1.905004099711834
1474,ततोरामाभ्यनुज्ञातंतद्विमानमनुत्तमम् हंसयुक्तंमहावेगंनिपपातमहीतले,ततः अनुत्तमम् हंसयुक्तम् महावेगम् तत् विमानम् रामाभ्यनुज्ञातम् महीतले निपपात,"When they came out of the city, they saw a large wooden statue of Jesus.","Then the ship went down with great speed, with a bow and arrow.",3.234245292096216
1475,अन्तःपुराणिसर्वाणिरुदमानानिसत्वरम् पृष्ठतोऽनुययुस्तानिप्लवमानानिसर्वतः,तानि सर्वाणि अन्तःपुराणि रुदमानानि सर्वतः सत्वरम् प्लवमानानि पृष्ठतः अनुययुः,"""Take off your old clothes and put them on the outside of your clothes, and wash your hands with water"".","All of them wept within, and seven ships followed them from the surface.",4.141141330484801
1476,एवमुक्तस्तु धर्मात्मा सुग्रीवेण स राघवःतमेवोवाच वचनं सुग्रीवं शत्रुसूदनः,सुग्रीवेण एवम् उक्तः धर्मात्मा शत्रुसूदनः सः राघवः तम् सुग्रीवम् वचनम् उवाच,"He has been freed by the Spirit of righteousness, and by the word of righteousness he has become a snare to the enemies.","These are the words of the wise man: ""A foolish man, an enemy of God, has spoken his evil words to him.",2.338344544630124
1477,ततश्शरौघेरभिवर्ष्यमाणोविभिन्नगात्रःकपिसैन्यपालः नीलोबभूवाथविसृष्टगात्रोविष्टम्भितस्तेनमहाबलेन,ततः शरौघैः अभिवृष्यमाणः कपिसैन्यपालः नीलः विभिननगात्रः बभूव अथ विसृष्टगात्रः महाबलेन तेन विष्टम्भितः,"The centurion, who had been there for about a year, was seated in a large blue jacket.","A loud thunderstorm, like a blue thunderstorm, struck him, and he was filled with violence.",2.996515740268936
1478,श्रूयतां चाभिधास्यामि कौशिकस्य महात्मन:यथा बलं यथा वृत्तं तन्मे निगदत: श्रुणु,महात्मन: कौशिकस्य बलम् यथा वृत्तम् यथा अभिधास्यामि तत् निगदत: मे शृणु,"And I have heard the voice of the wise, and I have heard the voice of the wise.","""I heard the voice of the wise man singing like a circle.",25.34743707366162
1479,शान्तरश्मिरिवादित्योनिर्वाणइवपावकः बभूव स महाबाहुर्व्यपास्तगतजीवितः,व्यपास्तगतजीवितः महाबाहुः सः शान्तरश्मि: आदित्यःइव निर्वाणः पावकःइव बभूव,"It was a peaceful, peaceful, wild creature. It was brought back to life by a great storm.","The living and the dead, the living and the dead, the living and the dead, the living and the dead, the living and the dead, the living and the dead, the living and the dead, the living and the dead, the living and the dead, the living and the dead, the living and the dead, the living and the dead, the living and the dead, the living and the dead, the living and the dead, the living and the dead, the living and the dead, the living and the dead, the living and the dead, the living and the dead, the living and the dead, the living and the dead, the living and the living and the dead.",0.007883765853692382
1480,ततोगत्वादशग्रीवमासीनंपरमासने ऊचुर्बद्धाञ्जलिपुटास्सर्वएवनिशाचराः,सर्वे तेनिशाचराः परमासने आसीनम् दशग्रीवम् अनिगम्य बद्धाञ्जलिपुटाः ऊचुः,"They had twelve ships, one for each month, and two for each month.","All of them were seated on their beds. They were ten cubits high, and they could not reach them.",3.9977111635904987
1481,मया खलु तदेवेदं रोषदोषात्प्रदर्शितम्प्रथितं त्रिषु लोकेषु कपित्वमनवस्थितम्,मया रोषदोषात् त्रिषु लोकेषु प्रथितम् अनवस्थितम् तत् इदम् कपित्वम् प्रदर्शितं खलु,"When I saw this, I saw three men standing in the midst of the flames of God's wrath.","I was furious, and there were three men in my midst who were unable to stop me.",5.237520761048587
1482,एषा बाणविनिर्भिन्ना गदा भूमितलं गताअभिधानप्रगल्भस्य तव प्रत्ययघातिनी,एषा गदा बाणविनिर्भिन्ना अभिधानप्रगल्भस्य तव प्रत्ययघातिनी भूमितलम् गता,This spear has been thrown into the ground and thrown into the ground. It is the testimony of a foolish man.,And this ass has become like a grain of mustard seed for your testimony.,2.4623373672221804
1483,यदि दुःखमिदं प्राप्तं काकुत्स्थ न सहिष्यसेप्राकृतश्चाल्पसत्त्वश्च इतरः कस्सहिष्यति,काकुत्स्थ प्राप्तम् इदं दुःखम् न सहिष्यसे यदि प्राकृतः अल्पसत्त्वश्च इतरः कः सहिष्यति,"If a man does not endure hardship because of his sin, who can help him? He is a meek, lowly man, and faithful.","If a man does not endure this kind of suffering, then who can endure it? A man of little integrity.",20.891045461440765
1484,एवं विधो यस्य दूतो न भवेत्पार्थिवस्य तुसिद्ध्यन्ति हि कथं तस्य कार्याणां गतियोऽनघ,अनघ यस्य पार्थिवस्य दूतः एवंविधः न भवेत् तस्य गतयः कथम् सिध्यन्ति,But the widow who does not have angels is judged by the world.,But how much more do the angels of the world have to do with his ministry?,6.033104985460151
1485,ततो हयवरा मुख्या नागाश्च गिरिसन्निभाः अनुजग्मुस्तदा रामं शतशोऽथ सहस्रशः,ततः मुख्याः हयवराः गिरिसन्निभाः नागाश्च शतशः सहस्रशः तदा रामम् अनुजग्मुः,And there were a hundred and seventy thousand of them.,"And the chief of the army, and the chief of the army, and the chief of the army, and the chief of the army, and the chief of the army, and the chief of the army, and the chief of the army, and the chief of the army, and the chief of the army, and the chief of the army, and the chief of the army, and the chief of the army, and the chief of the army, and the chief of the army, and the chief of the army.",0.0010304927828208767
1486,इत्येवमुक्तस्सुग्रीवो वालिना भ्रातृसौहृदात्हर्षं त्यक्त्वा पुनर्दीनो ग्रहग्रस्त इवोडुराट्,वालिना भ्रातृसौहृदात् इत्येवम् उक्तः सुग्रीवः हर्षम् त्यक्त्वा पुनः दीनः ग्रहग्रस्तः उडुराट् इव,So he left his brother Valina for a year and went to sea again.,"Walina said this to her brother-in-law: ""The grief and joy of Walina left her, and she grew like an owl.",2.039657947363428
1487,समीक्ष्य तु महाबाहू राघवस्य पराक्रमम्लक्ष्मणस्य च विक्रान्तमभवत् प्रीतिमान् कपिः,कपिः महाबाहु: राघवस्य पराक्रमम् लक्ष्मणस्य विक्रान्तं च समीक्ष्य प्रीतिमान् अभवत्,"You have seen the might of the great dragon, the might of the mighty warrior, and the power of the small warrior.",Kapi: Maha Bahu: Love is shown by the victory of Raghu and the victory of Lakshman,3.78786561257948
1488,पितृशुश्रूषया पुत्र मातृशुश्रूषया तथासत्येन च महाबाहो चिरं जीवाभिरक्षितः,महाबाहो पुत्र पितृशुश्रूषया तथा मातृशुश्रूषया सत्येन अभिरक्षितः चिरं जीव,"God the Father, God the Son, God the Mother, God the Mother, God the Son, God the Father, God the Son, God the Father, God the Son, God the Father, God the Son, God the Son, God the Father, God the Son, God the Son, God the Father, God the Son, God the Son, God the Father, God the Son, God the Son, God the Son, God the Father, God the Son, God the Son, God the Father, God the Son, God the Son, God the Son, God the Father, God the Son, God the Father, God the Son, God the Son, God the Son, God the Son, God the Son, God the Son, God the Son, God the Son, and God the Son, God the Son, God the Son, God the Son and God the Son, God the Son and God the Son, God the Son and God the Son, God the Son and God the Son, God the Son and God the Son, God and God and God the Son.","Whoever obeys his father and his mother and keeps the truth, the Son, will live forever.",0.7662025729075308
1489,प्रसन्नस्ते पिता राम यौवराज्यमवाप्स्यसिउपवासं भवानद्य करोतु सह सीतया,राम ते पिता प्रसन्नः यौवराज्यम् अवाप्स्यसि भवान् अद्य सह सीतया उपवासं करोतु,Father Ram rejoiced and rejoiced in his youthful fast.,Ram and his father rejoiced that you were going to inherit the kingdom of your youth.,3.115901613796704
1490,सहस्रमेकमेकस्य मम कार्यपुरस्सरम् यदिदं राजतन्त्रं मे त्वयि सर्वं प्रतिष्ठितम्जीवितं च विशालाक्षि त्वं मे प्राणैर्गरीयसी,एकस्य मम एकम् सहस्रम् कार्यपुरस्सरम् यत् इदम् राज्यतन्त्रम् सर्वम् जीवितं च त्वयि प्रतिष्ठितम् विशालाक्षि त्वम् मे प्राणैः गरीयसी,"For I have given thee a thousand men, and thou hast given me a thousand, and thou hast given me a thousand, and thou hast given me a thousand, and thou hast given me a thousand, and I have given thee a thousand, and thou hast given me a thousand, and thou hast given me a thousand, and I have given thee a thousand, and thou hast given me a thousand, and thou hast given me a thousand, and thou hast given me a thousand.","And one of them gave me a thousand things to do, that all the kingdoms should live, and that the glory of thy name should be in me.",1.9490442758369468
1491,धिक्त्वामद्य प्रणश्य त्वं यन्मामेवं विशङ्कसेस्त्रीत्वलदुष्टं स्वभावेन गुरुवाक्ये व्यवस्थितम्,त्वाम् धिक् स्त्रीत्वात् दुष्टस्वभावेन त्वम् गुरुवाक्ये व्यवस्थितम् माम् यत् एवम् विशङ्कसे प्रणश्य,"Woe to thee, woman, for thou art an adulteress, and a teacher by nature!","""Woe to you, woman, for you have taught me to lie down in shame.",15.989214998944036
1492,औरसानपि पुत्रान्हि त्यजन्त्यहितकारिणःसमर्थान्सम्प्रगृह्णन्ति जनानपि नराधिपाः,नराधिपाः अहितकारिणः औरसान् पुत्रानपि त्यजन्ति समर्थान् जनानपि सम्प्रगृह्णन्ति,"They do not allow their own children to join them in the feast, but they do not allow their own children to join them in the feast.","who leave the poor and needy, and take in the rich and powerful,",3.0603367373678014
1493,इतिब्रुवाणंकाकुत्स्थंब्रह्माब्रह्मविदांवरः अब्रवीच्छ्रुणुमेवाक्यंसत्यंसत्यपराक्रम,इति ब्रुवाणम् काकुत्स्थम् ब्रह्मविदाम् वरः ब्रह्मा अब्रवीत् सत्यपराक्रम मे सत्यम् वाक्यम् शृणु,"The word that was spoken by Abraham, the son of Abraham, came true.","Hear the sound of the trumpet, and the sound of the trumpet, and the sound of the trumpet, and the sound of the trumpet, and the sound of the trumpet, and the sound of the trumpet, and the sound of the trumpet, and the sound of the trumpet, and the sound of the trumpet, and the sound of the trumpet, and the sound of the trumpet, and the sound of the trumpet, and the sound of the trumpet, and the sound of the trumpet, and the sound of the trumpet,",0.013278110891794497
1494,स सूतो राममादाय लक्ष्मणं मैथिलीं तदाजगामाभिमुखस्तूर्णं सकाशं जगतीपतेः,सः सूतः तदा रामम् लक्ष्मणम् मैथिलीम् आदाय तूर्णम् जगतीपतेः सकाशम् अभिमुखः जगाम,"When he came out of the water, Rama gave birth to Lakshman and Methillam, and the sky turned round and glowed.","When he woke up, Ram gave him Lakshman in Maithili, and the trumpet sounded, and the world turned toward the heavens.",8.791789059190734
1495,क्रियतां पालनं पुत्रा: धर्मं प्राप्स्यथ पुष्कलम् ऋषेस्तु वचनं श्रुत्वा चत्वारो लोकसम्मता:निवेशं चक्रिरे सर्वे पुराणां नृवरास्तदा,पुत्रा: पालनम् क्रियताम् पुष्कलम् धर्मं प्राप्स्यथ तदा ऋषे: वचनम् श्रुत्वा लोकसम्मता: चत्वार: नृवरा: सर्वे पुराणाम् निवेशम् चक्रिरे,"Son of man, do what thou wilt. The flower of righteousness, the rose, the rose, the rose, the rose, the rose, the rose, the rose, the rose, the rose, the rose, the rose, the rose, the rose, the rose, the rose, the rose, the rose, the rose, the rose, the rose, the rose, the rose, the rose, the rose, the rose, the rose, the rose, the rose, the rose, the rose, the rose, the rose, the rose, the rose, the rose, the rose, the rose, the rose, the rose, the rose, the rose, the rose, the rose, the rose, the rose, the rose, the rose, the rose, the rose, the rose, the rose, the rose, the rose, the rose, and the rose.","Son, do it, do it, and find righteousness. Roosters, hearers, and people will agree.",0.7214454059994873
1496,तथा ज्येष्ठा हि मे माता कौसल्या दीर्घदर्शिनीत्वयि धर्मं समास्थाय भगिन्यामिव वर्तते,तथा मे ज्येष्टा माता दीर्घदर्शिनी कौशल्या धर्मम् समास्थाय त्वयि भगिन्यामिव वर्तते हि,"But the older woman should be treated as a mother, a nurse, a teacher, and a sister in the faith.","And you are a sister to my older sister, a long-sighted and knowledgeable Christian.",5.118164602105637
1497,प्रीत: कश्चिन्मुनिस्ताभ्यां संस्थित: कलशं ददौप्रसन्नो वल्कलं कश्चिद्ददौ ताभ्यां महायशा:,कश्चित् मुनि: प्रीत: संस्थित: ताभ्याम् कलशम् ददौ महायशा: कश्चित् प्रसन्न: वल्कलम् ददौ,Love one another; love one another; love one another; love one another; love one another; love one another; love one another; love one another; love one another; love one another; love one another; love one another; love one another; love one another; love one another; love one another; love one another; love one another; love one another; love one another; love one another; love one another; love one another; love one another; love one another; love one another; love one another; love one another; love one another; love one another; love one another; love one another; love one another; love one another; love one another; love one another; love one another; love one another; love one another.,"Some say, ""Love is easy; "" some say, ""Love is easy; "" Love is easy; "" Love is hard; "" Love is hard; "" Love is hard; "" Love is hard; "" Love is hard; "" Love is hard; "" Love is hard; "" Love is hard; "" Love is hard"".",0.434533969145877
1498,बाष्पपूर्णमुखी मन्दं चक्षुषी परिमार्जतीलक्षिताऽहं त्वया नाथ वायसेन प्रकोपिता,नाथ वायसेन प्रकोपिता बाष्पपूर्णमुखी मन्दम् चक्षुषी परिमार्जती अहम् त्वया लक्षिता,"And I will make thee angry, and I will make thee angry, and I will make thee angry, and I will make thee angry, and I will make thee angry, and I will make thee angry, and I will make thee angry, and I will make thee angry, and I will make thee angry, and I will make thee angry, and I will make thee angry, and I will make thee angry, and I will make thee angry, and I will make thee angry, and I will make thee angry, and I will make thee angry, and I will make thee angry.",I saw you fixing the eyelids of a steam engine that had been blown up by Nathan Wyse.,0.35784446203331943
1499,भरताश्रममासाद्यससैन्योराघवस्तदा अवतीर्यविमानाग्रादवतस्थेमहीतले,तदा राघवः भरताश्रमम् आसाद्य ससैन्यः विमानाग्रात् अवतीर्य महीतले अवतस्थे,"When the soldiers had finished their work, the planes had to be lowered to the ground.",Then the ravens came down from the airplane and the soldiers landed on the ground.,10.521495173810226
1500,एकः पालयते लोकमेकः पालयते कुलम्मज्जत्येको हि निरय एक स्स्वर्गे महीयते,एकः लोकम् पालयते एकः कुलम् पालयते एकः निरये मज्जति एकः स्वर्गे महीयते,"There is one shepherd, one man, one shepherd, and every one of us is built up as one in heaven.","One was baptized, the other was baptized, and the other was taken to heaven.",4.705244978975818
1501,ततस्तृप्तइतिज्ञात्वासमुत्पेतुर्निशाचराः शिरोभिश्चप्रणम्यैनंसर्वतःपर्यवारयन्,ततः निशाचराः तृप्तःइति ज्ञात्वा समुत्पेतुः एनम् शिरोभिः प्रणम्य सर्वतः पर्यवारयन्,"When they were filled with the Spirit of God, they put their cloaks on their heads and led them to Mount Sinai.","When they saw that the beds were full, they fell on their faces and began to watch.",6.34177347084289
1502,ध्वजाग्रेधनुषश्चाग्रेकिरीटाग्रेचतंहरिम् लक्ष्मणोऽथहनूमांश्चदृष्टवारामश्चविस्मिताः,ध्वजाग्रे धनुषः अग्रे किरीटाग्रेच तंहरिम् दृष्टवा लक्ष्मणः अथ हनुमांश्च रामश्च विस्मिताः,"We saw flags flying, greeks, Greeks, Greeks, Greeks, Greeks, Greeks, Greeks, Greeks, Greeks, Greeks, Greeks, Greeks, Greeks, Greeks, Greeks, Greeks, Greeks, Greeks, Greeks, Greeks, Greeks, Greeks, Greeks, Greeks, Greeks, Greeks, Greeks, Greeks, Greeks, Greeks, Greeks, Greeks, Greeks, Greeks, Greeks, Greeks, Greeks, Greeks, Greeks, Greeks, Greeks, Greeks, Greeks, Greeks, Greeks, Greeks, Greeks, Greeks, Greeks, Greeks, Greeks, Greeks, Greeks, Greeks, Greeks, Greeks, Greeks, Greeks, Greeks, and Greeks, Greeks, and Greeks, and Greeks, and Greeks, and Greeks, and Greeks, and Greeks, and Greeks, and Greeks, and Greeks, and Greeks, and other Greeks, and Greeks, and Greeks, and Greeks, and Greeks and Greeks","When they saw the flag, the bow and arrow, and the tent of meeting, they were astonished.",0.5363828136639356
1503,ततस्त्वजामुखी नाम राक्षसी वाक्यमब्रवीत्विशस्येमां ततः सर्वाः समान् कुरुत पिण्डकान्,ततः अजामुखी नाम राक्षसी वाक्यम् अब्रवीत् सर्वाः इमाम् विशस्य ततः समान् पिण्डकान् कुरुत,"Then the twenty - thirty - one who had been given the name of ""Demon"" gathered the whole crowd together.","He called out to them, ""The Beast, "" and said"", Believe in him, and let him roll up his saddle"".",1.7437070541261908
1504,स तत्र कैलासनिभास्स्वलंकृताःप्रविश्य कक्ष्यास्त्रिदशालयोपमाःप्रियान्वरान् राममते स्थितान् बहून्व्यपोह्य शुद्धान्तमुपस्थितो रथी,स: रथी तत्र कैलासनिभा: स्वलंकृता: त्रिदशालयोपमा: कक्ष्या: प्रविश्य राममते स्थितान् बहून् वरान् प्रियान् व्यपोह्य शुद्धान्तम् उपस्थित:,"When he arrived, he found a large chariot full of clean clothes and three small rooms with stone walls and windows.","There was a chariot, and it was furnished with silverware, and three clocks, and rooms; and he went in to the chamber, and gathered many lovers, and purified them.",2.798380445097833
1505,यं यं देशं समुद्रस्य जगाम स महाकपिःस स तस्योरुवेगेन सोन्माद इव लक्ष्यते,सः महाकपिः समुद्रस्य यं यं देशं जगाम सः सः तस्य ऊरुवेगेन सोन्मादः इव लक्ष्यते,"And the land of the sea was like a sea of melon, and its waves were like a wave of melon.","He was like a giant sea lion, whose waves swept across the land.",8.9275746495808
1506,यथा तु खलु दुर्बुद्धिर्भरत स्स्वयमागतःस एष हि महाकायः कोविदारध्वजो रथे,दुर्बुद्धि: भरतः स्वयम् यथा तु आगतः खलु सः महाकायः कोविदारध्वजः एषः रथे हि,"""This is a proud and proud chariot, one that has gone astray in its own foolishness.","Foolishness: It's full of itself as you come down. It's a big, roaring flag. This is the carriage.",4.1246854488197995
1507,तेसुवेलस्यशैलस्यसमीपेरामलक्ष्मणौ प्रच्छन्नाददृशुर्गत्वाससुग्रीवविभीषणौ,ते गत्वा प्रच्छन्ना सुवेलस्यशैलस्य समीपे ससुग्रीवविभीषणौ रामलक्ष्मणौ ददृशु,"When they came near Jesus' tomb, they saw the walls of the city, and they were terrified.","When they came, they saw a large number of sheep and goats lying on the rocks near the rock.",13.558739894322597
1508,दण्ड्ये यः पातयेद्दण्डं दण्ड्यो यश्चापि दण्ड्यतेकार्यकारणसिद्धार्था वुभौ तौ नावसीदतः,यः दण्ड्ये दण्डम् पातयेत् यश्चापि दण्ड्यः दण्ड्यते कार्यकारणसिद्धार्थौ तौ उभौ नावसीदतः,"If a man is condemned by a simple sentence, he does not know what he is condemned for.","The man who had condemned and the condemned were not together, so that they might be condemned for what they had done.",4.4336851356616584
1509,कदाशोकमिमंघोरंमैथिलीविप्रयोगजम् सहसाविप्रमोक्ष्यामिवासश्शुक्लेतरंयथा,मैथिली: विप्रयोगजम्: घोरम्: इमम्: शोकम्: शुक्लेतरम्: वासःयथा: कदा: सहसा: विप्रमोक्ष्यामि:,"Sometimes I feel sorry for myself, sometimes I feel bad about myself, sometimes I feel bad about myself, sometimes I feel bad about myself, sometimes I feel bad about myself, sometimes I feel bad about myself, sometimes I feel bad about myself, sometimes I feel bad about myself, sometimes I feel bad about myself, sometimes I feel bad about myself, sometimes I feel bad about myself, sometimes I feel bad about myself, sometimes I feel bad about myself, sometimes I feel bad about myself, sometimes I feel bad about myself, sometimes I feel bad about myself, sometimes I feel bad about myself, and sometimes I feel bad about myself.","I am in mourning, I am in mourning, I am in mourning, I am in mourning, I am in anguish, I am in anguish, I am in anguish, I am in anguish, I am in despair, I am in despair, I am in despair, I am in despair, I am in despair, I am in despair, I am in despair, I am in despair, I am in despair, I am in despair, I am in despair, I am in despair, I am in despair, I am in despair, I am in despair, I am in despair, I am in despair, I am in despair, I am in despair.",0.6479582262953828
1510,तस्य तद्वचनं श्रुत्वा सौमित्रिर्विविधान् द्रुमान्आजहार तत श्चक्रे पर्णशालामरिन्दमः,सौमित्रि: तस्य तत् वचनम् श्रुत्वा विविधान् दृमान् आजहार अरिन्दम: तत: पर्णशालाम् चक्रे,"When the Pharisees heard this, they rushed to his house and fell down on their faces.","When they heard this, they were filled with grief.",14.879641171245488
1511,चक्रवाकांश्च भद्रं ते विजज्ञे सापि भामिनीशुकी नतां विजज्ञे तु नताया विनता सुता,सा भामिनी चक्रवाकांश्चापि विजज्ञे ते भद्रम् शुकी नताम् विजज्ञे विनता नतायः सुता,"The wheatmen and the goats will be wise, and the brothers will be wise, and the sons of men will be wise, and the sons of men will be wise, and the sons of men will be wise, and the sons of men will be wise, and the sons of men will be wise, and the sons of men will be wise, and the sons of men will be wise, and the sons of men will be wise, and the sons of men will be wise, and the sons of men will be wise, and the sons of men will be wise, and the sons of men will be wise, and the sons of men will be wise.","Even the winds and thunderstorms prevailed, but they did not prevail, nor did they prevail, nor did they fall asleep.",0.4208068144472901
1512,स्वयंरक्षोधिपश्चापिपौलस्त्योदेवकण्टकः मृतेतिसंयुगेमुक्तोरामेणादित्यतेजसा,रक्षोधिपः देवकण्टकः स्वयम् पौलस्त्यः अपि संयुगे आदित्यतेजसा रामेण मृतिइति मुक्तः,"Paul, however, was kept under guard. He pleaded with God to release him, as if he were about to die.","But Paul, the commander of the garrison, was released. He was about to die for them.",9.525977696807738
1513,यैस्सह क्रीडसे सीते विश्वस्तैर्मृगपोतकैःएते हीनास्त्वया सौम्ये ध्यायन्त्यस्राविलेक्षणाः,सौम्ये सीते विश्वस्तैः यैः मृगपोतकैः सह क्रीडसे एते त्वया हीनाः अस्राविलेक्षणाः ध्यायन्ति,"By his faith, he was able to sail with ease through the waters of the waters.","These men, like Saul and Silas, who have faith in the Lord, are those who work in the saddleboats, and who do not stumble, and do not stumble.",1.320306620715344
1514,अद्य मे सप्तमी रात्रिश्च्युतस्याऽर्यकवेश्मनःअम्बायाः कुशली तात युधाजिन्मातुलश्च मे,आर्यकवेश्मनः च्युतस्य मे अद्य सप्तमी रात्रिः अम्बायाः तातः मे मातुलश्च युधाजित् कुशली,"Today, on the seventh night, I have risen from the dead.","Aryac-Vesman, Chout, Amba, Matthal, and Kush, the seventh night.",11.704569597597914
1515,त्राहि मामद्य काकुत्स्थ लक्ष्मणेति वराङ्गनासुसन्त्रस्ता समाक्रन्दच्छृण्वतां तु यथान्तिके,वराङ्गना सुसन्त्रस्ता काकुत्स्थ लक्ष्मण अद्य माम् त्राहि इति अन्तिके शृण्वतां यथा समाक्रन्दत्,"Therefore, do your utmost to keep up the good work that I have done for you.","Finally, a voice from a grasshopper called Lachish heard it say, ""Today kill me!""",2.031628835361819
1516,सुग्रीवाय च तत्सर्वं शंसद्रामो महाबल: आदितस्तद्यथावृत्तं सीतायाश्च विशेषत:,महाबल: राम: आदित: तत् सर्वम् विशेषत: सीतायाश्च यथावृत्तं सुग्रीवाय च शंसत्,"and the great and mighty, and the mighty, and the mighty, and the mighty, and the mighty, and the mighty, and the mighty, and the mighty, and the mighty, and the mighty, and the mighty, and the mighty, and the mighty, and the mighty, and the mighty, and the mighty, and the mighty, and the mighty,","Mahabharata: Ram: Adit: It's all the same, especially Sithya and Sugriwai.",0.6418727874684115
1517,नहि तातं न शत्रुघ्नं न सुमित्रां परन्तपद्रष्टुमिच्छेयमद्याहं स्वर्गं चापि त्वया विना,परन्तप अहम् अद्य त्वया विना तातम् द्रष्टुम् न हि इच्छेयम् शत्रुघ्नम् न सुमित्राम् स्वर्गं चापि,"Not to them, not to your enemies, not to your friends, but to you, not to heaven, not to you.",But I do not want to see you today without your help. I do not want to see you today without your help. I do not want to see you today without your help.,1.7232571776881354
1518,शयानः पुरुषो राम तस्य शैलस्य मूर्धनि यत्स्वप्ने लभते वित्तं तत्प्रबुद्धोऽधिगच्छति,राम तस्य शैलस्य मूर्धनि शयानः पुरुषः स्वप्ने यत् वित्तम् लभते तत् प्रबुद्धः अधिगच्छति,Satan is a man who has mastered the wealth he dreams of.,Ram is the head of his shell. Satan is the man who dreams of money and learns to be enlightened.,5.754208341482663
1519,वानरैर्वध्यमानास्तेशस्त्रानुत्सृज्यराक्षसाः लङ्कामभिमुखास्सस्रुर्भ्रष्टसंज्ञाःप्रधाविताः,तेराक्षसाः वानरैः वध्यमानाः शस्त्राणि उत्सृज्य भ्रष्टसंज्ञाः प्रधाविताः लङ्काम् अभिमुखाः सस्रुः,The four living creatures were armed with weapons of war; they held the crown of thorns on their foreheads and the crown of thorns on their heads.,Thirteen thousand snakes and wild beasts threw their weapons at the mouths of evildoers.,2.01381482546679
1520,अद्येयं प्रथमा रात्रिर्याता जनपदाद्बहिःया सुमन्त्रेण रहिता तां नोत्कण्ठितुमर्हसि,अद्य सुमन्त्रेण रहिता या इयम् प्रथमा रात्रिः जनपदात् बहिः याता ताम् उत्कण्ठितुम् नार्हसि,On the first night of the month you must stay in the house of the Lord and do not disturb it.,"Now that you are awake, you will not be able to lift them up until this very first night when they come out of the city.",4.277688631257738
1521,तमुवाचात्मवान् रामः प्रीत्या लक्ष्मणमागतम्काले त्वमागत सौम्य काङ्क्षिते मम लक्ष्मण,आत्मवान् रामः आगतम् तं लक्ष्मणम् प्रीत्या उवाच सौम्य लक्ष्मण त्वम् मम काङ्क्षिते काले आगतः,"Then the Spirit said to him, ""Ram, my dear friend, when I came to you on my way to Laxman,","The spirit of the Lamb came to him, and he loved him, and he loved him, and he loved him, and he loved him, and he loved him, and he loved him, and he loved him, and he loved him, and he loved him, and he loved him, and he loved him, and he loved him, and he loved him, and he loved him, and he loved him, and he loved him, and he loved him, and he loved him, and he loved him, and he loved him, and he loved him, and he loved him.",0.1846173946109712
1522,न ह्यतो धर्मचरणं किञ्चिदस्ति महत्तरम्यथा पितरिशुश्रूषा तस्य वा वचनक्रिया,पितरि शुश्रूषा तस्य वचनक्रिया वा यथा अतः महत्तरं धर्मचरणम् किञ्चित् नास्ति हि,"No, it is not by deed that he is justified, for Jesus heard him and did what he said.","""There is no greater righteousness than what Peter said or did.",2.5828020030551087
1523,ऐन्द्रश्च विधिवद्दत्तो राजा चाभिषुतोऽनघ:माध्यन्दिनं च सवनं प्रावर्तत यथाक्रमम्,ऐन्द्रश्च विधिवत् दत्त: अनघ: राजा च अभिषुत: माध्यन्दिनम् सवनम् यथाक्रमम् प्रावर्तत,"And it came to pass, as the king had commanded, that they should go into the palace, and the king's staff, and the midwife.","And he went into the midst of the valley, according to the order of the king, and according to the order of the king, and according to the order of the king, and according to the order of the king, and according to the order of the king, and according to the order of the king, and according to the order of the king, and according to the order of the king, and according to the order of the king, and according to the order of the king, and according to the order of the king, and according to the order of the king, and according to the order of the king.",0.21239870616599366
1524,रुक्मपुङ्खैःप्रसन्नाग्रैरधोगतिभिराशुगैः नाराचैरर्धनाराचैर्भल्लैरञ्जलिकैरपि विव्याधवत्सदन्तैश्चसिंहदंष्ट्रैःक्षुरैस्तथा,रुक्मपुङ्खैः प्रसन्नाग्रैः अधोगतिभिः आशुगैः नाराचैः अर्थनाराचैः भल्लैः अञ्जलिकैरपि वत्सदन्तैश्च सिंहदंष्ट्रैः तथा क्षुरैः विव्याध,"They are filled with joy, they are filled with joy, they are filled with joy, they are filled with joy, they are filled with joy, they are filled with joy, they are filled with joy, they are filled with joy, they are filled with joy, they are filled with joy, they are filled with joy, they are filled with joy, they are filled with joy, they are filled with joy, they are filled with joy, they are filled with joy, and they are filled with joy.","They will mourn, they will cry, they will cry, they will cry, they will cry, they will cry, they will cry, they will cry, they will cry, they will cry, and they will die.",3.3043263894874113
1525,यथाप्रत्यूषसमयेचतुर्णांसागराम्बसाम् पूर्णघटैःप्रतीक्षध्वंतथाकुरुतवानराः,वानराः चतुर्याम् सागराम्बसाम् पूर्णैः घटैः प्रत्यूषसमये यथा प्रतीक्षध्वम् तथाकुरुत,"As it was about to dawn, the four waves of the sea began to sink.","And the monkeys in the four seas were filled with wild beasts, and they were ready for the season.",4.545545587941097
1526,चन्द्रे लक्ष्मीः प्रभा सूर्ये गतिर्वायौ भुवि क्षमाएतत्तु नियतं सर्वं त्वयि चानुत्तमं यशः,चन्द्रे लक्ष्मीः सूर्ये प्रभा वायौ गतिः भुवि क्षमा एतत् सर्वम् नियतम् त्वयि अनुत्तमम् यशः च,"The moon, the moon, the sun, the moon, the moon, the moon, the moon, the moon, the moon, the moon, the moon, the moon, the moon, the moon, the moon, the moon, the moon, the sun, the moon, the moon, the moon, the moon, the moon, the moon, the moon, the moon, the moon, the moon, the moon, the moon, the moon, the moon, the moon, the moon, the moon, the moon, the moon, the moon, the moon, the moon, the moon, the moon, the moon, the moon, the moon, the moon, the moon, the moon, the moon, the moon, the moon, the moon, the moon, the moon, the moon, the moon, the moon, the moon, the moon, the moon, the moon, the moon, the moon, the moon, and the moon.","The moon, the moon, the sun, the wind, the earth, and everything else.",5.040870753471304
1527,मम स्नेहाच्च सौहार्दादिदमुक्तंत्वयाऽनघेपरितुष्टोऽस्म्यहं सीते न ह्यनिष्टोऽनुशिष्यते,अनघे मम स्नेहाच्च सौहार्दात् त्वया इदम् उक्तम् सीते अहम् परितुष्टः अस्मि अनिष्टः न अनुशिष्यते हि,"If anyone has given up his love and affection but has not given up his life, he will not be cut off.","And you, my dear friend, have said this: ""I have sinned, and I will not be reproved.",6.964541799727335
1528,तर्जापयतिमांनित्यंभर्त्सापयतिचासकृत् राक्षसीभिस्सुघूराभिर्यामांरक्षन्तिनित्यशः,याः माम् नित्यशः रक्षन्ति सुघोराभिः राक्षसीभिः माम् असकृत् नित्यम् तर्जापयति भर्त्सापयति,"They will be thrown into the darkness, and they will be thrown into the depths of hell.","For he that saveeth me continually, and the wicked, and the wicked, and the wicked, are continually trying to destroy me.",3.5222325129674403
1529,पश्य लक्ष्मण वैदेह्या सन्त्यक्तं ह्रियमाणयाउत्तरीयमिदं भूमौ शरीराद्भूषणानि च,लक्ष्मण ह्रियमाणया वैदेह्या शरीरात् भूमौ सन्त्यक्तम् इदम् उत्तरीयम् भूषणानि च पश्य,"And behold, Lakshman is full of weeds, and green, and green, and northern, and earthly, and fleshly, and fleshly,","And behold, the body of Bethesda is on the ground, and the north side of the threshing floor.",7.066026049079721
1530,नचेदंग्रहणंप्राप्यभेत्तव्यंजीवितंप्रति न्यस्तशस्त्रौगृहतौवानदूतौवधमर्हतः,इदम् ग्रहम् प्राप्य जीवितंप्रति न वा भेतव्यम् न्यस्तशस्त्रौ गृहीतौ दूतौ वदम् अर्हतः,"And when they had received the harvest, they threw down their weapons of war and fell down.","""Say to the angels who have taken up their weapons of war, 'Do not swear by the earth or by the living.",10.62962501934533
1531,यदसौ मातुलकुले दत्तराज्यं परं सुखीभरतो वसति भ्रात्रा शत्रुघ्नेन समन्वितः तच्छीघ्रं जवना दूता गच्छन्तु त्वरितैर्हयैःआनेतुं भ्रातरौ वीरौ किं समीक्षामहे वयम्,दत्तराज्यम् असौ भरतः भ्रात्रा शत्रुघ्नेन समन्वितः यत् मातुलकुले परम् सुखी वसति तत् वीरौ भ्रातरौ आनेतुम् जवनाः दूताः त्वरितैः हयैः शीघ्रम् गच्छन्तु वयम् किम् समीक्षामहे,"Now that we have received the kingdom of heaven and are filled with joy, how can we expect our brothers and heroes to bring their young men and their enemies with them?",Let us hope that the kingdom of heaven will be filled with brothers and sisters and that they will be joined together by their enemies. Let us hope that the mighty ones who live in our homeland will come to our brothers and sisters. Let us hope that they will come soon.,6.993761158194285
1532,श्रावणेचास्यमन्त्रस्यनिवृत्तास्सर्वमन्त्रिणः अवश्यंचमयावाच्यंयद्दृष्टमपिवाश्रुतम् सम्विधाययथान्यायंतद्भवान् कर्तुमर्हति,अस्य: मन्त्रस्य: श्रावणे: सर्वमन्त्रिणः निवृत्ताः यत् दृष्टम् अपिवा: श्रुतम् मया: अवश्यम् वाच्यम् तत् भवान् यथान्यायम् सम्विधाय: कर्तुम् अर्हति:,He who is in charge of the hearers must also be in charge of those who hear the hearings.,This is what I have seen and heard. Read what I have heard and what I have heard. Do what is right and do what is right.,1.3809851504530963
1533,जन्म रामस्य सुमहद्वीर्यं सर्वानुकूलताम् लोकस्य प्रियतां क्षान्तिं सौम्यतां सत्यशीलताम्,रामस्य जन्म सुमहत् वीर्यम् सर्वानुकूलताम् लोकस्य प्रियताम् क्षान्तिम् सौम्यताम् सत्यशीलताम्,"be generous, be polite, be polite, love your neighbor, be gentle, be truthful,","She gave birth to a son, a son, a daughter, a daughter, a son, a daughter, a daughter, a daughter, a daughter, a daughter, a daughter, a daughter, a daughter, a daughter, a daughter, a daughter, a daughter, a daughter, a daughter, a daughter, a daughter, a daughter, a daughter, a daughter, a daughter, a daughter, a daughter, a daughter, a daughter, a daughter, a daughter, a daughter, a daughter, a daughter, a daughter, a daughter, a daughter, a daughter, a daughter, a daughter, a daughter, a daughter, a daughter, a daughter, a daughter, a daughter, a daughter, a daughter, a daughter, a daughter, a daughter, a daughter, a daughter, a daughter, a daughter, a daughter, a daughter, a daughter, a daughter, a daughter, a daughter, a daughter, a daughter, a daughter, a daughter, a daughter, a daughter, a daughter, a daughter, a daughter, a daughter, a daughter, a daughter, a daughter, a daughter, a daughter, a daughter, a daughter, a daughter, a daughter, a daughter, a daughter, a daughter, a",1.3468122366082055e-05
1534,सूर्यप्रभेव शैलाग्रे तस्याः कौशेयमुत्तमम्असिते राक्षसे भाति यथा वा तटिदम्बुदे,असिते राक्षसे तस्याः उत्तमम् कौशेयम् शैलाग्रे सूर्यप्रभेव अम्बुदे यथा वा तटित् यथा भाति,"When the sun came up, he was like a giant sea monster with his best skills.","And her beauty was like the shining of the sun, and her beauty was like the shining of the sea.",5.594566754870142
1535,स्थिरा मया प्रतिज्ञाता प्रतिज्ञा गुरुसन्निधौप्रहृष्यमाणा सा देवी कैकेयी चाभवत्तदा,मया गुरुसन्निधौ स्थिरा प्रतिज्ञा प्रतिज्ञाता तदा सा देवी कैकेयी च प्रहृष्यमाणा अभवत्,"When I came to Caiaphas, the goddess of the hearth,","When I made a vow to my teacher that I would keep my promise to him, she and the goddess Caecai came to my ears.",3.4930927262171005
1536,इत्येतद्वाक्यमादायरक्षसेन्द्रस्यराक्षसाः निर्ययुस्तेरथैःशीघ्रैर्नानानीकैश्चसंयुताः,ते राक्षसाः राक्षसेन्द्रस्य इति एतत् वाक्यम् आदाय शीघ्रैः रथैः नानानीकैश्च संयुताः निर्ययुः,"When he had said this, the dragon's staff was dispersed, and immediately Huron and his companions were gathered together.","They said, ""It's a monster! It's a monster!"" And they quickly gathered together chariots and cattle.",4.546308713404574
1537,इमौ स्म मुनिशार्दूल किङ्करौ समुपस्थितौआज्ञापय यथेष्टं वै शासनं करवाव किम्,मुनिशार्दूल किङ्करौ इमौ समुपस्थितौ स्म यथेष्टम् आज्ञापय किम् शासनम् करवाव,Let him be bound with chains and bound in order to obey those who rule over him.,"They were present at the palace of the governor, who ordered them to rule as much as they could.",2.571013894117821
1538,एवमस्त्रविदां श्रेष्ठस्सत्यवान्बलवानपिकिमर्थमस्त्रं रक्षस्सु न योजयसि राघव,राघव एवम् अस्त्रविदाम् श्रेष्ठः सत्यवान् बलवानपि रक्षस्सु अस्त्रम् किमर्थम् न योजयसि,"""Do not take with you the weapons of a mighty man.",How much more powerful and faithful are the weapons of war?,11.498759556447222
1539,देवतानां वचश्श्रुत्वा भगवान्वै पितामह:प्रत्युवाच सुसन्त्रस्तान्कृतान्तबलमोहितान्,भगवान् पितामह: देवतानाम् वच: श्रुत्वा कृतान्तबलमोहितान् सुसन्त्रस्तान् प्रत्युवाच,"""My God and Father, "" he replied"", I was overwhelmed.","God the Father said to the gods, ""Thanks be to those who are strong and well armed.",4.956379080516413
1540,ततस्समेतावतितीक्ष्णवेगौ महाबलौ तौ रणनिर्विशङ्कौकपिश्च रक्षोधिपतेस्तनूजः सुरासुरेन्द्राविव बद्धवैरौ,ततः अतितीक्ष्णवेगौ महाबलौ रणनिर्विशङ्कौ तौ कपिश्च रक्षोधिपतेः तनूजः बद्धवैरौ सुरासुरेन्द्राविव समेतौ,"They were surrounded by great powers and mighty men, who could not be trusted with anything. They were led by the captain of the guard, who was chained to a sword and a sword.","Then came the mighty warriors, the mighty warriors, the mighty warriors, the mighty warriors, the mighty warriors, the mighty warriors, the mighty warriors, the mighty warriors, the mighty warriors, the mighty warriors, the mighty warriors, the mighty warriors, the mighty warriors, the mighty warriors, the mighty warriors, the mighty warriors, the mighty warriors, the mighty warriors, the mighty warriors, the mighty warriors, the mighty warriors, the mighty warriors, the mighty warriors, the mighty warriors, the mighty warriors, and the mighty warriors.",0.256479820661463
1541,ये दूषयन्त्यदुष्टं मां तप उग्रं समास्थितम्भस्मीभूता दुरात्मानो भविष्यन्ति न संशय:,उग्रम् तप: आस्थितम् अदुष्टम् माम् ये दूषयन्ति दुरात्मान: भस्मीभूता: भविष्यन्ति संशय: न,Those who keep on speaking against me will be overtaken by evil spirits.,I am filled with fury. I am filled with evil spirits. I am terrified. I have no hope for the future.,4.818230864011296
1542,मणिरत्नमिदं दत्तं वैदेह्याश्श्वशुरेण मे वधूकाले यथाबद्धमधिकं मूर्ध्नि शोभते,वधूकाले मूर्ध्नि आबद्धम् यथा शोभते इदम् मणिरत्नम् मे श्वशुरेण वैदेह्याः दत्तम्,"The bride is adorned with fine jewelry, the jewel of God's gift of silver.","These gems were given to witnesses in pure gold and silver, just as the bride adorned herself with gold.",2.9103273021008236
1543,कथं त्वं तस्य वैदेहीं रक्षितां स्वेन तेजसाइच्छसि प्रसभं हर्तुं प्रभामिव विवस्वतः,त्वम् तस्य स्वेन तेजसा रक्षिताम् वैदेहीम् विवस्वतः प्रभामिव प्रसभम् हर्तुम् कथम् इच्छसि,"He said to him, ""Put your hands on your shoulders to protect you from your enemies and to protect you from your enemies.",You want to keep him in your own glory and to give birth to the one who is invisible.,3.951744928978941
1544,आप्लवन्तःप्लवन्तश्चगर्जन्तश्चप्लवङ्गमाः तदच्नित्यमसह्यंचह्यद्भुतंरोमहर्षणम् ददृशुस्सर्वभूतानिसागरेसेतुबन्धनम्,प्लवङ्गमाः आप्लवन्तः प्लवन्तश्च गर्जन्तश्च सर्वभूतानि आच्नित्यम् असह्यंच अद्भुतम् रोमहर्षणम् सागरे तत् सेतुबन्दनम् ददृशुः,"The sailors, sailors, fishermen, and seagulls left the ship, and the two giants of the sea were thrown into the sea.","The waters of the sea were filled with storms, waves, and rumblings.",11.902001907030836
1545,ततो रम्भस्त्वनुप्राप्तस्तरुणादित्यसन्निभःअयुतेनावृतश्चैव सहस्रेण शतेन च,ततः तरुणादित्यसन्निभः रम्भः अयुतेना सहस्रेण शतेन च वृतः अनुप्राप्तः,"The angel who received the stone stood up, with the seven dead and the seven dead, and the thousand and twenty.","And they were numbered, from the young to the old, from the old to the new, from the old to the new, from the new to the new, from the new to the new, from the new to the new, from the new to the new, from the new to the new, from the new to the new, from the new to the new, from the new to the new, from the new to the new, from the new to the new, from the new to the new, from the new to the new.",0.07109881455331879
1546,कामं न त्वंसमाधेयःपुरन्दररथोचितः युयुत्सुरहमेकाग्रःस्मारयेत्वां न शिक्ष्ये,पुरन्दररथोचितः त्वम् कामम् न समाधेयः अहम् एकाग्रः युयुत्सुः त्वाम् स्मारये न शिक्ष्ये,Do not work for your own money or for the sake of your own children. Do not give them the gift of youth.,"You are an old man, do not put up with it. I am a young man, and I do not want to remind you of it.",1.8440095648461559
1547,आवृतस्सगिरिस्सर्वैस्सैस्समन्तात् प्लवङ्गमैः अयुतानांसहस्रंचपुरींतामभ्यवर्तत,सःगिरिः समन्तात् तैः प्लवङ्गमैः आवृतः अयुतानाम् सहस्रम् ताम् पुरीम् अभ्यवर्तत,"When we had sailed from Pergamum, we sailed along the coast of Pergamum.","When he heard this, they got into the boat and were joined by a crowd of about a thousand.",2.634169649402236
1548,इक्ष्वाकुवंशे धर्मिष्ठे गते नाशमसंशयम्भविष्यन्ति प्रजास्सर्वाश्शोकसन्तापपीडिताः,धर्मिष्ठे इक्ष्वाकुवंशे नाशम् गते सर्वाः प्रजाः असंशयम् शोकसन्तापपीडिताः भविष्यन्ति,"But when the righteous ones are destroyed, they will perish, and all the people will be tormented and tormented.","When the righteous and the wicked perish, all peoples will mourn and mourn forever.",6.14297303735283
1549,अरविन्दोत्पलवतीं पद्मसौगन्धिकायुताम् पुष्पिताम्रवणोपेतां बर्हिणोद्घुष्टनादिताम्तिलकैर्बीजपूरैश्च धवैश्शुक्लद्रुमैस्तथा पुष्पितैः करवीरैश्च पुन्नागैश्च सुपुष्पितैःमालतीकुन्दगुल्मैश्च भाण्डीरैर्निचुलैस्तथा अशोकैस्सप्तपर्णैश्च केतकैरतिमुक्तकैःअन्यैश्च विविधैर्वृक्षैः प्रमदामिव भूषिताम् समीक्षमाणौ पुषपाढ्यं सर्वतो विपुलद्रुमम्कोयष्टिकैश्चार्जुनकैश्शतपत्रैश्च कीरकैः एतैश्चान्यैश्च विहगैर्नादितं तु वनं महत्ततो जग्मतुरव्यग्रौ राघवौ सुसमाहितौ तद्वनं चैव सरसः पश्यन्तै शकुनैर्युतम्,ततः राघवौ अरविन्दोत्पलवतीम् पद्मसौगन्धिकायुताम् पुष्पिताम्रवणोपेताम् बर्हिणोद्घुष्टनादिताम् तिलकैः बीजपूरैश्च धवैः तथा शुक्लद्रुमैः पुष्पितैः करवीरैश्च सुपुष्पितैः पुन्नागैश्च मालतीकुन्दगुल्मैश्च भाण्डीरैः तथा निचुलैः अशोकैः अतिमुक्तकैः अन्यैः विविधैः वृक्षैश्च भूषिताम् प्रमदामिव सर्वतः समीक्षमाणौ पुष्पाढ्यम् विपुलद्रुमम् कोयष्टिकैश्च अर्जुनकैः शतपत्रैः कीरकैः एतैः अन्यैः विहगैश्च नादितम् महत् शकुनैः युतम् वनम् पश्यन्तौ अव्यग्रौ सुसमाहितौ सरसः तत् वनम् जग्मतुः,"the pomegranate, the pomegranate, the myrrh, the myrrh, the myrrh, the myrrh, the hyssop, the myrrh, the myrrh, the myrrh, the myrrh, the myrrh, the myrrh, the hyssop, the myrrh, the myrrh, the myrrh, the myrrh, the hyssop, the myrrh, the myrrh, the myrrh, the myrrh, the hyssop, the myrrh, the myrrh, the myrrh, the myrrh, the myrrh, the hyssop, the myrrh, the myrrh, the myrrh, the hyssop, the myrrh, the myrrh, the myrrh, the myrrh, the","Then came the rainbow, the pomegranate, the pomegranate, the myrrh, the myrrh, the myrrh, the hyssop, the myrrh, the myrrh, the myrrh, the myrrh, the myrrh, the myrrh, the hyssop, the myrrh, the myrrh, the hyssop, the myrrh, the oak, the oak, and many other kinds of trees. I gave them to every one to see, and to see, and to see, and to see.",46.55041012601833
1550,चक्षुषा तव सौम्येन पूतास्मि रघुनन्दनगमिष्याम्यक्षयान्लोकांस्त्वत्प्रसादादरिन्दम,रघुनन्दन तव सौम्येन चक्षुषा पूता अस्मि अरिन्दम त्वत्प्रसादात् अक्षयान् लोकान् गमिष्यामि,"I will come to you with joy and gladness because of you, my son, and because of you I will give glory to those who see you.",I am happy because of you. I am happy because of you. I am glad because of your sacrifice to those who are weak.,11.764741097430345
1551,प्तासैःप्रमथिताःकेचिद्वानराश्शोणितस्रवाः मुद्गरैराहताःकेचित्पातिताधरणीतले,केचित् वानराः प्रासैः प्रमथिताः शोणितस्रवाः केचित् मुद्गरैः आहताः धरणीतले पातिताः,"Some were stoned to death, some to death, some to death, some to death.","Some fell on the ground, some on the ground, some on the ground, some on the ground, some on the ground, some on the ground, some on the ground, some on the ground, some on the ground, some on the ground, some on the ground, some on the ground, some on the ground, some on the ground, some on the ground, some on the ground, some on the ground, some on the ground, some on the ground, some on the ground, some on the ground, some on the ground, some on the ground, some on the ground, some on the ground, some on the ground, some on the ground.",0.011369871150155784
1552,शतान्यथ सहस्राणां कोट्यश्च मम शासनात्प्रयान्तु कपिसिंहानां दिशो मम मते स्थिताः,मम दिशः मम मते स्थिताः कपिसिंहानाम् शतानि सहस्राणां कोट्यश्च मम शासनात् प्रयान्तु,"I stood before the lions, and before the lions, and before the lions, and before the lions, and before the lions, and before the lions, and before the lions, and before the lions, and before the lions, and before the lions, and before the lions, and before the lions, and before the lions, and before the lions, and before the lions, and before the lions, and before the lions, and before the lions, and before the lions.","And there were ten thousand of them that stood before me, and there were ten thousand of them that stood before me, and there were ten thousand of them that stood before me, and there were ten thousand of them that stood before me, and there were ten thousand of them that stood before me, and there were ten thousand of them that stood before me, and there were ten thousand of them that stood before me, and there were ten thousand of them that stood before me.",2.342347903652849
1553,अनुक्त्वापरुषंवाक्यंकिञ्चिदप्यनवक्षिपन् अविकत्थन्वधिष्यामित्वांपश्यपुरुषाधम,पुरुषाधम परुषम् वाक्यम् किञ्चिदपि अनुक्त्वा अनवक्षिपन् अविकत्थन् त्वाम् वधिष्यामि पश्य,"It is a shameful thing for a man to say a few words to a woman, for he is a man of few words, a man of few words.","Some of the Pharisees stopped and said, ""Look, I tell you the truth!",1.5266081935888858
1554,रुक्मनिष्कसहस्रे द्वे षोडशाश्वशतानि चसत्कृत्य कैकयीपुत्रं केकयो धनमादिशत्,केकयः कैकयीपुत्रं सत्कृत्य द्वे रुक्मनिष्कसहस्रे षोडश अश्वशतानि च धनम् आदिशत्,He died at the age of one thousand two hundred and sixty-six years.,"Others, like the son of Cain, were good and brought him two thousand talents and six hundred horses.",2.801695585069392
1555,वीचीकूचीतिवाश्य्नत्यश्शारिकावेश्मसुस्थिताः पतन्तिग्रथिताश्चापिनिर्जिताःकलहैषिणः,वेश्मसु स्थिताः शारिकाः कलहैषिणः निर्जिताः वीचीकूचीति वाश्यन्तः ग्रथिताश्चापि पतन्ति,"Those who are weary and naked will fall, and those who are weary will be cut off.","The prostitutes, the prostitutes, the prostitutes, the uncircumcised, the greedy,",2.0244462660665508
1556,स राजा मन्त्रिसहित स्सोपाध्याय: सबान्धव: वाक्यं वाक्यविदां श्रेष्ठो वैदेहमिदमब्रवीत्,मन्त्रिसहित: सबान्धव: स: वाक्यविदाम् श्रेष्ठ: राजा वैदेहम् इदम् वाक्यम् अब्रवीत्,"And the king said to him, ""Go to the king, and tell him what you want to say"".","And the king said to him, Behold, I am with thee, and I am with thee, and I am with thee, and I am with thee, and I am with thee, and I am with thee, and I am with thee, and I am with thee, and I am with thee, and I am with thee, and I am with thee, and I am with thee, and I am with thee, and I am with thee, and I am with thee, and I am with thee.",0.841802451290313
1557,यथासुखं पर्वतनिझरेषुवनेषु सर्वेषु च वानरेन्द्राःनिवेशयित्वा विधिवद्बलानिबलं बलज्ञः प्रतिपत्तुमीष्टे,वानरेन्द्राः पर्वतनिझरेषु सर्वेषु वनेषु च यथासुखम् विधिवत् बलानि निवेशयित्वा बलज्ञः बलम् प्रतिपत्तुम् ईष्टे,"They made their way into every hill country, into every valley, into every valley, into every forest, into every valley, into every hill, into every valley, into every valley, into every valley, into every valley, into every hill, into every valley, into every valley, into every valley, into every valley, into every hill, into every valley, into every valley, into every valley, into every valley, into every valley, into every valley, into every valley, into every valley, into every valley, into every valley, into every valley, into every valley, into every valley, into every valley, into every valley, into every valley, into every valley, into every valley, into every valley, into every valley, into every valley.","And the birds of the air, and the birds of the air, and the birds of the air, and the birds of the air, and the birds of the air, and the birds of the air, and the birds of the air, and the birds of the air, and the birds of the air, and the birds of the air, and the birds of the air, and the birds of the air, and the birds of the air, and the birds of the air, and the birds of the air, and the birds of the air, and the birds of the air, and the birds of the air.",0.4806980125100431
1558,ताम्रं कार्ष्णायसं चैव तैक्ष्ण्यादेवाभ्यजायत मलं तस्याभवत्तत्र त्रपु सीसकमेव चतदेतद्धरणीं प्राप्य नानाधातुरवर्धत,तत्र तैक्ष्ण्यात् ताम्रम् कार्ष्णायसम् चैव अभ्यजायत तस्य मलम् त्रपु सीसकमेव अभवत् तत् एतत् धरणीम् प्राप्य नानाधातु: अवर्धत,"After he had dipped the water into the water, he found three cubits of water and four cubits of water, and it grew stronger.","When he reached the top of the hill, he saw a pool of bronze and bronze. The hill had a diameter of three cubits. The hill reached the top of the hill, and the hill fell to the ground.",3.1657240927168906
1559,निषसाद च हस्तेन गृहीत्वा वालिनस्सुतम् रमणीये वनोद्देशे महेन्द्रस्य गिरेस्तदा,तदा वालिनः सुतम् हस्तेन गृहीत्वा महेन्द्रस्य गिरेः रमणीये वनोद्धेशे निषसाद च,He took Nicodemus by the hand and led him into the wilderness of Ramuniah.,Then the shepherds took him by the hand and put him to sleep.,19.5647514979229
1560,सत्यधर्मपरश्श्रीमान् सङ्ग्रहानुग्रहे रतःदेशकालविभागज्ञस्सर्वलोकप्रियंवदः,सत्यधर्मपरः श्रीमान् सङ्ग्रहानुग्रहे रतः देशकालविभागज्ञः सर्वलोकप्रियंवदः,"and those who fear the truth, and those who love the truth, and those who love the truth, and those who love the truth, and those who love the truth, and those who love the truth, and those who love the truth, and those who love the truth, and those who love the truth, and those who love the truth, and those who love the truth, and those who love the truth, and those who love the truth, and those who love the truth, and those who love the truth, and those who love the truth, and those who love the truth, and those who love the truth, and those who love the truth, and those who love the truth, and those who love the truth and those who love the truth.","a man of godly devotion, a man of wealth and grace, a man of distinction, a man well-liked by all.",0.34897691676878684
1561,सचित्यो राजसिंहस्य सञ्चित: कुशलैर्द्विजै:गरुडो रुक्मपक्षो वै त्रिगुणोऽष्टादशात्मक:,कुशलै: द्विजै: रुक्मपक्ष: त्रिगुण: अष्टादशात्मक: गरुड: राजसिंहस्य सचित्य: सञ्चित:,"And the right hand of the lion, and the right hand of the eagle, and the right hand of the eagle, and the right hand of the lion, and the left hand of the eagle, and the left hand of the eagle, and the right hand of the lion, and the left hand of the eagle, and the left hand of the eagle, and the right hand of the lion, and the left hand of the eagle, and the left hand of the eagle, and the right hand of the lion, and the left hand of the eagle, and the right hand of the lion, and the left hand of the eagle, and the right hand of the lion, and the left hand of the eagle, and the right hand of the lion, and the right hand of the lion, and the right hand of the lion.","As for the eagle, it is like an eagle, and it is like a lion, and it is like an eagle, and it is like a lion, and it is like an eagle, and it is like a lion, and it is like a lion, and it is like a lion, and it is like a lion, and it is like a lion, and it is like a lion, and it is like a lion, and it is like a lion, and it is like a lion, and it is like a lion, and it is like a lion, and it is like a lion.",5.987056220588366
1562,एवं दत्वा वरं देवो देवानां विष्णुरात्मवान्मानुषे चिन्तयामास जन्मभूमिमथात्मन:,आत्मवान् विष्णु: देव: देवानाम् एवम् वरम् दत्वा अथ आत्मन: मानुषे जन्मभूमिम् चिन्तयामास,"And he said, ""The spirit of the gods is upon man, and the spirit of the earth is upon him"".","God gave the gods this spirit, and the earth was given to man.",8.77491027594595
1563,दृष्ट्वा सीतां परामृष्टां दीनां दिव्येन चक्षुषा कृतं कार्यमिति श्रीमान्व्याजहार पितामहः,श्रीमान् पितामहः दीनाम् सीताम् परामृष्टाम् दिव्येन चक्षुषा दृष्ट्वा कार्यम् कृतम् इति व्याजहार,"The Lord, our Father, has seen the rains and the hardships of the day.","'My father, sir,' they said, 'worked hard day and night and day and night and day and night and day and night and night and day and night and night and day and night and night and day and night and night and day and night and day and night and night and day and night and night and day and night and night and night and day and night and night and night and night and night and night and night and night and night and day and night and day and night and night and day and night and night and day and night and night and day and night and day and night and day and night and day and night and day and day and night and day and day and night and day and day and day and day and night and day and day and day and day and night and day and day and day and day and day and day and night and day and day and day and day and day and day and day and day and day and night and day and day and day and day and day and day and day and day and day and day and day and day and day and day and day and day and day and day and day and day and day and day and day and day and day and day and day and day.",6.051139219345281e-06
1564,सा प्राप्तकालं कैकेयि क्षिप्रं कुरु हितं तवत्रायस्व पुत्रमात्मानं मां च विस्मयदर्शने,कैकेयि सा तव हितम् प्राप्तकालम् क्षिप्रम् कुरु विस्मयदर्शने पुत्रम् आत्मानम् मां च त्रायस्व,For she has seen the Spirit of your Son and me.,"In the meantime, do as you please, and save me, my son, and the Spirit.",4.372564651695465
1565,येनाहं सहसा स्पृष्टश्शोणितेन दुरात्मना कोऽयं दुरात्मा दुर्भुदि्घरकृतात्मा च बालिशः,दुरात्मना येन अहम् सहसा शोणितेन स्पृष्टः दुरात्मा दुर्भुद्धि: अयम् बालिशः कः,I was being chased by a demon - possessed spirit. I was being chased by a demon - possessed spirit.,I was tempted by an evil spirit. I was tempted by an evil spirit.,15.448759309616733
1566,तदेवंनिश्चयंदृष्टवातत्त्वमास्थायविज्वरः यदिहानन्तरंकार्यंकल्प्यंतदनुचिन्तय,तत् एवम् निश्चयम् दृष्टवा तत्त्वम् आस्थाय विज्वरः इह अनन्तरम् यत् कार्यम् कल्प्यम् तत् अनुचिन्तय,"But if God's purpose was that the waters that flooded the earth should be shaken and the waters that flooded the earth should be shaken and the waters that flooded the earth should be shaken, and the waters that flooded the earth should be shaken, and the waters that flooded the earth should be shaken, and the waters that flooded the earth should be shaken, and the waters that flooded the earth should be shaken, and the waters that flooded the earth, and the waters that flooded the earth, and the waters that flooded the earth, and the waters that flooded the earth, and the waters that flooded them, and the waters that flooded them, and the waters that flooded them,","Having seen this, he was persuaded that he was going to do the things that are to come.",0.40205683777414375
1567,समागम्यप्रवासान्तेरमन्तेसहबान्धवैः शृण्वन्ति य इदंकाव्यंपुरावाल्मीकिनाकृतम्,पुरा वाल्मीकिना कृतम् इदम् काव्यम् ये शृण्वन्ति ते प्रवासास्ते बान्धवैःसह समागम्य रमन्ते,"All the prisoners, traveling from place to place, heard what had happened.",Those who heard this message went on their way and rejoiced with their prisoners.,3.4585921141027365
1568,उच्यमानोऽपि भरतो मया लक्ष्मण तद्वचःराज्यमस्मै प्रयच्छेति बाढमित्येव वक्ष्यति,लक्ष्मण भरतोऽपि अस्मै राज्यम् प्रयच्छ इति उच्यमानः तद्वच: बाढम् इत्येव वक्ष्यति,"Even though he is full of water, I tell him that Lakshman is also working hard for my kingdom.","It is like the mildew that fills the earth, which says, ""Let there be a flood"".",2.5683319547529764
1569,तेतुवानरशार्धूलाःशार्दूलाइवदंष्ट्रिणः गृहीत्वाद्रुमशैलाग्रान्हृष्टायुद्धायतस्थिरे,शार्दूलाःइव दंष्ट्रिणः ते वानरशार्दूलाः हृष्टाः द्रुमशैलाग्रान् गृहीत्वा युद्धाय तस्थिरे,"When they came to the city, they saw that it was raining heavily and that it was raining heavily and that it was raining heavily and that it was raining heavily.",The men of Sardis and his company were defeated. They took hold of the chariots and set out to fight.,1.6794256847485505
1570,यथैव ते पुत्र पिता तथाऽहं गुरु स्स्वधर्मेण सुहृत्तया चन त्वाऽनुजानामि न मां विहायसुदुःखितामर्हसि गन्तुमेवम्,पुत्र स्वधर्मेण सुहृत्तया च ते पिता यथैव तथा अहम् गुरुः त्वा न अनुजानामि सुदुःखिताम् माम् विहाय एवम् गन्तुम् नार्हसि,"I know you as a son and a teacher, and I know you as a righteous man. Don't leave me alone in sorrow.","Just as the son pursues his own righteousness and the father accepts him, so I do not know you as my teacher. Do not leave me alone in your grief.",12.089465034051583
1571,गुणदोषौवनिशिचत्य त्यक्त्यादैवव्यपाश्रयम् करिष्यामीतियःकार्यमुपेक्षेत्सनराधमः,यः गुणदोषौ: न: निश्चित्य: व्यक्तम् दैवव्यपाश्रयः करिष्यामिइति: कार्यम् उपेक्षेत् सः नराधमः,Let us work hard and give thanks for the good work we have done.,"If a man does not consider himself worthy of anything, and does not consider himself worthy of anything, and does not consider himself worthy of anything,",1.033421557416091
1572,अथवा गम्यतां शीघ्रं नाहमिच्छामि निर्घृणाम् नृशंसां कैकयीं द्रष्टुं यत्कृते व्यसनं महत्,अथवा शीघ्रम् गम्यताम् यत्कृते महत् व्यसनम् निर्घृणाम् नृशंसाम् कैकयीम् द्रष्टुम् अहम् नेच्छामि,"Or, I don't want to lose weight quickly. I want to see how many people are addicted to drugs.","Or, I would like to see some of you go on a diet that is too much for you.",8.461633959345022
1573,स हि राजा जनयिता पिता दशरथो ममआज्ञातं यन्मया तस्य न तन्मिथ्या भविष्यति,मम पिता सः राजा दशरथः जनयिता हि मया तस्य यत् आज्ञातं तत् मिथ्या न भविष्यति,"He will be the son of a king, the son of a king, and the son of a king whom I know, and he will never change his mind.","I have borne the king, my father, and I will not lie to him.",3.7776418604808364
1574,नदर्शयतिसाम्नामेसागरोरूपमात्मनः चापमानयसौमित्रेशरांश्चाशीविषोपमान् सागरंशोषयिष्यामिपद् भ्यांयान्तुप्लवङ्गमाः,सागरः साम्ना मे आत्मानम् नदर्शयिती सौमित्रे चापम् आशीविषोषमान् शरांश्च आनय समुद्रम् शोषयिष्यामि प्लवङ्गमाः पद् ब्याम् यान्तु,"and he will see that I am going down into the sea like a sea of vultures, fools, and ambushes, and ambushes and ambushes.","And the Spirit appeared before me, and I brought the sails of the sea, and the sails of the sea, and the sails of the sea, and the sails of the sea, and the sails of the sea.",3.1693236512719536
1575,निवृत्तवनवासस्त्वामनृणो जगतीपतेःपुनर्द्रक्ष्यामि मात्रा च पित्रा च सह सङ्गतः,जगतीपतेः अनृणः निवृत्तवनवासः मात्रा च पित्रा च सङ्गतः त्वाम् पुनः द्रक्ष्यामि,"""I will see you again, you who have fallen away, and the prince of this world. I am with the Father and with the Father,","""I will see you again, you lost friends of the world. I will see you again in the Father's presence.",28.61537129005195
1576,पत्रं मूलं फलं यत्त्वमल्पं वा यदि वा बहुदास्यसि स्वयमाहृत्य तन्मेऽमृतरसोपमम्,त्वम् यत् पत्रम् मूलम् फलम् अल्पं वा यदि वा बहु स्वयम् आहृत्य दास्यसि तत् मे अमृतरसोपमम् भवेत्,"For if you write a letter and it bears little fruit, or if it bears much fruit, it is as if you were dead.","Whether your letter be of little fruit or of much fruit, it bears fruit in itself.",12.413032983132748
1577,प्रभिन्नशिरसःकेचिछचिन्नैःपादैश्चबाहुभिः शस्स्रैरर्दितदेहाभ्यरुधिरेणसमुक्षिताः हरयोराक्षसाश्चैवशेरतेगांसमाश्रिताः कङ्कगृध्रवळैराढ्याश्चगोमायुगलसङ्कुलाः,केचित् हरयः राक्षसाश्चैव प्रभिन्नशिरसः छिन्नैः पादैः बाहुभिः शस्त्रै : आर्दितदेहाः रुधिरेण समुक्षिताः कङ्कगृध्रावळैराढ्याश्च गोमायुगलसङ्कुलाः गाम् समाश्रिताः शेरते,They were covered with blood on their heads and on their feet and on their hands and on their hands. They were covered with blood on their heads and on their feet and on their feet. They were covered with blood on their heads and on their feet.,"Among them were green beasts, beasts of all kinds, beasts of all kinds, beasts of all kinds, beasts of all kinds, beasts of all kinds, beasts of all kinds, beasts of all kinds, beasts of all kinds, beasts of all kinds, beasts of all kinds, beasts of all kinds, beasts of all kinds, beasts of all kinds, beasts of all kinds, beasts of all kinds, beasts of all kinds, beasts of all kinds, beasts of all kinds, beasts of all kinds, beasts of all kinds, beasts of all kinds, beasts of all kinds, beasts of all kinds, beasts of all kinds, beasts of all kinds, beasts of all kinds.",0.1604700524094487
1578,जनस्यास्याल्पभाग्यत्वाद्वलिनीश्वेतमूर्धजा अकार्यमपहास्यं च सर्वलोकविगर्हितम् राक्षसानांविनाशायदूषणस्यखरस्य च चकाराप्रतिरूपासाराघवस्यप्रधर्षणम्,वलिनी श्वेतमूर्धजा अप्रतिरूपा अस्यजनस्य अल्पभाग्यत्वात् राक्षसानाम् दूषणस्य खरस्य च विनाशाय अकार्यम् अपहास्यम् सर्वलोकविगर्हितम् राघवस्य प्रधर्षणम् चकार,"They are filled with fierce anger and anger, and they are filled with evil spirits, evil spirits, corrupt spirits, and evil spirits.","This man, a white-skinned man, was unfortunate because of his misfortune. He cursed evil spirits and corrupted wild animals. He killed wild animals and destroyed the entire world.",3.0399751796599253
1579,एषशैलैश्शिलाभिश्चपूरयित्वामहार्णवम् द्वारमाश्रित्यलङ्कायारामस्तिष्ठतिसायुधः,एष राम शैलै शिलाभिश्च महावर्णवम् पूरयित्वा सायुध लङ्काया द्वारम् आश्रित्य तिष्ठति,"It was filled with silverware and silverware. It was placed at the main entrance of the gate, and there was a window.","He stood at the entrance to the gate of the city, filled with stone walls and granite walls.",6.524019201223846
1580,प्रसीद शिरसा याचे भूमौ निपतितास्मि तेयाचितास्मि हता देव क्षन्तव्याऽहं न हि त्वया,देव प्रसोद भूमौ निपतिता अस्मि शिरसा याचे ते याचिता हता अस्मि अहम् त्वया न क्षन्तव्या हि,"Then I fell down on the ground and said, ""It is not God who is hurting me.","I have been thrown from heaven to the earth, and I will not harm you, even though they are trying to kill me.",3.8800508109835707
1581,एवमुक्तोमहातेजारावणोराक्षसेश्वरः आजघानानिलसुतंतलेनोरसिवीर्यवान्,एवम् उक्तः महातेजाः वीर्यवान् राक्षसेश्वरः रावणः अनिलसुतम् तलेन उरसि आजघान,So the great and powerful ruler of the kingdom of God sent Lazarus to sleep in the tomb.,"And she said, The queen of Sheba, and the demon-god, Ravan, and Anil, and the king of Ur, and the king of Ur, and the king of Egypt, and the king of Egypt, and the king of Jordan, and the king of Jordan, and the king of Jordan, and the king of Judah, and the king of Judah, and the king of Judah, and the king of Judah, and the king of Judah, and the king of Judah, and the king of Judah, and the king of Judah, and the king of Judah, and the king of Judah, and the king of Judah, and the king of Judah, and the king of Judah, and the king of Judah, and the king of Judah, and the king of Judah, and the king of Judah, and the king of Judah, and the king of Judah, and the king of Judah,",0.0006618655436594255
1582,धनुषस्तस्य वीर्यं तु जिज्ञासन्तो महीक्षित:न शेकुरारोपयितुं राजपुत्रा महाबला:,राजपुत्रा: महाबला: महीक्षित: तस्य धनुष: वीर्यम् जिज्ञासन्त: आरोपयितुम् न शेकु:,"He asked for the bow, but he refused. The king's son refused to shout.","The king's son, the mighty, the mighty, the mighty, the mighty, the mighty, the mighty, the mighty, the mighty, the mighty, the mighty, the mighty, the mighty, the mighty, the mighty, the mighty, the mighty, the mighty, the mighty, the mighty, the mighty, the mighty, the mighty, the mighty, the mighty, the mighty, the mighty, the mighty, the mighty, the mighty, the mighty, the mighty, the mighty, the mighty, the mighty, the mighty.",0.045189882674183834
1583,ता: क्षीरं जातमात्रस्य कृत्वा समयमुत्तमम् ददु: पुत्रोऽयमस्माकं सर्वासामिति निश्चिता:,ता: निश्चिता: अयम् अस्माकम् सर्वासाम् पुत्र: उत्तमम् समयम् कृत्वा जातमात्रस्य क्षीरम् ददु:,"The mother said to him, ""Let's eat some milk. "" Then he said"", We have a son, and he's all of us.","And they said, Behold, we have all our sons, and we eat the flesh of the flock at the right time.",3.848169719653079
1584,तन्मेदहतिगात्राणिविषंपीतमिवाशये हानाथेतिप्रियासामांह्रियमाणायदब्रवीत्,ह्रियमाणा: साप्रिया: हा नाथ इति: अब्रवीत्: इतियत्: तत्: पीतम्: विषम् इव: आशये: मे: गात्राणि: दहति:,"Then Ananias went to her and said to her, ""I love you so much.","And he said unto her, Behold, I am the Lord thy God, and I am the Lord thy God; and I am the Lord thy God.",2.6418854737821666
1585,जनकानां कुले कीर्तिमाहरिष्यति मे सुतासीता भर्तारमासाद्य रामं दशरथात्मजम्,मे सुता सीता दशरथात्मजम् रामम् भर्तारम् आसाद्य जनकानाम् कुले कीर्तिम् आहरिष्यति,"I will give birth to the sons of men, and I will give birth to the sons of men, and I will give birth to the sons of men, and I will give birth to the sons of men, and I will give birth to the sons of men, and I will give birth to the sons of men, and I will give birth to the sons of men, and I will give birth to the sons of men, and I will give birth to the sons of men, and I will give birth to the sons of men, and I will give birth to the sons of men, and I will give birth to the sons of men.","I will bring Sita and Dashar's spirit to Kirthi, and Ram and Bhatar will come to Kirthi among the people of Asad.",1.0163112469553586
1586,पार्श्वेषुदारिताःकेचित्केचिद्राशीकृताद्रुमैः शिलाभिश्चूर्णिताःकेचित्केचिद्धन्तैर्विदारिताः,केचित् पार्श्वेषु दारिताः केचित् द्रुमैः राशीकृताः केचित् शिलाभिः चूर्णिताः केचित् दन्तै विदारिताः,"Some were built on the sides, some on the sides, some on the sides, some on the sides, some on the sides, some on the sides, some on the sides.","Some were thrown at the sides, some were pierced with nails, some were pierced with stones, and some were toothbrushed.",9.127153924501933
1587,परिवृत्तेऽर्धरात्रे तु पाननिद्रावशं गतम्क्रीडित्वोपरतं रात्रौ सुष्वाप बलवत्तदा,रात्रौ क्रीडित्वा उपरतम् पाननिद्रावशं गतम् तदा अर्धरात्रे परिवृत्ते बलवत् सुष्वाप,"On the other side of the hill, we were asleep in the water, and at night a strong wind was blowing.","After a night's sleep, we went upstairs and fell asleep. By the middle of the night, the water had become dry.",6.342387729882368
1588,विमानंपुष्पकंतत्तुसन्निवर्त्यमनोजवम् दीनात्रिजटयासीतालङ्कामेवप्रवेशिता,दीना सीता त्रिजटया मनोजवम् तत् पुष्पकंविमानम् सन्निवर्त्य लङ्कामेव प्रवेशिता,"When we got back from the ship, we were about three o'clock in the afternoon and about three o'clock in the afternoon.","When they reached the sea, they sailed to Langkawi, carrying a fleet of flowers.",2.224972978585352
1589,तंभीमवपुषंदृष्टवारथस्थंरथिनांवरम् अभिपेतुर्महात्मानोयेप्रधानावनौकसः,अथस्थम् रथिनाम् परम् भीमवपुषम् तम् दृष्टवा प्रधानाः महात्मानः ये वनौकसः अभिपेतुः,The first seal was placed by the Holy Spirit on the pillars of the tabernacle and the curtain.,"When the chief priests and the elders saw him standing on the chariot, they saluted him.",6.336859268415405
1590,किंनुवक्ष्यामिकौसल्यांमातरंकिंनुकैकयीम् कथमम्बांसुमित्रांचपुत्रदर्शनलालसाम्,मातरम् कौसल्याम् किंनुवक्ष्यामि कैकयीम् किंनु पुत्रदर्शनलालसाम् अम्बाम् सुमित्राम् कथम्,"""Do not be afraid to ask for help from your mother or from your only son. Do not be afraid to ask for help from your father or from your friend.","I would like to ask my mother's counsel and tell her, 'What do you want me to do with my son?'",2.5889065173943995
1591,नाघातयत्तदारामश्श्रुत्वातत्परिदेवनम् वानरानब्रवीद्रामोमुच्यतांदूतआगतः,तदा: रामः तत् परिदेवनम् श्रुत्वा: नाघातयत् दूतः आगतः मुच्यताम् वानरान् अब्रवीत्,"When the servants heard this, they went out into the wilderness.","When Ram heard the noise, he said, ""The angel has come and rescued the monkeys"".",2.821711598725708
1592,नैतन्मनसिकर्तव्यंमयिजीवतिपार्थिव तमहंनाशयिष्यामियत्कृतेपरितप्यते,पार्थिव मयि जीवति एतत् मनसि न कर्तव्यम् यत्कृते परितप्यते तम् अहम् नाशयिष्यामि,"For I have done a good deed in my body, and I will destroy it.","As long as I live on earth, I do not want to lose any of my work.",3.040233845069022
1593,पितर्युपरतेऽस्माकं ज्येष्ठोऽयमिति मन्त्रिभिःकपीनामीश्वरो राज्ये कृतः परमसम्मतः,तस्मिन् पितरि उपरते अयम् ज्येष्ठः इति राज्ये परमसम्मतः कपीनाम् ईश्वरः मन्त्रिभिः कृतः,"When the two ministers, who were also called the cupbearers, saw that Peter was greater than all of us, they began to give thanks for the kingdom of God.","God gave him a cup of wine, a cup of wine, a cup of wine, a cup of wine, a cup of wine, a cup of wine, a cup of wine, a cup of wine, a cup of wine, a cup of wine, a cup of wine, a cup of wine, a cup of wine, a cup of wine, a cup of wine, a cup of wine, a cup of wine, a cup of wine, a cup of wine, a cup of wine, a cup of wine, a cup of wine, a cup of wine, a cup of wine, a cup of wine,",0.09879032452466407
1594,गदामादायसङ्कृद्धोमत्तोराक्षसपुङ्गवः हरीन् समभिदुद्रावयुगान्तानगिरिवज्वलन्,सङ्कृद्धः राक्षसपुङ्गवः मत्तः गदाम् आदाय ज्वलन् युगान्तानगिरिव हरीन् समभिदुद्राव,"The lights of the fire were green, yellow, green, and blue. The lights of the fire were like the lights of an olive grove.","They are black, they are ravenous, they are drunk, they are ashes, they are burning, they are eternal, they are green and gloomy.",1.9455565649607875
1595,तं निहत्य महाबाहुर्ददाह स्वर्गतश्च स: स चास्य कथयामास शबरीं धर्मचारिणीम् श्रमणीं धर्मनिपुणामभिगच्छेति राघव,महाबाहु: तम् निहत्य ददाह स: स्वर्गतश्च स च राघव धर्मचारिणीम् धर्मनिपुणाम् श्रमणीम् शबरीम् अभिगच्छ अस्य इति कथयामास,"He was a member of the Sanhedrin. He said, ""He is a hard worker who works righteousness and righteousness"".","Then the great ruler said to her, ""Come, you and your wife, who are righteous, and have labored hard in righteousness"".",7.413019418991884
1596,लक्ष्मणोरावणिंप्राप्यरावणिश्चापिलक्ष्मणम् अव्यवस्थाभवत्युग्राताभ्यामन्योन्यविग्रहे,लक्ष्मणः रावणिम् प्राप्य रावणिश्चापि लक्ष्मणम् प्राप्य ताभ्याम् अन्योन्यविग्रहे उग्रा अव्यवस्था भवति,They were thrown out of their homes and thrown into the streets.,"When the oxen and the oxen and the oxen and the oxen and the oxen and the oxen and the oxen and the oxen and the oxen and the oxen and the oxen and the oxen and the oxen and the oxen and the oxen and the oxen and the oxen and the oxen and the oxen and the oxen and the oxen and the oxen and the oxen and the oxen and the oxen and the oxen and the oxen and the oxen and the oxen and the oxen and the oxen and the oxen and the oxen and the oxen and the oxen and the oxen and the oxen and the oxen and the oxen and the oxen and the oxen and the oxen and the oxen and the oxen and the oxen and the oxen and the oxen and the oxen and the oxen and the oxen and the oxen and the oxen and the oxen and the oxen and the oxen and the oxen came together,",1.9352401516327538e-05
1597,एवं तु क्रुद्धया राजा राममात्रा सशोकयाश्रावितः परुषं वाक्यं चिन्तयामास दुःखितः,क्रुद्धया सशोकया राममात्रा एवम् परुषम् वाक्यम् श्रावितः राजा दुःखितः चिन्तयामास,"When the king heard this, he was furious.","When the king heard these words, he was furious and troubled.",40.084360380296616
1598,न साम रक्षस्सु गुणाय कल्पते न दानमर्थोपचितेषु युज्यतेन भेदसाध्या बलदर्पिता जनाः पराक्रमस्त्वेव ममेह रोचते,रक्षस्सु साम गुणाय न कल्पते अर्थोपचितेषु दानम् न युज्यते बलदर्पिताः जनाः भेदसाध्याः न इह मम पराक्रमस्त्वेव रोचते,"I am not attracted to you because of your greatness, nor because of your greatness. I am attracted to you because of your greatness.",The strong do not consider themselves superior to the strong; the rich do not consider themselves superior to the rich; the strong do not consider themselves superior to the mighty;,1.4625251554483123
1599,उष्णाढ्यस्योदनस्यात्र राशय: पर्वतोपमा:मृष्टान्नानि च सूपाश्च दधिकुल्यास्तथैव च नानास्वादुरसानां च षाडबानां तथैव चभाजनानि सुपूर्णानि गौडानि च सहस्रश:,अत्र उष्णाढ्यस्य ओदनस्य पर्वतोपमा: राशय: मृष्टान्नानि च सूपाश्च तथैव दधिकुल्या: नानास्वादुरसानाम् षाडबानाम् सुपूर्णानि भाजनानि गौडानि च सहस्रश:,"in the summer, in the summer, in the summer, in the winter, in the winter, in the winter, in the winter, in the winter, in the winter, in the winter, in the winter, in the winter, in the winter, in the winter, in the winter, in the winter, in the winter, in the winter, in the winter, in the winter, in the winter, in the winter, in the winter, in the winter, in the winter, in the winter, in the winter, in the winter, in the winter, in the winter, in the winter, in the winter, in the winter, in the winter, in the winter, in the winter, in the winter, in the winter, in the winter, in the winter, in the winter, in the winter, in the winter, in the winter, in the winter, in the winter, in the winter, in the winter, in the winter, in the winter, in the winter, in the winter, in the winter, in the winter, in the winter, in the winter, in the winter, and in the winter, in the winter, in the winter, in the winter, and in the winter, in the winter,","And upon the hill of Oden, which was warm, and upon the hill of Oden, and on the hill, and on the hill, and on the hill, and on the hill, and on the hill, and on the hill, and on the hill, and on the hill, and on the hill, and on the hill, and on the hill, and on the hill, and on the hill, and on the hill, and on the hill, and on the hill, and on the hill, and on the hill, and on the hill, and on the hill, and on the hill, and on the hill, and on the hill, and on the hill, and on the hill, and on the hill, and on the hill, and on the hill, and on the hill,",0.7951630965980377
1600,साहमेवं गता श्रेष्ठा श्रुतधर्मपरावराआर्ये किमवमन्येऽहं स्त्रीणां भर्ता हि दैवतम्,आर्ये एवं गता श्रेष्ठा श्रुतधर्मपरावरा सा अहम् किम् अवमन्येयम् स्त्रीणाम् भर्ता दैवतं हि,"In my old age, I have learned that I am not afraid of women.","""A man of the law, a man of the law, a man of the law, a man of the law, a man of the law, a man of the law, a man of the law, a man of the law, a man of the law, a man of the law, a man of the law, a man of the law, a man of the law, a man of the law, a man of the law, a man of the law, a man of the law, a man of the law, a man of the law, a man of the law, a man of the law, a man of the law, a man of the law, a man of the law, a man of the law, a man of the law, a man of the law, a woman, a woman, a woman, a woman, a woman, a woman, a woman, a woman, a woman, a woman,",4.563091127252484e-05
1601,क्वचिद्द्रुततरं याति कुटिलं क्वचिदायतम् विनतं क्वचिदुद्धूतं क्वचिद्याति शनैश्शनै:,क्वचित् द्रुततरम् याति क्वचित् कुटिलम् याति क्वचित् आयतम् क्वचित् विनतम् क्वचित् उध्दूतम् क्वचित् शनै: शनै: याति,"""A little hurry, and a little give; a little ask, and a little give"".","to hurry, to stumble, to cry out, to beg, to cry out, to cry out, to cry out,",3.300334358399497
1602,न चास्य सदृशो राजन्दृष्टपूर्वो मृगो मयातेजसा क्षमया दीप्त्या यथाऽयं मृगसत्तमः,राजन् अयम् मृगसत्तमः यथा तेजसा क्षमया दीप्त्या अस्य सदृशः मृगः मया न दृष्टपूर्वः,"not like a rainbow, or like a rainbow, or like a rainbow, or like a rainbow, or like a rainbow, or like a rainbow, or like a rainbow, or like a rainbow, or like a rainbow, or like a rainbow, or like a rainbow, or like a rainbow, or like a rainbow, or like a rainbow, or like a rainbow, or like a rainbow, or like a rainbow, or like a rainbow, or like a rainbow, or like a rainbow, or like a rainbow, or like a rainbow, or like a rainbow.","The king's throne was like the throne, shining like a lamp, and I had never seen a throne like it.",0.8811000188610464
1603,अथ शैलसुता राम त्रिदशानिदमब्रवीत्समन्युरशपत्सर्वान् क्रोधसंरक्तलोचना,राम अथ शैलसुता समन्यु: त्रिदशान् इदम् अब्रवीत् क्रोधसंरक्तलोचना सर्वान् अशपत्,"These are the words of Solomon, the king of Judah, the king of Judah, the king of Judah, the king of Judah, the king of Judah, the king of Judah, the king of Judah, the king of Judah, the king of Judah, the king of Judah, the king of Judah, the king of Judah, the king of Judah, the king of Judah, the king of Judah, the king of Judah, the king of Judah, the king of Judah, and the king of Judah.",Ram A Shailsuta Samnyiu: For thirty years this unpleasant and angry criticism came upon all of them.,0.4584538536165193
1604,व्याकुलाश्च दिशस्सर्वा न च किञ्चित्प्रकाशतेसागरा: क्षुभितास्सर्वे विशीर्यन्ते च पर्वता:,सर्वा: दिश: व्याकुला: किञ्चित् न प्रकाशते सर्वे सागरा: क्षुभिता: पर्वता: विशीर्यन्ते,The sea of lights and the sea of lights will be no more. All the mountains and hills will be scattered.,All directions; all directions; all directions; all the seas; all the deserts; all the mountains; they are scattered.,4.725068679267516
1605,एवमुक्त्वा तु सुग्रीवं सान्त्वं लक्ष्मणपूर्वजःराघवो दुन्दुभेः कायं पादाङ्गुष्ठेन लीलया तोलयित्वा महाबाहुश्चिक्षेप दशयोजनम्असुरस्य तनुं शुष्कं पादाङ्गुष्ठेन वीर्यवान्,लक्ष्मणाग्रजः महाबाहुः वीर्यवान् राघवः एवम् उक्त्वा सुग्रीवम् सान्त्वं दुन्दुभेः कायम् लीलया पादाङ्गुष्ठेन तोलयित्वा असुरस्य शुष्काम् तनुम् दशयोजनम् चिक्षेप,"After he had said this, he put on his feet the fine linen of the two doves, and wiped them with the fine linen. Then he washed them with the fine linen of the olive oil, which was dried with the fine linen of the olive oil.",Then the ramshackle ramshackle ramshackle ramshackle ramshackle ramshackle ramshackle ramshackle ramshackle ramshackle ramshackle ramshackle ramshackle ramshackle ramshackle ramshackle ramshackle ramshackle ramshackle ramshackle ramshackle ramshackle ramshackle ramshackle ramshackle ramshackle ramshackle ramshackle ramshackle ramshackle ramshackle ramshackle ramshackle ramshackle ramshackle ramshackle ramshackle ramshackle ramshackle ramshackle ramshackle ramshackle ramshackle ramshackle ramshackle ramshackle ramshackle ramshackle ramshackle ramshackle rams,0.8169129626561751
1606,आजानुलम्बिबाहुस्समहावक्षाःप्रतापवान् लक्ष्मणानुचरोरामःशशासपृथिवीमिमाम्,आजानुलम्बिबाहुः महावक्षाः प्रतापवान् सः रामः लक्ष्मणानुचरः इमाम् पृथिवीम् शशास,"Now the glory of God is shining on the earth, and the glory of God is shining on the earth.","Now the great Lamb of God is rising, and the Lamb of God is reigning over the earth.",19.464521962073484
1607,ततःसम्भाविततरांकालेनापिदुरासदाम् जग्राहविपुलांशक्तिंदीप्यमानांस्वतेजसा,ततः सम्भाविततराम् कालेनापि दुरासदाम् स्वतेजसा दीप्यमानम् विपुलाम् शक्तिम् जग्राह,"Then, as soon as he could, he struck the city of Sodom and Gomorrah and overthrew them.","And the power of the mighty stars shone in darkness, and the glory of God shone in darkness.",2.8629993657668873
1608,तद्भग्नं वनषण्डं तु भ्रान्तत्रस्तमृगद्विजम्प्रतिबुद्धा निरीक्षन्ते राक्षस्यो विकृताननाः,विकृताननाः राक्षस्यः प्रतिबुद्धाः भग्नम् भ्रान्तत्रस्तमृगद्विजम् तत् वनषण्डम् निरीक्षन्ते,But you will be like a wolf in sheep's clothing; you will be like a serpent in sheep's clothing; you will be like a serpent in sheep's clothing; you will be like a serpent in sheep's clothing; you will be like a serpent in sheep's clothing; you will be like a serpent in sheep's clothing.,"Depraved men, wild beasts, wise men, deceived and deceived, watch over the wild beast,",0.0
1609,उद्विजन्ते यथा सर्पान्नरादनृतवादिनःधर्म स्सत्यं परो लोके मूलं स्वर्गस्य चोच्यते,अनृतवादिनः नरात् सर्पात् यथा उद्विजन्ते लोके सत्यम् परः धर्मः स्वर्गस्य मूलं च उच्यते,"They do not succeed in worshipping God as serpents do, but their roots reach to heaven.","But the root of righteousness is in heaven, and the root of righteousness is in heaven.",5.10809933294318
1610,किमेष वाक्यं भरतोऽद्य राघवं प्रणम्य सत्कृत्य च साधु वक्ष्यतिइतीव तस्यार्यजनस्य तत्त्वतो बभूव कौतूहलमुत्तमं तदा,एषः भरतः अद्य राघवम् प्रणम्य सत्कृत्य च साधु किं वाक्यम् वक्ष्यति इतीव तदा तस्य आर्यजनस्य तत्त्वतः उत्तमम् कौतूहलम् बभूव,"If a man speaks a word full of wisdom, he is better than a man who does what is right and who does what is right.","This man was highly praised by his father - in - law, because he had done what was right and right.",4.491575568657404
1611,एवं बहुविधं जल्पन्विवेश वसतिं पितुः तेन हीनां नरेन्द्रेण सिंहहीनां गुहामिव,एवम् बहुविधम् जल्पन् तेन नरेन्द्रेण हीनाम् सिंहहीनाम् गुहामिव पितुः वसतिम् विवेश,"And his father, who had many robes of water, buried the lions with the roars of the lions.","So much so that he went to his father's house, where the lions roared and roared.",4.5672118332822365
1612,किं कार्यं कस्य वा हेतोः कान्ताराणि प्रपश्यथ कथं चेदं वनं दुर्गं युष्माभिरुपलक्षितम्,कार्यम् किम् कस्य वा हेतोः कान्ताराणि प्रपश्यथ दुर्गम् इदम् वनम् युष्माभिः कथम् उपलक्षितम्,You have been guarded by the towers of the forest to see what to do and what to do.,Do you know what this forest is? Do you know what it is? Do you know what it is? Do you know what it is? Do you know what it is? Do you know what it is? Do you know what it is? Do you know what it is? Do you know what it is? Do you know what it is? Do you know what it is? Do you know what it is? Do you know what it is? Do you know what it is? Do you know what it is? Do you know what it is? Do you know what it is? Do you know what it is? Do you know? Do you know what it is?,0.0069027416801309815
1613,सुमहान्त्यपि भूतानि देवाश्च पुरुषर्षभन दैवस्य प्रमुञ्चन्ति सर्वभूतानि देहिनः,पुरुषर्षभ सुमहन्ति भूतानि देवाश्च सर्वभूतानि देहिनः दैवस्य न प्रमुञ्चन्ति,"For the whole body submits to God, both men and spirits.","For men serve the devils, and all flesh does not serve God.",4.65257012623811
1614,स तदा पीडितस्तेन कपिना पर्वतोत्तमःररास सह तैर्भूतैः प्रविशन्वसुधातलम् कम्पमानैश्च शिखरैः पतद्भिरपि च द्रुमैः,तदा तेन कपिना पीडितः सः पर्वतोत्तमः तैः भूतैः सह वसुधातलम् प्रविशन् कम्पमानैः शिखरैः पतद्भिः द्रुमैः ररास,"When Jesus was sick, he went up to the mountains and to the hills, climbing mountains and mountains. He went up to the mountains and to the hills.","When they were exhausted, they went into the deep sea with the demons, trembling and falling from the mountains.",4.12550645501398
1615,स महात्मा कुलीनायां युक्तायां सुगुणोल्बणान्वैदर्भ्यां जनयामास चतुरस्सदृशान् सुतान् कुशाम्बं कुशनाभं च अधूर्तरजसं वसुम्,स: महात्मा कुलीनायाम् युक्तायाम् वैदर्भ्याम् कुशाम्बम् कुशनाभं च अधूर्तरजसम् वसुम् सुगुणोल्बणान् सदृशान् चतुर: सुतान् जनयामास,"She was dressed in fine linen. She was dressed in fine linen. She was dressed in black robes, she was wearing black robes, and she was wearing black robes.","He was like a dragon, a serpent, a serpent, a serpent, a serpent, a serpent, a serpent, a serpent, a serpent, and a serpent.",2.7374353552268267
1616,सा च तं प्रणता भूत्वा शुश्रूषणपरायणाउवास काले धर्मिष्ठा तस्यास्तुष्टोऽभवद्गुरु:,सा च तम् प्रणता भूत्वा शुश्रूषणपरायणा धर्मिष्ठा उवास काले गुरु: तस्या: तुष्ट: अभवत्,"She fell down on her knees and said to him, ""Teacher, you are a good teacher.",She fell down on her knees before him and became a teacher in the house where she lived.,27.447938256311044
1617,कर्तव्यो न तुवैदेहीमन्युस्त्यागमिमंप्रति रामेणेत्वद्विशुध्यर्थंकृतमेतद्धितैषिणा,वैदेही इमम् त्यागंप्रति मन्युः न तु कर्तव्यः एतद्धिकतैषिणा रामेय इदम् विशुध्यर्थम् कृतम्,"Do not be ashamed of your sinful nature, nor ashamed of your sinful nature, nor ashamed of your sinful nature.","This was done so that the Gentiles would not have to sacrifice him, but that the Gentiles might have faith in him.",2.0749278485695855
1618,उदारसत्त्वाभिजनो महात्मास मैथिलीं द्रक्ष्यति वानरेन्द्रःदिशं तु यामेव गता तु सीतातामास्थितोवायुसुतो हनूमान्,वानरेन्द्र उदारसत्त्वाभिजनः सः महात्मा मैथिलीम् द्रक्ष्यति सीता याम् एव दिशम् गता ताम् वायुसुतः हनुमान् आस्थितः,"He who is generous will see the great winds of the sea, and the winds of the sea, and the winds of the sea, and the winds of the sea, and the winds of the sea, and the winds of the sea, and the winds of the sea, and the winds of the sea, and the winds of the sea, and the winds of the sea, and the winds of the sea, and the winds of the sea, and the winds of the sea, and the winds of the sea, and the winds of the sea, and the winds of the sea, and the winds of the sea, and the winds of the sea, and the winds of the sea, and the winds of the sea, and the winds of the sea, and the winds of the sea.","When he saw the great mathematician, Hanun stood in the direction of the wind.",0.7256731435828351
1619,शैलस्य तस्य शृङ्गेषु कन्दरेषु वनेषु च रावणस्सह वैदेह्या मार्गितव्यस्ततस्ततः,तस्य शैलस्य शृङ्गेषु कन्दरेषु वनेषु च ततस्ततः रावणः वैदेह्यासह मार्गितव्यः,"The rocks, the rocks, the forests, the grasslands, and the plains were on the way to Bethesda.","And Ravana went with Veda, in the rocks, and in the thickets, and in the forests.",10.331208012220435
1620,दैवमेव परं मन्ये पौरुषं तु निरर्थकम् दैवेनाक्रम्यते सर्वं दैवं हि परमा गति:,दैवमेव परम् मन्ये पौरुषम् तु निरर्थकम् सर्वम् दैवेन आक्रम्यते दैवम् परमा गति: हि,"God is nothing to man, but man is nothing to God. God is the supreme being of all things.","For in God's eyes there is nothing but God, and in man there is nothing but God, and in God's eyes there is nothing but God.",5.176212861430621
1621,अहमस्मिन्गिरौ दुर्गे बहुयोजनमायतेचिरान्निपतितो वृद्धः क्षीणप्राणपराक्रमः,बहुयोजनम् आयते दुर्गे अस्मिन् गिरौ चिरात् निपतितः अहम् वृद्धः क्षीणप्राणपराक्रमः,"In the midst of the great tribulation, there are many things to be done, and there are many things to be done, and there are many things to be done, and there are many things to be done, and there are many things to be done, and there are many things to be done, and there are many things to be done, and there are many things to be done, and there are many things to be done, and there are many things to be done, and there are many things to be done, and there are many things to be done, and there are many things to be done, and there are many things to be done.","As for me, I am an old man, a weakling, and I have fallen asleep in the pit of darkness.",0.7355157182857299
1622,अग्रतःकुरुसीतायाश्शीघ्रंदाशरधेशशिरः अवस्थांपश्चिमांभर्तुःकृपणासाधुपश्यतु,दाशरथेः शिरः शीघ्रम् सीतायाः अग्रतः कुरु कृपणा भर्तुः पश्चिमाम् अवस्थाम् साधु पश्यतु,The head of the head of the head of the head of the head of the head of the head of the head of the head of the head of the head of the head of the head of the head of the head of the head of the head of the head of the head of the head of the head of the head of the head of the head of the head of the head of the head of the head of the head of the head of the head of the head of the head of the head of the head of the head of the head of the head of the head of the head of the head of the head of the head of the head of the head of the head of the head of the head of the head of the head of the head of the head of the head of the head of the head of the head of the head of the head of the head of the head of the head of the head of the head of the head of the head of the head of the head of the head of the head of the head of the head of the head of the head of the head of the head of the head of the head of the head of the head of the head of the head of the head of the head of the head of the head,"The head of Dasareth shall be swiftly set before Sita, and shew mercy, and look toward the west.",0.5600900697598485
1623,आभिकालं ततः प्राप्य ते बोधिभवनाच्च्युताम्पितृपैतामहीं पुण्यां तेरुरिक्षुमतीं नदीम्,ततः ते अभिकालम् प्राप्य बोधिभवनात् च्युताम् पितृपैतामहीम् पुण्याम् इक्षुमतीम् तेरुः,"When they got to the water, they realized that the river was pouring water on them.","But when they heard this, they condemned him, saying, ""This is what our father has done to us"".",3.8700984230065583
1624,ततः पश्यन्त्विमं दीनमङ्गवैरूप्यकर्शितम्समित्रज्ञातयस्सर्वे बान्धवाः ससुहृज्जनाः आज्ञापयद्राक्षसेन्द्रः पुरं सर्वं सचत्वरम्लाङ्गूलेन प्रदीप्तेन रक्षोभिः परिणीयताम्,ततः पश्यन्त्विमं समित्रज्ञातय: बान्धवाः ससुहृज्जनाः दीनमङ्गवैरूप्यकर्शितम् प्रदीप्तेन लाङ्गूलेन रक्षोभिः सचत्वरम् सर्वम् पुरम् परिणीयताम् राक्षसेन्द्रः आज्ञापयत्,"Then all the prisoners and all the prisoners who were with him, dressed in fine clothes and clothed in fine linen, dressed in fine linen and clothed in fine linen,","Then he told his companions: ""Go, put your clothes on, put your clothes on, put your clothes on, put your clothes on, put your clothes on, put your clothes on, put your clothes on, put your clothes on, put your clothes on, put your clothes on, put your clothes on, put your clothes on, put your clothes on, put your clothes on, put your clothes on, put your clothes on, put your clothes on, put your clothes on, put your clothes on, put your clothes on, put your clothes on, put your clothes on, put your clothes on, put your clothes on, put your clothes on, put your clothes on, put your clothes on, put your clothes on, put your clothes on"".",0.04164733840235055
1625,सोऽहं प्रवेक्ष्याम्यतिदीप्तमग्निंभ्रात्रा च पुत्रेण च सख्यमिच्छन्इमे विचेष्यन्ति हरिप्रवीरास्सीतां निदेशे तव वर्तमानाः,सः अहम् भ्रात्रा च पुत्रेण च सख्यम् इच्छन् अतिदीप्तम् अग्निम् प्रवेक्ष्यामि इमे हरिप्रवीराः तवनिदेशे वर्तमानाः सीताम् विचेष्यन्ति,"When I come, you will see the light of day and the light of the sun, and the light of the sun will shine on you.","And I, my brother and my son, will prepare you for a great fire, in which the mighty men of your day will consume the seed of this generation.",2.1284569572651013
1626,अत्यङ्कुशमिवोद्दामं गजं मदबलोद्धतम्प्रधावितमहं दैवं पौरुषेण निवर्तये,अहम् अत्यङ्कुशम् उद्दामम् मदबलोद्धतम् प्रधावितम् गजम् इव दैवम् पौरुषेण निवर्तये,"I have been severely persecuted for my sins, and I am a man of God.","For I was troubled, and I was troubled, and I was troubled, and I was troubled, and I was troubled, and I was troubled, and I was troubled, and I was troubled, and I was troubled, and I was troubled, and I was troubled, and I was troubled, and I was troubled, and I was troubled, and I was troubled, and I was troubled, and I was troubled, and I was troubled, and I was troubled.",0.09837849660183022
1627,स जीर्णं मानुषं देहं परित्यज्य पिता हि नःदैवीमृद्धिमनुप्राप्तो ब्रह्मलोकविहारिणीम्,नः पिता सः जीर्णम् मानुषं देहम् परित्यज्य ब्रह्मलोकविहारिणीम् दैवीम् ऋद्धिम् अनुप्राप्तः हि,"He who is living will forsake the flesh and the world, and will reject God the Father.","not the Father, but the living God, who left the body and the flesh and went to heaven.",11.407457233605298
1628,सशल्योऽयंमहाप्राज्ञस्सौमित्रिर्मित्रवत्सलः यथाभवतिसुस्वस्थस्तथात्वंसमुपाचर,महाप्राज्ञः मित्रवत्सलः सशल्यः अयंसौमित्रिः सुस्वस्थः यथा भवति तथा त्वम् समुपाचर,"As well as Solomon the great seer and his friend, who lived for many years, so do you live in good health and prosperity.","Just as a high priest and a good friend and a good friend are healthy, so are you.",4.042649040111613
1629,प्राकृतान्राक्षसान्हत्वा युद्धे दशरथात्मजआत्मना कथमात्मानमप्रशस्यं प्रशंससि,दशरथात्मज युद्धे प्राकृतान् राक्षसान् हत्वा अप्रशस्यम् आत्मानम् आत्मना कथम् प्रशंससि,"The Spirit of God speaks in the power of nature, and in the power of the Spirit of war.","The Spirit of the Tenth Dynasty, who killed the demons of nature, and spoke to the spirits of the undead,",17.518062409698164
1630,अहं हि नियमाद्राम हित्वा तां समुपागत:सिद्धाश्रममनुप्राप्य सिद्धोऽस्मि तव तेजसा,राम अहम् हि नियमात् तां हित्वा समुपागत: सिद्धाश्रमम् अनुप्राप्य तव तेजसा सिद्ध: अस्मि,"I have come to you for the sake of the letter of the law. I am a perfect man, worthy of your glory.",I came to her for the sake of the law. I saw your glory in your righteousness.,28.880056375088657
1631,तं प्रविष्टं वनं दृष्ट्वा वाली शापभयार्दितःमुक्तो ह्यसि त्वमित्युक्त्वा स निवृत्तो महाद्युतिः,वनम् प्रविष्टम् तम् दृष्ट्वा महाद्युतिः वाली त्वम् मुक्तः असि हि इति उक्त्वा शापभयात् ततः निवृत्तः,"When he saw him entering the woods, he said, ""You are free from the curse of the beast"".","When he entered the woods, he saw a great light and said, ""You are free! "" Then he went away, afraid of cursing.",28.244808958462308
1632,एतानि मृगयूथानि साश्रुनेत्राणि लक्ष्मण शंसन्तीव हि वैदेहीं भक्षितां रजनीचरैः,लक्ष्मण साश्रुनेत्राणि एतानि मृगयूथानि वैदेहीम् रजनीचरैः भक्षिताम् शंसन्ति इव,"These are the ears of the wicked, the ears of the unrighteous, the ears of the unrighteous, the ears of the unrighteous, the ears of the unrighteous, the ears of the unrighteous, the ears of the unrighteous, the ears of the unrighteous, the ears of the unrighteous, the ears of the unrighteous, the ears of the unrighteous, the ears of the unrighteous, the ears of the unrighteous, the ears of the unrighteous, the ears of the unrighteous, the ears of the unrighteous.","The ears of these people are like worms that feed on foreign cattle, and the ears of foreign cattle are like worms that feed on foreign cattle.",1.9288441999029322
1633,तेषामग्रेसरं चैव महाबलमथाङ्गदम्विधाय हरिवीराणामादिशद्दक्षिणां दिशम्,अथ तेषाम् हरिवीराणाम् महाबलम् अङ्गदम् अग्रेसरम् दक्षिणां दिशम् आदिशत्,"And they turned their faces to the right, and their faces to the right, and their faces to the right, and their faces to the right, and their faces to the right, and their faces to the right, and their faces to the right, and their faces to the left, and their faces to the right, and their faces to the right, and their faces to the right, and their faces to the right, and their faces to the left, and their faces to the right, and their faces to the left, and their faces to the right, and their faces to the left, and their faces to the right, and their faces to the left, and their faces to the right, and their faces to the left, and their faces to the right, and their faces to the right, and their faces, and their faces, and their faces, and their faces, and their faces, and their faces, and their faces, and their faces, and their faces, and their faces.","Then he turned his back toward the south, with his arm stretched out against them.",0.24814277760364614
1634,आत्मवान्को जितक्रोधो द्युतिमान्कोऽनसूयक: कस्य बिभ्यति देवाश्च जातरोषस्य संयुगे,आत्मवान् क: जितक्रोध: द्युतिमान् अनसूयक: क: जातरोषस्य कस्य संयुगे देवा: च बिभ्यति,"The Spirit does not warn anyone, but the Spirit warns him. Whoever sows the seed of the Spirit will share with God the fruit of the Spirit.","The Spirit says, ""It is impossible to tell; it is impossible to tell; it is impossible to tell; it is impossible to tell; it is impossible to tell; it is impossible to tell; it is impossible to tell; it is impossible to tell; it is impossible to tell; it is impossible to tell; it is impossible to tell; it is impossible to tell; it is impossible to tell; it is impossible to tell; it is impossible to tell; it is impossible to tell.",0.2769503799001701
1635,उपेत्य तीरं गङ्गायाश्चक्रवाकैरलङ्कृतम्व्यवातिष्ठत सा सेना भरतस्यानुयायिनी,भरतस्य अनुयायिनी सा सेना चक्रवाकैः अलङ्कृतम् गङ्गायाः तीरम् उपेत्य व्यवातिष्ठत,"He went down, with a bow and arrow tied around him, and stood before the army of the Philistines.","She followed him and sat on the shore of the lake, dressed in wheeled armour.",4.724932626401583
1636,हन्तपश्यस्वलङ्कायावनान्युपवनानि च सेतुनासुखमागम्यवानरैकार्णवीकृतम्,हन्त पश्यस्व लङ्कायाः वनानि पवनानि च सेतुना आगम्य वानरैकार्णवीम् कृतम्,"They were made of silk, silk, and clay. They were made of silk, silk, and clay.","But behold, the forests of Lanka and the winds of the sea came down from the bridge and made a great noise.",2.5653215350258076
1637,ततःशूलानिनिश्चेरुर्गदाश्चमुसलानि च कार्मुकाद्दीप्यमानानिवज्रसाराणिसर्वशः,ततः कार्मुकात् सर्वशः वज्रसाराणि दीप्यमानानि शूलानि गदाश्च मुसलानि च निश्चेरुः,"And Shullan, and Shur, and Gadda, and Mússa, and Shur, and Shur, and Shur, and Shur, and Shur, and Shur, and Shur, and Shur, and Shur, and Shur, and Shur, and Shur, and Shur, and Shur, and Shur, and Shur, and Shur, and Shur, and Shur, and Shur, and Shur, and Shur, and Shur, and Shur, and Shur, and Shur, and Shur, and Shur, and Shur, and Shur, and Shur, and Shur, and Shur, and Shur, and Shur, and Shur, and Shur, and Shur, and Shur, and Shur, and Shur, and Shur, and Shur, and Shur, and Shur, and Shur, and Shur, and Shur, and Shur, and Shur, and Shur, and Shur, and Shur, and Shur, and Shur, and Shur, and Shur and Shur, and Shur, and","When the fire broke out, all the lights went out, including the lamps, the donkeys, the donkeys, and the goats.",0.4963314153695595
1638,नयनैर्ब्रुकुटीभिश्च रामं निर्दिश्य शङ्किताःअन्योन्यमुपजल्पन्त श्शनैश्चक्रुर्मिथः कथाः,शङ्किताः नयनैः भृकुटीभिश्च रामम् निर्दिश्य अन्योन्यम् उपजल्पन्तः मिथः कथाः चक्रुः,"They are not nervous, they are unstable, they are afraid, they are weak, and they are afraid.",These are myths about people who are perplexed and perplexed.,2.4426633221059637
1639,ततस्ते वानरा हृष्टा दृष्टवा मधुवनं महत्कुमारमभ्ययाचन्त मधूनि मधुपिङ्गलाः,ततः मधुपिङ्गलाः ते वानराः महत् मधुवनम् दृष्ट्वा हृष्टाः कुमारम् मधूनि अभ्ययाचन्त,"When they saw the monkeys flying, they saw the bees coming out of the great ovens, and the bees coming out of the great ovens.","When they saw the great honey bees, they went to drink the honey of a young girl.",12.231772169405124
1640,इत्युक्तःसतुतारेयोरामेणाक्लिष्टकर्मणा जगामाकाशामाविश्यमूर्तिमानिवहव्यवाट्,अक्लिष्टकर्मणा रामेण इति उक्तः तारेयः मूर्तिमान् हव्यवाट् इव आकाशम् आविश्य जगाम,"and the world's idols, the idols, the uncleanness and the filthiness of the world.","And they said, ""Rammon, Rammon! "" The stars fell from the heavens like smoke, and the whole earth was covered with smoke.",3.1517676213672936
1641,द्रुमवर्षंतुसञ्छिन्नंदृष्टवाकुम्भोनवीर्यवान् वानराधिपति: शीमान्महासत्त्वो न विव्यथे,वीर्यवान् श्रीमान् महासत्वः वानराधिपतिः कुम्भेन सञ्छिन्नम् तत् द्रुमवर्षम् दृष्टवा न विव्यथे,"The next year the rain and thunder came down, and the ruler of the vineyard said to Simon, ""Do not give up"".","The governor, a man of great wealth and great authority, put his hands on the king's throne, and for a year he did not see it.",3.71407329638151
1642,ततोदेवास्सगन्धर्वास्सिद्धाश्चपरमर्षयः चिन्तामापेदिरेसर्वेसकिन्नरमहोरगाः,ततः सगन्धर्वाः देवाः सिद्धाश्च परमर्षयः सकिन्नरमहोरगाः सर्वे चिन्ताम् अपेदिरे,Then God's people and the people of Israel went to me in a great trouble.,Then the gods of the sea and the gods of the gods and the gods of Sinar and Sinar were all troubled.,3.9709599880992053
1643,अस्या हि पुष्पावनताग्रशाखाः शोकं दृढं वै जनयन्त्यशोकाःहिमव्यपायेन च शीतरश्मि रभ्युत्थितो नैकसहस्ररश्मि:,पुष्पावनताग्रशाखाः अशोकाः अस्याः दृढम् शोकम् जनयन्ति हिमव्यपायेन अभ्युत्थितः नैकसहस्ररश्मि: शीतरश्मि: च,"These are the branches that grow wild, the branches that grow wild, the branches that grow wild, the branches that grow wild, the branches that grow wild, the branches that grow wild, the branches that grow cold, the branches that grow cold, the branches that grow cold.","These are the branches of the fig tree, the branches of the fig tree, the branches of the fig tree, the branches of the fig tree, the branches of the fig tree, the branches of the fig tree, the branches of the fig tree, the branches of the fig tree, the branches of the fig tree, the branches of the fig tree, the branches of the fig tree, the branches of the fig tree, the branches of the fig tree, and the branches of the fig tree.",7.079395508692778
1644,न त्वहं ते प्रियं पुत्र मातरं पश्य धार्मिककिं नु नालिङ्गसे पुत्र सुकुमार वचो वद,धार्मिक पुत्र अहम् ते प्रियम् न तु मातरम् पश्य पुत्र किं नु नालिङ्गसे सुकुमार वचः वद,"Don't look at me, my dear son, but look at me, son of righteousness and wickedness.","""I am a righteous son, not one he loves, but one he loves"".",5.7259987315337755
1645,पश्य लक्ष्मण नृत्यन्तं मयूरमुपनृत्यति शिखिनी मन्मथार्तैषा भर्तारं गिरिसानुनि,लक्ष्मण गिरिसानुनि मन्मथार्ता एषा शिखिनी नृत्यन्तम् भर्तारम् मयूरम् उपनृत्यति पश्य,"Behold, Lakshman is dancing with the harp, and she is learning to dance, and she is falling down the stairs of her mother-in-law's house.","When Lakshman falls down, the mother-in-law dances with her mother-in-law, and the mother-in-law dances with her mother-in-law.",3.9936381761886635
1646,सर्वेप्यनुगृहीता स्मो यन्नो रामो महीपतिःचिराय भविता गोप्ता दृष्टलोकपरावरः,यत् दृष्टलोकपरावरः रामः महीपतिः चिराय नः गोप्ता भविता सर्वेऽपि अनुगृहीताः स्म,"They were all welcomed by the people of Sodom, Gomorrah, and Gomorrah.","And when he saw them, he was pleased with them.",3.125190763972442
1647,शङ्खणस्य च पुत्रोऽभूच्छूर श्रीमान्सुदर्शनःसुदर्शनस्याग्निवर्णः अग्निवर्णस्य शीघ्रगः शीघ्रगस्य मरुः पुत्रो मरोः पुत्रः प्रशुश्रुवःप्रशुश्रुवस्य पुत्रोभूदम्बरीषो महाद्युतिः अम्बरीषस्य पुत्रोभून्नहुषः सत्यविक्रमःनहुषस्य च नाभागः पुत्रः परमधार्मिकः अजश्च सुव्रतश्चैव नाभागस्य सुतावुभौअजस्यैव च धर्मात्मा राजा दशरथस्सुतः,शङ्खणस्य श्रीमान् सुदर्शनः पुत्रः सुदर्शनस्य अग्निवर्णः अग्निवर्णस्य शीघ्रगः शीघ्रगस्य पुत्रः मरुः मरोः पुत्रः प्रशुश्रुवः प्रशुश्रुवस्य महाद्युतिः अम्बरीषः पुत्रः अभूत् अम्बरीषस्य सत्यविक्रम: नहुषः पुत्रः अभूत् नहुषस्य परमधार्मिकः नाभागः पुत्रः नाभागस्य अजश्च सुव्रतश्चैव उभौ सुतौ धर्मात्मा राजा दशरथः अजस्यैव सुतः,"The son of the horn and the son of the lamb, the son of the Lamb, the son of the Lamb, the son of the Lamb, the son of the Lamb, the son of the Lamb, the son of the Lamb, the son of the Lamb, the Son of the Truth, the Son of the Lamb, the Son of God, the Son of God, the Son of God, the Son of God, the Son of God, the Son of God, the Son of Man, the Son of God, the Son of God, the Son of God, the Son of God, the Son of Man, the Son of God, the Son of God, the Son of God, the Son of Man, the Son of God, the Son of God, the Son of God, the Son of God, the Son of God, the Son of God, the Son of God, the Son of God, the Son of God, the Son of God, the Son of God, the Son of God, the Son of God, the Son of God, the Son of God, the Son of God, the Son of God, the Son of God, the Son of God, the Son of God, the Son of God, the Son","The son of Solomon, the son of Solomon, the son of Solomon, the son of Solomon, the son of Solomon, the son of Solomon, the son of Solomon, the son of Solomon, the son of Solomon, the son of Solomon, the son of Solomon, the son of Solomon, the son of Solomon, the son of Solomon, the son of Solomon, the son of Solomon, the son of Solomon, the son of Solomon, the son of Solomon, the son of Solomon, the son of Solomon, the son of Solomon, the son of Solomon, the son of Solomon, the son of Solomon, the son of Solomon, the son of Solomon, the son of Solomon, the son of Solomon, the son of Solomon, the son of Solomon, the son of Solomon, the son of Solomon, the son of Solomon, the son of Solomon, the son of Solomon, the son of Solomon, the son of Solomon, the son of Solomon,",11.855242738445842
1648,तस्मिन् कालेतुहनूमानुद्यम्यसुदुरासदम् धरणीधरसङ्काशोमहावृक्षमरिन्दमः स राक्षसानांतत्सैन्यंकालाग्निरिवनिर्दहन् चकारबहुभिर्वक्षैर्निःसंज्ञंयुधिवानरः,तस्मिन् काले धरणीधरसङ्काशः अरिन्दमः हनुमान् सुदुरासदम् महावृक्षम् उद्यम्य राक्षसानाम् तत् सैन्यम् कालाग्निरिव निर्दहन् सः वानरः युधि बहुभिः वृक्षैः निःसज्ञम् चकार,"It was made of fine silk, sapphire, bronze, and fine clay. It was made of fine wood, and it was made of fine silk. It was made of fine silk, and it was made of fine silk. It was made of fine silk, and it was made of fine silk, and it was made of fine silk. It was made of fine silk, and it was made of fine silk, and it was made of fine silk.","In it were the lights of the earth shining brightly, and the lights of the sun shining brightly, and the lights of the sun shining brightly, and the lights of the sun shining brightly, and the lights of the sun shining brightly, and the lights of the moon shining brightly, and the lights of the sun shining brightly, and the lights of the moon shining brightly.",2.392024802934934
1649,एतदस्य धनुर्भग्नमेतदस्य शरावरम्अयमस्य रथो राम भग्नसाङ्ग्रामिको मया,राम एतत् अस्य भग्नम् धनुः एतत् अस्य शरावरम् अयम् मया भग्नः अस्य साङ्ग्रामिकः रथः,This is the bow and arrow of the goddess Shravar. My chariot is Ram Bhagnangram.,"Ram said, ""This is my sister, this is my sister, this is my sister, this is my sister's chariot.",3.7600566859085243
1650,न तु तच्चन्दनं दृष्टवा स्प्रष्टव्यं च कदाचन रोहिता नाम गन्धर्वा घोरा रक्षन्ति तद्वनम्,तत् चन्दनम् दृष्टवा कदाचन न स्प्रष्टव्यं तु घोरां तत् वनम् रोहिता: नाम गन्धर्वाः रक्षन्ति,"But when you see it, you can see it, and you can see it, and you can see it, and you can see it, and you can see it, and you can see it, and you can see it, and you can see it, and you can see it, and you can see it, and you can see it, and you can see it, and you can see it, and you can see it, and you can see it, and you can see it, and you can see it, and you can see it, and you can see it, and you can see it, and you can see it, and you can see it, and you can see it, and you can see it, and you can see it.","The horses rode through the woods, but they could not see the light.",0.3031366596887116
1651,इमां विरूपामसतीं करालां निर्णतोदरीम् अनेन ते सह भ्रात्रा भक्षयिष्यामि मानुषीम्,विरूपाम् असतीम् करालाम् निर्णतोदरीम् इमां मानुषीम् ते भ्रात्रासह भक्षयिष्यामि,"In order that we may be judged in this way, I will eat with them and with my brothers and sisters.","and I will punish him with the unjust whip, and I will eat him and his brothers.",8.066974340737671
1652,शुभं वा यदि वा पापं यो हि वाक्यमुदीरितम्सत्येन प्रतिगृह्णाति स वीरः पुरुषोत्तमः,यः हि शुभं वा यदि वा पापम् उदीरितम् वाक्यम् सत्येन प्रतिगृह्णाति सः वीरः पुरुषोत्तमः,"He is a man of courage, whether good or bad.","A man of courage is a man who accepts the truth when it is spoken against him, whether it is good or bad.",14.042546381059285
1653,कुरुष्व सत्यं मयि वानरेश्वरप्रतिश्रुतं धर्ममवेक्ष्य शाश्वतम्मा वालिनं प्रेत्य गतो यमक्षयंत्वमद्य पश्येर्मम चोदितैश्शरैः,वानरेश्वर शाश्वतम् धर्मम् अवेक्ष्य मम प्रतिश्रुतम् सत्यम् कुरुष्व अद्य त्वम् मयि शरैः चोदितै: प्रेत्य यमक्षयम् गतः वालिनम् मा पश्येः,"I am the Son of the true God, who sent the everlasting serpent to destroy the serpent and to destroy the serpent after me.","But now you, the God of eternal justice, have heard and obeyed my voice and are ashamed of me, saying, 'Do not look on the one who has gone astray.'",1.7032021085254627
1654,ततस्तं प्रस्थितं सीता वीक्षमाणा पुनः पुनःभर्तृस्नेहान्वितं वाक्यं सौहार्दादनुमानयत्,ततः सीता प्रस्थितम् तम् पुनः पुनः वीक्षमाणा भर्तृस्नेहान्वितम् वाक्यम् सौहार्दात् अनुमानयत्,"Then he went back to him and said to him, ""Woe to you!",Then she came to him again and thought it was a good word.,5.816635421147515
1655,सत्यवादी महेष्वासो वृद्धसेवी जितेन्द्रियः स्मितपूर्वाभिभाषी च धर्मं सर्वात्मना श्रितः,सत्यवादी महेष्वास: वृद्धसेवी जितेद्रिय: स्मितपूर्वाभिभाषी च सर्वात्मना धर्मं श्रित:,"the truthful, the honorable, the elderly, the devoted, the wise, the wise,","A man of truth, a man of honor, an elderly man of service, a gentle man of understanding, and a man of integrity.",1.8426363247937607
1656,जृम्भितं तद्धनुर्द्रृष्ट्वा शैवं विष्णुपराक्रमै:अधिकं मेनिरे विष्णुं देवा स्सर्षिगणास्तदा,विष्णुपराक्रमै: जृम्भितम् तत् शैवम् धनु: दृष्ट्वा तदा सर्षिगणा: देवा: विष्णुम् अधिकम् मेनिरे,"And when the earth was darkened, and the sun was darkened, there was more and more light in the heavens.","Vishnu said, ""Blessed is the dead body! "" When he saw it, he cried out, ""God, Vishnu is more than me!""",1.7176847941952629
1657,तस्यैकं काञ्चनं शृङ्गं सेवतेऽयं दिवाकरः श्वेतं राजतमेकं च सेवतेऽयं निशाकरःन तं कृतघ्नाः पश्यन्ति न नृशंसा न नास्तिकाः,तस्य एकम् शृङ्गम् काञ्चनम् यम् दिवाकरः सेवते एकम् श्वेतम् राजतम् अयं निशाकरः सेवते तम् कृतघ्नाः न पश्यन्ति नृशंसाः न नास्तिकाः न,"and one of her horns, and one of her lamps, and one of her throne, and one of her satraps, and one of her satraps, and one of her satraps, and one of her satraps, and one of her satraps, and one of her satraps, and one of her satraps, and one of her satraps, and one of her satraps, and one of her satraps, and one of her satraps, and one of her satraps, and one of her satraps.","She had one horn, and she wore a white robe, and she wore a white robe, and she wore a white robe.",1.3927683964178383
1658,सवैजयन्तास्तु गजा गजारोहप्रचोदिताःतरन्त स्स्म प्रकाशन्ते सध्वजा इव पर्वताः,सवैजयन्ताः गजारोहप्रचोदिताः गजाः तरन्तः सध्वजाः पर्वताः इव प्रकाशन्ते स्म,"The glory of God was like the glory of Gaza, and the glory of God was like the glory of the mountains.","And the lights of the city were as bright as the bright mountains, and as bright as the hills of the wilderness.",5.595510806828872
1659,रामो नाम स धर्मात्मा त्रिषु लोकेषु विश्रुतःदीर्घबाहुर्विशालाक्षो दैवतं हि पतिर्मम,त्रिषु लोकेषु विश्रुतः दीर्घबाहुः विशालाक्षः रामो नाम सः धर्मात्मा मम पतिः दैवतम्,"She was the goddess of three gods named Ramah, a goddess of the long haul.","A woman named Ramah, a devout husband of mine, was born into a family of three men.",15.794135942355249
1660,सर्वंतत्खलुमेमोघंयत्तप्तंपरमंतपः यत्समानोमहेन्द्रेणमानुषेणास्मिर्जितः,रमम् यत् तपः तप्तम् मे तत् सर्वम् मोघंखलु यत् महेन्द्रेण समानः मानुषेण िर्जितः,"The whole tabernacle, which is burning with fire, was built by the hands of men.","He opened all things in the midst of the thunderbolt, and lifted himself up like a man in a temple.",2.432074937831609
1661,तैरासीत् संवृता भूमि श्शकैर्यवनमिश्रितै:प्रभावद्भिर्महावीर्यैर्हेमकिञ्जल्कसन्निभै:,प्रभावद्भि: महावीर्यै: हेमकिञ्चल्कसन्निभै: यवनमिश्रितै: शकै: भूमि: संवृता आसीत्,"The land is fertile and well-drained, mixed with vines and vines. It is rich in grain, rich in vines, and rich in vines.","And he said unto them, Behold, I am the Lord your God, and I am the Lord your God, and I am the Lord your God.",3.157729876648709
1662,या दत्ता देवराजेन तव तुष्टेन संयुगेशातकुम्भमयीं मालां तां ते पश्यामि नेह किम्,संयुगे तुष्टेन देवराजेन या तव दत्ता ताम् शातकुम्भमयीं मालाम् इह किम् न पश्यामि,How is it that I have not found the fruit of the vine united with you in the kingdom of God?,"""Why don't you give me a crown of thorns like this, which you have given me for the kingdom of God?",16.604950970600033
1663,तेषांतुरथघोषेणराक्षसानांमहात्मनाम् वानराणामपिचमूर्युद्धायैवाभ्यवर्तत,महात्मनाम् तेषांराक्षसानाम् रथघोषेण वानराणाम् चमूःअपि युद्धायैव अभ्यवर्तत,They were filled with the power of the Holy Spirit and the power of the devils.,"They went out to battle in great power, in chariots and horsemen of the sea.",6.019608768705656
1664,इतीव राजा विलपन्महात्मा शोकस्य नान्तं स ददर्श किञ्चित्भृशातुरत्वाच्च पपात भूमौ तेनैव पुत्रव्यसनेन मग्नः,महात्मा सः राजा इतीव विलपन् शोकस्य किञ्चित् अन्तम् न ददर्श भृशातुरत्वाच्च तेन पुत्रव्यसनेन एव मग्नः भूमौ पपात,"The king was deeply saddened, and when he saw that his body had fallen to the ground, he was overjoyed because of his son.","When he saw that the king was crying, he was very sad, and his heart was filled with grief. He fell to the ground with his son in his arms,",11.789047462415047
1665,योगङ्गामनुपर्येतित्रासयन्गजयूथपान् हस्तिनांवानराणांचपूर्ववैरमनुस्मरन् एषयूथपतिर्नेतागच्छन् गिरिगुहाशयः गजान्योधयतेवन्यान्गिरींश्चैवमहीरुहान्,य: गङ्गाम् अनुपर्येति: त्रासयन: गजयूथपान्: हस्तिनाम् वानराणांच: पूर्ववैरम् अनुस्मरन् एषः यूथपतिर्नेता: गच्छन् गिरिगुहाशयः गजान् योधयते: वन्यान् गिरींश्चैव: महीरुहान्,"When they arrived at the city of Tarsus, they were filled with young men, fish, and cattle. They were led by a band of bands of bands of bands, bands of bands of bands, bands of bands of bands, bands of bands of bands, bands of bands of bands, bands of bands of bands, bands of bands, bands of bands, bands of bands, bands of bands, bands of bands, bands of bands, bands of bands, bands of bands, bands of bands, bands of bands, bands of bands, bands of bands, bands of bands, bands of bands, bands of bands, bands of bands of bands, bands of bands of bands, bands of bands of bands, bands of bands of bands, bands of bands of bands, bands of bands of bands, bands of bands of bands, and bands of bands.","And they shall go up to the sea, and they shall fight against the sea, and they shall fight against the sea, and they shall fight against the sea, and they shall fight against the sea, and they shall fight against the sea, and they shall fight against the sea, and they shall fight against the sea, and they shall fight against the sea, and they shall fight against the sea, and they shall fight against the sea, and they shall fight against the sea, and they shall fight against the sea, and they shall fight against the sea, and they shall fight against the sea, and they shall fight against the sea, and they shall fight against the sea.",0.9035047036583049
1666,स रथी धन्विनां श्रेष्ठः शस्त्रज्ञोस्त्रविदां वरःरथेनाभिययौ क्षिप्रं हनुमान्यत्र सोऽभवत्,रथी धन्विनाम् श्रेष्ठः शस्त्रज्ञः अस्त्रविदाम् वरः सः सः हनुमान् यत्र अभवत् शीघ्रम् रथेन अभिययौ,"He was superior to the chariots of war, skilled in armour, and fearful of chariots.","He was armed with a chariot armour that was superior to the chariot armour, and he hurried to Hanun where he had been.",14.689373990144432
1667,मारीचदर्शनंचैवसीतोन्मधनमेव च कबन्धदर्शनंचैवसम्पाभिगमनंतथा सुग्रीवेण च तेसख्यंयथावालीहतस्त्वया मार्गणंचैववैदेह्याःकर्मवातात्मजस्य च विदितायां च सीतायांनलसेतुर्यथाकृतः यथाचादीपितालङ्काप्रहृष्टैर्हरियूथपैः सपुत्रबान्दवामात्यःसबलःसहावाहनः यथा च निहतःसंख्येरावणोबलदर्पितः यथा च निहतेतस्मिन् रावणेदेवकण्टके समागमश्चत्रिदशैर्यथादत्तश्चतेवरः सर्वंममैतद्विदितंतपसाधर्मवत्सल सम्पतन्ति च मेशिष्याःप्रवृत्ताख्याःपुरीमितः,धर्मवत्सल मारीचदर्शनंचैव सीतोन्मधनमेव च कबन्ददर्शनंचैव तथा पम्पाभिगमनम् सुग्रीवेण ते सख्यम् त्वया वाली यथा हतः वैदेह्याः मार्गणम् वातात्मजस्य कर्म वैदेह्याम् विदितायाम् नलसेतुः यथा कृतः प्रहृष्टैः हरियूथपैः लङ्का यथा अदीपिता सपुत्रबान्दवामात्यः सहवाहनः बलदर्पितः रावणः सङ्ख्ये यथा निहतः देवकण्डके तस्मिन् रावणे निहते त्रिदशैः समागमः यथा ते वरः च यथा दत्तश्च एतत् सर्वम् मया तपसा विदितम् प्रवृत्ताख्याः मेशिष्याः इतः पुरीम् सम्पतन्ति,"Mary, who was born and died, and the tomb, who was buried with blood and stained with stones, who walked with blood and blood, who was clothed with blood and blood, who was clothed with blood and blood, who was clothed with blood and blood, who was clothed with blood and blood, who was clothed with blood and blood, who was clothed with blood and blood, who was clothed with blood and blood, who was clothed with blood and blood, who was clothed with blood and blood, who was clothed with blood and blood, who was clothed with blood and blood, who was clothed with blood and blood, who was clothed with blood and blood, who was clothed with blood and blood.","The righteousness of Mary, the righteousness of Seth, the righteousness of Adam, the righteousness of God, the righteousness of God, the righteousness of God, the righteousness of God, the righteousness of God, the righteousness of God, the righteousness of God, the righteousness of God, the righteousness of God, the righteousness of God, the righteousness of God, the righteousness of God, the righteousness of God, the righteousness of God, the righteousness of God, the righteousness of God, the righteousness of God, the righteousness of God, the righteousness of God, the righteousness of God, the righteousness of God, the righteousness of God, the righteousness of God, the righteousness of God, the righteousness of God, the righteousness of God, the righteousness of God, the righteousness of God, the righteousness of God, the righteousness of God, the righteousness of God, the righteousness of God, the righteousness of God, the righteousness of God, the righteousness of God, the righteousness of God, the righteousness of God, the righteousness of God, the righteousness, the righteousness of",0.5486780087344311
1668,क्वचित्प्रगीता इव षट्पदौघैःक्वचित्प्रनृत्ता इव नीलकण्ठैःक्वचित्प्रमत्ता इव वारणेन्द्रैर्विभान्त्यनेकाश्रयिणो वनान्ताः,अनेकाश्रयिणः वनान्ताः क्वचित् षट्पदौघैः प्रगीताः इव क्वचित् नीलकण्ठै: प्रनृत्ता इव क्वचित् वारणेन्द्रैः प्रमत्ताः इव विभान्ति,"Some of them were like doves, some like lions, some like lions, some like lions, some like rainbows, some like wild boars, some like wild boars.",And there were many wild beasts; and there were birds of prey; and there were birds of prey; and there were birds of prey; and there were birds of prey; and there were birds of prey; and there were birds of prey.,0.9780617302993774
1669,मैथिलीरक्ष्यमाणातुराक्षसीरनिन्दिता ददर्शराक्षसंक्रुद्धंनिस्त्रिंशवरधारिणम् तंनिशाम्यसविस्त्रिंशंव्यथिताजनकात्मजा निवार्यमाणंबहुशःसुहृद्भिरनिवर्तिनम्,मैथिली रक्ष्यमाणा राक्षसीर अनिन्दिता क्रुद्धं राक्षसं ददर्श वरधारिणम् सनिस्त्रिंशं निस्त्रिंशम् सुहृद्भिः बहुशः निवार्यमाणम् अनिवर्तिनम् तम् निशाम्य जनकात्मजा व्यथिता,"He was covered with blood, blood, blood, and blood. He was covered with blood, blood, and blood. He was covered with blood, blood, and blood.","He was a fierce demon, fierce and furious. He was possessed by many evil spirits, and he was not able to turn his back on them.",6.468490584192431
1670,तेषां संवदतां तत्र वायु: प्रादुर्बभूव ह कम्पयन् पृथिवीं सर्वां पातयंश्च द्रुमांच्छुभान्,तेषां संवदताम् तत्र पृथिवीम् कम्पयन् शुभान् द्रुमान् पातयन् वायु: प्रादुर्बभूव ह,"When the winds sounded, there was a great earthquake and a great earthquake. Everything that was on the earth was shaken, and everything that was on the earth was shaken.","When they heard this, the earth shook, and the winds blew, and there was a violent earthquake.",7.8376558600969295
1671,ततो दशरथस्त्रीणां प्रासादेभ्य स्तत स्ततः रामशोकाभितप्तानां मन्दं शुश्राव जल्पितम्,ततः ततस्ततः प्रासाद्येभ्यः रामशोकाभितप्तानाम् दशरथस्त्रीणाम् मन्दम् जल्पितम् शुश्राव,"And there stood on the threshing floor of the women's altars, and they poured out the perfume of the lambs of their fathers' wives.",And there came from the altar a mixture of fine lentils and spices.,3.802351022611669
1672,यावता चित्रकूटस्य नरशृङ्गान्यवेक्षतेकल्याणानि समाधत्ते न पापे कुरुते मनः,नरः यावता चित्रकूटस्य शृङ्गानि आवेक्षते कल्याणानि समाधत्ते पापे मनः न कुरुते,"For even if you eat meat and fish, you do not sin.","For a man desires to have sexual relations with a woman, but he does not desire to have sexual relations with her.",1.9660670751694698
1673,माऽत्मनस्सन्ततिं द्राक्षीत्स्वेषु दारेषु दुःखितःआयुस्समग्रमप्राप्य यऽस्यार्योऽनुमते गतः,आर्यः यस्य अनुमते गतः समग्रम् आयुः अप्राप्य दुःखितः स्वेषु दारेषु आत्मनः सन्ततिम् मा द्राक्षीत्,"My soul was troubled at the vineyards and in the vineyards, and my eyes were troubled at the vineyards, and my eyes were troubled.","Do not harvest the fruit of the Spirit in your own way, for the fruit of the Spirit has already been harvested.",2.172054551709621
1674,तां दृष्ट्वा हनुमान् सीतां मृगशाबनिभेक्षणाम्मृगकन्यामिव त्रस्तां वीक्षमाणां समन्ततः दहन्तीमिव निःश्वासैर्वृक्षान् पल्लवधारिणःसंघातमिव शोकानां दुःखस्योर्मिमिवोत्थिताम्,हनुमान् मृगशाबनिभेक्षणाम् त्रस्ताम् मृगकन्यामिव समन्ततः वीक्षमाणाम् पल्लवधारिणः वृक्षान् निःश्वासैः दहन्तीमिव शोकानाम् सङ्घातमिव उत्थिताम् दुःखस्य ऊर्मिमिव उत्थितां तां सीताम् दृष्ट्वा,"When I saw her, I was terrified because of her grief and sadness. I was terrified because of the grief and anguish. I was distressed because of the grief and anguish of the unbelievers. I was struck by grief and anguish.","And it came to pass, when Hanun saw the grass, and the grass, and the thorns, and the grass, and the trees, and the grass, and the trees, and the trees, and the trees, and the trees, and the trees, and the trees, and the trees, and the trees, and the trees, and the trees, and the trees, and the trees, and the trees, and the trees, and the trees, and the trees, and the trees, and the trees, and the trees, and the trees, and the trees, and the trees, and the trees, and the trees, and the trees, and the trees, and the trees, and the trees, and the trees, and the trees, and the trees, and the trees, and the trees, and the trees, and the trees, and the trees, and the trees, and the trees, and the trees, and the trees, and the trees, and the trees, and the trees and the trees, and the trees and the trees, and the trees and the trees and the trees, and the trees and the trees and the trees and the trees, and the trees and the trees and the trees and the",0.017048003185830853
1675,स्निग्धेन्द्रनीलनीलंतुप्रांशुशैलोपमंमहत् केयूराङ्गदवैडूर्यमुक्ताहारस्रगुज्ज्वलम् कान्तंविहारेष्वधिकंदीप्तांसङ्ग्रामभूमिषु भात्याभरणभाभिर्यद्विद्युद्भिरिवतोयदः तदेवाद्यशरीरंतेतीक्ष्णैर्नैकशरैश्चितम् पुनर्दुर्लभसम्पर्शंपरिष्वक्तुं न शक्यते श्वाविधःशलकैर्यद्वद्भाणैर्लग्नैर्निरन्तरम् स्वर्पितैर्मर्मसुभृशंसञ्छिन्नस्नायुबन्धनम् क्षितौनिपतितंराजन् श्यामंवैरुधिरच्छवि वज्रप्रहाराभिहतोविकीर्णइवपर्वतः,राजन् स्निग्धेन्द्रनीलनीलम् प्रांशुशैलोपमम् महत् केयूराङ्गदवैदूर्यमुक्ताहारस्रगुज्ज्वलम् विहारेषु अधिकम् कान्तम् सङ्ग्रामभूमिषु दीप्तम् यत् तेशरीरम् आभरणभाभिः विद्युद्भिः तोयदःइव भाति पुनः दुर्लभसम्पर्शम् अद्य तीक्ष्णैः नैकशरैः चितम् श्वाविधः शलकैःयद्वत् लग्नैः निरन्तरम् मर्मसु स्वर्पितैः बाणैः सम्ञ्छिन्नस्नायुबन्धनम् क्षितौ निपतितम् श्यामम् रुधिरच्छवि वज्रप्रहाराभिहतः विकीर्णः पर्वतःइव तदेव परिष्वक्तुम् न शक्यते,"and blue, blue, and purple, and violet, and violet, and violet, and violet, and violet, and violet, and violet, and violet, and violet, and violet, and violet, and violet, and violet, and violet, and violet, and violet, and violet, and violet, and violet, and violet, and violet, and violet, and violet, and violet, and violet.","King Solomon's throne was of blue, blue, and purple. His throne was of blue, blue, and purple. His throne was of blue, and his throne was of blue, and his throne was of blue, and his throne was of blue, and his throne was of blue, and his throne was of blue, and his throne was of blue, and his throne was of blue, and his throne was of blue, and his throne was of blue, and his throne was of blue, and his throne was of blue, and his throne was of blue, and his throne was of blue, and his throne was of blue, and his throne was of blue, and his throne was of blue, and his throne was of blue, and his throne was of blue.",5.5294694163714695
1676,ततः स कपिशार्दूलस्तामुवाच निशाचरीम्दृष्ट्वा पुरीमिमां भद्रे पुनर्यास्ये यथागतम्,ततः सः कपिशार्दूल: ताम् निशाचरीम् उवाच भद्रे इमाम् पुरीम् दृष्ट्वा पुनः यथागतम् यास्ये,"When he saw a man lying on a bed with a needle, he went up and sat down on his lap.","When he saw them lying there, he went back to his place and was completely healed.",11.71291646655074
1677,मैन्दश्चद्विविदश्चोभौतत्रवानरपुङ्गवौ विचेरतुश्चतांसेनांरक्षार्थंसर्वतोदिशम्,तत्र: वानरपुङ्गवौ: मैन्दश्च: द्विविदश्चैव: उभौ: रक्षार्थम्: सर्वतोदिशम्: तांसेनाम्: विचेरतुः,"and spread out the breadth of the table, and the breadth of the table, and the breadth of the staff, and the breadth of the staff.","And there were the foxes, and the eagles, and the two wild beasts, and the two wild beasts, and the two wild beasts, and the two wild beasts, and the two wild beasts, and the two wild beasts, and the two wild beasts, and the two wild beasts, and the two wild beasts, and the two wild beasts, and the two wild beasts, and the two wild beasts, and the two wild beasts, and the two wild beasts, and the two wild beasts, and the two wild beasts.",0.9657565748749043
1678,ततस्समभिगच्छन्तं प्रेक्ष्य रामं शचीपतिःशरभङ्गमनुप्राप्य विविक्त इदमब्रवीत्,ततः शचीपतिः समभिगच्छन्तम् रामम् प्रेक्ष्य शरभङ्गम् अनुप्राप्य विविक्ते इदम् अब्रवीत्,"As they were gathering together, he saw a broken man, the head of the church, and he was amazed.","The centurion went to see what had happened, and when he realized it, he brought it to Rome.",5.154337627145953
1679,तेषांविवर्धतांशब्दःसंयुगेऽतितरस्विनाम् शुश्रुवेसुमहान् कोपादन्योन्यमभिगर्जताम्,विवर्धताम् तरस्विनाम् कोपात् अन्योन्यम् अभिगर्जताम् तेषाम् सुमहान् शब्दः संयुगे शुश्रुवे,"As they grew, they began to tremble at the sound of God's holy trumpet.","They are filled with rage and rage, and their voices are loud and clear.",2.908317710573758
1680,भाषमाणं महात्मानं राजपुत्र्यौ प्रसाद्य तम्ऊचतु: परमप्रीते कृताञ्जलिपुटे तदा,तदा परमप्रीते राजपुत्र्यौ कृताञ्जलिपुटे भाषमाणम् महात्मानम् प्रसाद्य तम् ऊचतु:,"Blessed be he, and blessed be he, and blessed be he, and blessed be he, and blessed be he, and blessed be he, and blessed be he, and blessed be he, and blessed be he, and blessed be he, and blessed be he, and blessed be he, and blessed be he, and blessed be he, and blessed be he, and blessed be he, and blessed be he.","Then the princes of the Most High lifted him up and lifted him up, saying,",0.5640547459943451
1681,काममस्य त्वमेवैकः कार्यस्य परिसाधनेपर्याप्तः परवीरघ्न यशस्यस्ते बलोदयः,परवीरघ्नः अस्य कार्यस्य परिसाधने त्वम् एकः एव कामम् पर्याप्तः ते बलोदयः यशस्यः,"If you have worked hard, you will be strong enough. If you have worked hard, you will be strong enough.","If you are willing to work hard at this work, one thing alone will do you good.",4.303846266589084
1682,न तु पश्यामि तच्छत्रं पाण्डुरं लोकसत्कृतम् पितुर्दिव्यं महाबाहो संशयो भवतीह मे,महाबाहो पाण्डुरम् लोकसत्कृतम् दिव्यम् पितुः तत् छत्रं तु न पश्यामि इह मे संशयः भवति,I don't see any reason why you should doubt the great day of the Lord.,"""I am the lamp that shines greatly and brightly, and I do not see my Father's lamp shining under my shadow.",2.0977421566436445
1683,तस्य तद्वचनं श्रुत्वा वानरस्य महात्मनःआज्ञापयद्वधं तस्य रावणः क्रोधमूर्छितः,महात्मनः तस्य वानरस्य तत् वचनम् श्रुत्वा रावणः क्रोधमूर्छितः तस्य वधम् आज्ञापयत्,"When the serpent heard this, he became very angry and obeyed.","When the king heard the serpent's voice, he was furious and ordered her to be killed.",6.840594582318648
1684,ऋषिपुत्र: प्रतिश्रुत्य तथेत्याह नृपं तदास नृपेणाभ्यनुज्ञात: प्रययौ सह भार्यया,तदा ऋषिपुत्र: प्रतिश्रुत्य नृपम् तथा इति आह नृपेण अभ्यनुज्ञात: भार्यया सह प्रययौ,"The king's son answered and said to him, ""Go!","Then the wise man said to him, ""Listen, my king, and let the king know that you are going with his wife.",9.506450922681909
1685,धनुर्ज्यातन्त्रिमधुरंहिक्कातालसमन्वितम् मन्धस्न्तितसङ्गीतंतद्युद्धगान्धर्वमाबभौ,धनुर्ज्यातन्त्रिमधुरम् हिक्कातालसमन्वितम् मन्धस्न्तितसङ्गीतम् तत् युद्धगान्धर्वम् आबभौ,"They played the harp and the flute, and the melody of the harp and the melody of the harp.","And the sound of the trumpet, and the sound of trumpets, and the sound of trumpets, and the sound of trumpets, came down to the battle.",7.618072386504652
1686,तत्र न्यवसद्भ्रात्रा सह सत्कारसत्कृतःमातुलेनाश्वपतिना पुत्रस्नेहेन लालितः,स: अश्वपतिना मातुलेन सत्कारसत्कृत: पुत्रस्नेहेन लालित: भ्रात्रा सह तत्र न्यवसत्,"There he welcomed Nebuchadnezzar, his brother, and Senehas, son of Methuselah, the father of Methuselah.","He welcomed the father of the horses and his mother. His son, Seneath, and his brother Lalit stayed with him.",9.60219492786657
1687,द्विविधं त्रिविधोपायमुपायमपि सेवते विजिगीषुस्सुहृत्कच्चिन्मित्रेषु च परन्तपः,परन्तपः द्विविधम् उपायम् त्रिविधोपायमपि सेवते विजगीषुः मित्रेषु सुहृत् कच्चित्,It also serves as a double-threaded bag. It also serves as an ornament for the wigs and bracelets.,"But it is better to have two measures than to have three, and to have a friend who is wise than to have a friend who is wise.",1.5283112973810702
1688,मा भूश्चिन्तासमायुक्तस्सम्प्रत्यमितविक्रमः ततः किलकिलाशब्दं शुश्रावासन्नमम्बरेहनुमत्कर्मदृप्तानां नार्धतां काननौकसाम् किष्किन्धामुपयातानां सिद्धिं कथयतामिव,अमितविक्रमः सम्प्रति चिन्तासमायुक्तः मा भूः ततः हनुमत्कर्मदृप्तानाम् नार्धताम् सिद्धिम् कथयतामिव किष्किन्धाम् उपयातानाम् काननौकसाम् अम्बरे आसन्नम् किलकिलाशब्दम् शुश्राव,"Do not be silent in your congregation, but speak in tongues, in good words, in good words, in good words, in your hearts, in your ears, in your ears, in your ears, in your ears, in your ears, in your ears, in your ears, in your ears, in your ears, in your ears, in your ears, in your ears, in your mouth, in your mouth, in your mouth, in your mouth, in your mouth, in your mouth, in your mouth, in your mouth, in your mouth, in your mouth, in your mouth, in your mouth, in your mouth, in your mouth, in your mouth, in your mouth, in your mouth, in your mouth, in your mouth, in your mouth, in your mouth, in your mouth, in your mouth, in your mouth, in your mouth, in your mouth, in your mouth, in your mouth, in your mouth, in your mouth, in your mouth, in your mouth, in your mouth, in your mouth, in your mouth, in your mouth, in your mouth, in your mouth, in your mouth, in your mouth, in your mouth",Don't worry about what we're going to say. Then we'll hear the sound of a voice coming from the harbor near the harbor.,0.0
1689,प्रसन्ना स्सुरसाश्चापो वनानि फलवन्ति च प्रवान्त्यभ्य नाधिकं गन्धान्यथर्तुकुसुमा द्रुमाः,आपः प्रसन्नाः सुरसाश्च वनानि फलवन्ति च गन्धाः अभ्यधिकम् न प्रवान्ति द्रुमाः न्यथर्तुकुसुमाः,"The forests bear fruit when the roots rejoice, and the trees grow more thoroughly than the trees.",Let us rejoice; let us rejoice; let us rejoice; let us rejoice; let us rejoice; let us rejoice; let us rejoice; let us rejoice; let us rejoice; let us rejoice; let us rejoice; let us rejoice; let us rejoice; let us rejoice; let us rejoice.,0.2782287317815672
1690,शाद्वलेषु यथा शिश्ये वनान्ते वनगोचरकुथास्तरणतल्पेषु किं स्यात्सुखतरं ततः,वनगोचर वनान्ते शाद्वलेषु यथा शिश्ये ततः कुथास्तरणतल्पेषु सुखतरम् स्यात्किम्,"Would it be better for him to sit on a bed in the woods, as if he were a child in the fields?","It would be better for him to be like the lambs in the woods, sleeping in beds, than to be like the lambs in the fields.",24.1052425760956
1691,तमापतन्तंविव्याधकुम्भःपञ्चभिरायसैः त्रिभिश्चान्यैश्शितैर्बाणैर्मातङ्गमिवतोमरैः,कुम्भः आपतन्तम् तम् पञ्चभिः आयसैः शितैः अन्यैः त्रिभिःबाणैः तोमरैः मातङ्गमिव विव्याध,"and the four corners of the tabernacle, and the five chapels, and the three chapels, and the three chapels, and the three chapels, and the four chapels, and the four chapels, and the four chapels, and the four chapels, and the four chapels, and the four chapels, and the four chapels, and the four chapels, and the four chapels, and the four chapels, and the four chapels, and the four chapels, and the four chapels, and the four chapels.","Then the dragon came and struck him with five lashes, six lashes, and three lashes.",1.036338990193964
1692,पार्श्वे च तत्र वैदेह्या वसने भूषणानि चप्लवे कठिनकाजं च रामश्चक्रे सहायुधैः,राम: तत्र प्लवे वैदेह्याः पार्श्वे वसने भूषणानि च कठिनकाजं आयुधै: चक्रे,"On the other side, there was Bethesda, a city of thorns and thistles, hard work and hard labor.",Ram: There's a lot of fat and hard work on the side of the bridge.,5.809665204409192
1693,तस्यतद्वचनंश्रुत्वाबलाध्यक्षोनिशाचरः स्यन्दनं च बलंचैवसमीपंप्रत्यपादयत्,तस्य तत् वचनम् श्रुत्वा बलाध्यक्षः निशाचरः स्यन्दनं च बलंचैव समीपम् प्रत्यपादयत्,"When the centurion and his fellow soldiers heard this, they drew near.","When the centurion heard this, he came and handed him over with his soldiers.",17.511026255205433
1694,इति पृष्टस्तु भरतं भ्रातृदर्शनलालसम् प्रत्युवाच महातेजा भरद्वाजो महातपाः,महातेजाः महातपाः भरद्वाजः इति पृष्टः भ्रातृदर्शनलालसम् भरतम् प्रत्युवाच,"In response to this question, Bharat, the brother of Darshan Lalum, said, ""My mother and my grandmother are pleased.","When they asked him, ""Is your father a liar? "" he replied.",3.3337449830272976
1695,वदनं पद्मसङ्काशममलं चारुदर्शनम्शोकार्तंतु वरारोहे न भ्राजति वरानने,वरारोहे वरानने पद्मसङ्काशम् अमलम् चारुदर्शनम् वदनम् शोकार्तम् न भ्राजति,"The word of the LORD is like a palm-tree, like a lamp, but it does not lift up its weight.","When it rains, rain, rain, rain, rain, rain, rain, rain, rain, rain, rain, rain, rain, rain, rain, rain, rain, rain, rain, rain, rain, rain, rain, rain, rain, rain, rain, rain, rain, rain, rain, rain, rain, rain, rain, rain, rain, rain, rain, rain, rain, rain, rain, rain, rain, rain, rain, rain, rain, rain, rain, rain, rain, rain, rain, rain, rain, rain, rain, rain, rain, rain, rain, rain, rain, rain, rain, rain, rain, rain, rain, rain, rain, rain, rain, rain, rain, rain, rain, rain, rain, rain, rain, rain, rain, rain, rain, rain, rain, rain, rain, rain, rain, rain, rain, rain, rain, rain, rain, rain, rain, rain, rain, rain, rain, rain, rain, rain, rain, rain, rain, rain, rain, rain, rain, rain, rain, rain, rain, rain, rain, rain, rain, rain, rain, rain",9.838764135044033e-05
1696,ततो रामस्तु विजयी पूज्यमानो महर्षिभिःप्रविवेशाश्रमं वीरो लक्ष्मणेनाभिपूजितः,ततः विजयी वीरः रामस्तु महर्षिभिः पूज्यमानः लक्ष्मणेन अभिपूजितः आश्रमम् प्रविवेश,"And Ram was victorious, and he worshipped the mighty men of faith.","Then the victorious warrior Rama and Maharaja entered the temple of Lakshmana, worshipped by Maharaja.",3.7282504885862306
1697,मन्थाराया वचश्श्रुत्वा शयाना सा शुभाननाउत्तस्थौ हर्षसम्पूर्णा चन्द्रलेखेव शारदी,शयाना सा शुभानना मन्थराया: वच: श्रुत्वा हर्षसंपूर्णा शारदी चन्द्रलेखेव उत्तस्थौ,"When Martha heard this, she sat down on her feet, filled with joy.","""When the angels heard the good news, they stood up, filled with joy and gladness.",15.094176936643688
1698,निश्श्रेयसफलावेवधर्मार्थावितरावपि अधर्मानर्थयोःप्राप्तिःफलं च प्रत्यवायिकम्,धर्मार्थौ इतरौअपि निश्श्रेयसफलौएव अधर्मानर्थयोः प्रत्यवायिकम् फलं च प्राप्तम्,"The fruit of righteousness is fruitless, but the fruit of wickedness is fruitless.","As with the righteous, so also with the ungrateful, so with the wicked.",3.23553708111838
1699,क्षीणपानोत्तमैर्भग्नैः शरावैरभिसंवृताम् हतशौण्डामिव ध्वस्तांं पानभूमिमसंस्कृताम्,आकाशे क्षीणपानोत्तमैः भग्नैः शरावैः अभिसंवृताम् हताशौण्डाम् ध्वस्ताम् असंस्कृताम् पानभूमि इव,"They are a corrupt culture, a corrupt culture, a corrupt culture, a corrupt culture, a corrupt culture.","A storm is blowing from the heavens like a hailstorm, and a storm is blowing up like a scorching earth.",2.5828020030551087
1700,स हताश्वादवप्लुत्यरथान्मथितसारथिः शरवर्षेणसौमित्रिमभ्यधावतरावणिः,हतसारथिः सःरावणिः हताश्वात् रथात् अवप्लुत्य शरवर्षेण सौमित्रिम् अभ्यधावत,He was killed by a drunk driver and was thrown into prison. He had been a friend of mine for nine years.,Then he turned away from the chariot and went on a journey to find his friends.,2.0705706652424007
1701,अयोध्यांतुसमालोक्यचिन्तयामासराघवः प्रियकामःप्रियंरामस्ततस्त्वरितविक्रमः,ततः राघवः त्वरितविक्रमः रामः अयोध्याम् समालोक्य प्रियकामः प्रियम् चिन्तयामास,"I have met you in Tyre, Tyre, Tyre, Tyre, Tyre, Tyre, Tyre, Tyre, and Tyre, and I have loved you and I have loved you and I have loved you and I have loved you and I have loved you and I have loved you and I have loved you and I have loved you and I have loved you and I have loved you and I have loved you and I have loved you and I have loved you and I have loved you and I have loved you and I have loved you.",Then Raghu rushed to Ram and found Ayodhya.,0.406253856518334
1702,पितुर्निदेशं नियमेन कृत्वा वनान्निवृत्तश्चरितव्रतश्चस्त्रीभिस्तु मन्ये विपुलेक्षणाभिस्त्वं रंस्यसे वीतभयः कृतार्थः,त्वम् पितुः निदेशम् नियमेन कृत्वा चरितव्रतश्च वनात् निवृत्तः वीतभयः कृतार्थः विपुलेक्षणाभिः स्त्रीभिः रंस्यसे मन्ये,"For you have kept the commandments of Peter, and of the wild beasts, and of the wild beasts, and of the wild beasts, and of the wild beasts, and of the wild beasts, and of the wild beasts, and of the wild beasts, and of the wild beasts, and of the wild beasts, and of the wild beasts, and of the wild beasts, and of the wild beasts, and of the wild beasts, and of the wild beasts, and of the wild beasts, and of the wild beasts, and of the wild beasts, and of the wild beasts, and of the wild beasts.","Do what your father instructed you to do. Beware of herdsmen and herdsmen, and turn away from the wilderness. Do what is right and do what is right. Do what is right and do what is right with women.",0.847676690392063
1703,तासामेवंविधा वाच शृण्वन् दशरथात्मजःबबन्धैव तदा चीरं सीतया तुल्यशीलया,दशरथात्मज: तासाम् एवंविधाः वाचः शृण्वन् तदा तुल्यशीलया सीतया चीरम् बबन्धैव,At the same time the ten spirits who had heard him recite a number of passages were seized by him.,"As soon as they heard a number of voices, they were like seeds of cedar.",8.039313477786735
1704,एवमुक्तंतुतद्रक्षशशिरस्तत्प्रियदर्शनम् उपनिक्षिप्यसीतायाःक्षिप्रमन्तरधीयत,एवम् उक्तम् तत् रक्षः प्रियदर्शनम् तत् शिरः सीतायाः उपनिक्षिप्य क्षीप्रम् अन्तरधीयत,"When he was released, the blind man looked at him in the face of love, and looked down at the face of the one who was sitting on the throne.","When he had said this, he saw that his head had fallen to the ground.",2.8244460759801417
1705,चपलाह्यविनीताश्चचलचित्ताश्चवानराः नसहिष्यन्तितेनादंसिंहनादमिवद्विपाः,चपलाः अविनीताश्च चलचित्ताश्च वानराः द्विपाः सिंहनादमिव ते नादम् नसहिष्यन्ति,"There will be no more violence, no more violence, no more violence. There will be no more lions, no more lions, no more lions, no more lions, no more lions, no more lions, no more lions, no more lions, no more lions, no more lions, no more lions, no more lions, no more lions, no more lions, no more lions, no more lions, no more lions, no more lions, no more lions, no more lions, no more lions, no more lions, no more lions, no more lions, no more lions, no more lions, no more lions, no more lions, no more lions, no more lions.","The sheep and the goats and the wild goats and the two lions roar, and they will not be silenced.",0.387328474152936
1706,अथ तामब्रवीद्वीरो हनुमानग्रतः स्थिताम्कथयिष्यामि ते तत्त्वं यन्मां त्वं परिपृच्छसि,अथ वीरः हनुमान् अग्रतः स्थिताम् ताम् अब्रवीत् यत् त्वम् माम् परिपृच्छसि तत्त्वम् ते कथयिष्यामि,"In the book of Hanuman, the Hebrew, I will say to you, ""I will write to you what you are asking for"".","The brave man stood before them and told them, ""I will tell you the truth about what you have done to me.",11.295714543953919
1707,रावणं भज भर्तारं भर्तारं सर्वरक्षसाम् विक्रान्तं रूपवन्तं च सुरेशमिव वासवम् दक्षिणं त्यागशीलं च सर्वस्य प्रियदर्शनम्,सर्वरक्षसाम् भर्तारम् विक्रान्तम् रूपवन्तं च सुरेशम् वासवमिव दक्षिणम् त्यागशीलं च सर्वस्य प्रियदर्शनम् रावणम् भर्तारम् भज,"and gold, and silver, and copper, and silver, and silver, and gold, and silver, and gold, and silver, and gold, and silver, and gold, and silver, and gold, and silver, and gold, and silver, and gold, and silver, and gold, and silver, and silver;","I am a devoted servant of God, a devoted servant of God, a devoted servant of God, a devoted servant of God, a devoted servant of God, a devoted servant of God, a devoted servant of God, a devoted servant of God, a devoted servant of God, a devoted servant of God, a devoted servant of God, a devoted servant of God, a devoted servant of God, a devoted servant of God, a devoted servant of God, a devoted servant of God, a devoted servant of God, a devoted servant of God, a devoted servant of God, a devoted servant of God, a devoted servant of God, a devoted servant of God.",0.4188518669191349
1708,सकृत्वासागरेसेतुंतीर्त्वाचलवणोदधिम् एषरक्षांसिनिर्दूयधन्वीतिष्ठतिराघवः,एषः राघवः सागरे सेतुम् कृत्वा लवणोदधिम् तीर्त्वाच रक्षां विर्दूय धन्वी तिष्ठति,And the two angels stood on the right hand side of the shield until it was lifted up into the sea.,"It is like a raven that pierces the sea, and it is like a saltpeter, and it is like a shield, and it is like a shield.",2.8853445867300076
1709,मा निषाद प्रतिष्ठां त्वमगमश्शाश्वतीस्समा: यत्क्रौञ्चमिथुनादेकमवधी: काममोहितम्,निषाद त्वम् यत् क्रौञ्चमिथुनात् काममोहितम् एकम् अवधी: तत् शाश्वती: समा: प्रतिष्ठां मा गम:,I am confident that you will come to me in eternal life. I am happy to do whatever I can.,"For a moment you are grieving and grieving, but for an eternity.",2.0540268312306345
1710,युध्यमानौतुतौदृष्टवाप्रसक्तौनरराक्षसौ प्रभिन्नाविवमातङ्गौपरस्परवधैषिणौ तौद्रष्टुकामस्सङ्ग्रामेपरस्परगतौबली शूरस्सरावणभ्रातातस्थौसङ्ग्राममूर्धनि,तौ परस्परगतौ बली शूरः सःतु रावणभ्राता प्रसक्तौ सङ्ग्रामे युध्यमानौ प्रभिन्नौ मातङ्गौइव परस्परवधैषिणौ नरराक्षसौ दृष्टवा तयोः युद्धम् द्रष्टुकामः सङ्ग्राममूर्धनि तस्थौ,"They see war, they see fierceness, they see fierceness, they see fierceness, they see violence, they see violence, they see violence, they see violence, they see violence, they see violence, they see violence, they see violence.","They went out to fight each other. They were brothers and sisters. They fought in the synagogue, they fought with each other, they fought with each other, they fought with each other, and the dragon fought with them.",2.9156882327089515
1711,स्थित्वामुहूर्तंसम्प्रेक्ष्यनिर्भयेनान्तरात्मना तृणीकृत्यचतद्रक्षस्सोऽब्रवीत्परुषंवचः,सः मुहूर्तम् स्थित्वा सम्प्रेक्ष्य निर्भयेन अन्तरात्मना तत् रक्षः तृणीकृत्यः परुषम् वचः अब्रवीत्,"As they stood there, they were terrified and filled with awe.","When he stood before the seal, he feared nothing in his heart. Then the paralytic spoke to him,",2.1970900464782472
1712,तस्या वस्त्रं विशालाक्ष्याः पीतं रक्तदशं शुभम्स्थितायाः पर्वतस्याग्रे मारुतोऽपहरच्छनैः,पर्वतस्य अग्रे स्थितायाः विशालाक्ष्याः तस्याः पीतं रक्तदशम् शुभम् वस्त्रम् मारुतः शनैः अपाहरत्,"Her clothes were bright red and white, and she was thrown to death at the foot of the Mount of Olives.","At the top of the hill, the guests picked her up. She was dressed in white and white, and she was stoned to death.",21.11559566827341
1713,पादपात्पादपं गच्छन् शैलाच्छैलं वनाद्वनम् वाति नैकरसास्वादस्सम्मोदित इवानिलः,अनिलः नैकरसास्वादसम्मोदित इव पादपात् पादपम् शैलात् शैलम् वनात् वनम् गच्छन् वाति,"When they got to the top of the hill, they greeted him with a warm welcome.","And it came to pass, as it were, that the oil of the leaven was sweet, and the oil of the leaven was sweet, and the oil of the leaven was sweet, and the oil of the leaven was sweet, and the oil of the leaven was sweet, and the oil of the leaven was sweet, and the oil of the leaven was sweet, and the oil of the leaven was sweet, and the oil of the leaven was sweet, and the oil of the leaven was sweet, and the oil of the leaven was sweet.",0.03603149384262664
1714,वन्द्यास्ते तु तपस्सिद्धास्तपसा वीतकल्मषाःप्रष्टव्या चापि सीतायाः प्रवृत्तिर्विनयान्वितैः,ते तपस्सिद्धाः तपसा वीतकल्मषाः वन्द्यान् विनयान्वितैः सीतायाः प्रवृत्ति: प्रष्टव्या चापि,"But when he came to the house, he was filled with grief, and was troubled, and was troubled, because of the temptation of Satan.","They were filled with grief. They were filled with grief, and they were filled with shame because of Satan's way of life.",14.752569038049879
1715,स तस्य वाक्यं मधुरं महात्मनस्समाहितं धर्मपथानुवर्तिनःनिशम्य रामस्य रणावमर्दिनोवचस्सुयुक्तं निजगाद वानरः,सः वानरः महात्मनः धर्मपथानुवर्तिनः रणावमर्दिनः तस्य रामस्य मधुरम् समाहितम् वाक्यम् निशम्य सुयुक्तम् वचः निजगाद,and his words are sweet and gracious to those who have turned to righteousness.,"The serpent, the great serpent, the righteous one, the serpent, the serpent, the serpent, the serpent, the serpent, the serpent, the serpent, the serpent, the serpent, the serpent, the serpent, the serpent, the serpent, the serpent, the serpent, the serpent, the serpent, the serpent, the serpent, the serpent, the serpent, the serpent, the serpent, the serpent, the serpent, the serpent, the serpent, the serpent, the serpent, the serpent, the serpent, the serpent, the serpent, the serpent, the serpent, the serpent, the serpent, the serpent,",0.0
1716,प्रविशन्नेव च श्रीमान्राघवो भवनं पितुःददर्श पितरं दूरात्प्रणिपत्य कृताञ्जलिः,श्रीमान् राघवः पितुः भवनम् प्रविशन्नेव कृताञ्जलिः दूरात् पितरम् प्रणिपत्य ददर्श,"As soon as he entered the house, he saw his father from a distance.","As he entered his father's house, he saw Peter lying on his knees from a distance.",31.080274842113187
1717,तत स्समुत्थाय कुले कुले ते राजन्यवैश्या वृषलाश्च विप्राःअयूयुजन्नुष्ट्रखरान्रथांश्च नागान्हयांश्चैव कुलप्रसूतान्,ततः कुले कुले ते राजन्यवैश्याः वृषलाश्च विप्राः समुत्थाय उष्ट्रखरान् रथांश्च कुलप्रसूतान् नागान् हयांश्चैव अयूयुजन्,"They came from every tribe, from every kingdom, from wild beasts, from wild beasts, from wild beasts, from wild beasts, from snakes, from wild beasts, from wild beasts, from wild beasts, from wild beasts, from wild beasts, from wild beasts, from wild beasts, from wild beasts, from wild beasts, from wild beasts, from wild beasts, from wild beasts, from wild beasts, from wild beasts, from wild beasts, from wild beasts, from wild beasts, from wild beasts, from wild beasts, from wild beasts, from wild beasts, from wild beasts, from wild beasts, from wild beasts, from wild beasts, from wild beasts, from wild beasts, from wild beasts, from wild beasts, from wild beasts, from wild beasts, from wild beasts, from wild beasts, from wild beasts, from wild beasts, from wild beasts, from wild beasts, from wild beasts, from wild beasts, from wild beasts, from wild beasts, from wild beasts, from wild beasts, from wild beasts","Then they gathered together the king's cohorts, the wild beasts, and the dragons, and the chariots, and the dragons, and the dragons, and the dragons.",0.8305276368009255
1718,अहो स्वप्नस्य सुखता याहमेवं चिराहृता प्रेषितं नाम पश्यामि राघवेण वनौकसम्,स्वप्नस्य सुखता अहो चिराहृता या राघवेण प्रेषितं नाम वनौकसम् एवम् पश्यामि,"O joy of dreams, I have seen the name of a shepherd's messenger, the name of a wolf, and the name of a wild beast.","I have a dream, a dream, a dream, a dream, a dream, a dream, a dream, a dream, a dream, a dream, a dream, a dream, a dream, a dream, a dream, a dream, a dream, a dream, a dream, a dream, a dream, a dream, a dream, a dream, a dream, a dream, a dream, a dream, a dream, a dream, a dream, a dream, a dream, a dream, a dream, a dream, a dream, a dream.",0.18660849038570967
1719,फलमूलवता नील शीतकाननवारिणा पथा मधुमता चाशु सेनां सेनापते नय,सेनापते नील फलमूलवता शीतकाननवारिणा मधुमता पथा अशु सेनाम् नय,"The fruit of the vine, the fruit of the vine, the fruit of the vine, the fruit of the vine, the fruit of the vine, the fruit of the vine, the fruit of the vine, the fruit of the vine, the fruit of the vine, the fruit of the vine, the fruit of the vine, and the fruit of the vine.","The commander-in-chief is not a gentle man, but a gentle man with a cold heart.",0.6508522100111949
1720,स ललाटेमहावीर्यमङ्गदंवानरर्षभम् आजघानमहातेजास्समुहूर्तंचचाल ह,महातेजाः सः महावीर्यम् वानरर्षभम् अङ्गदम् ललाटे आजघान सः मुहर्तम् चचाल ह,"He walked with the glory of God, the glory of God, the glory of God, the glory of God, the glory of God, the glory of God, the glory of God, the glory of God, the glory of God, the glory of God, the glory of God, the glory of God, the glory of God, the glory of God, the glory of God, the glory of God, the glory of God, the glory of God, the glory of God, the glory of God, the glory of God, the glory of God, the glory of God, the glory of God, the glory of God, and the glory of God.","The king's hands were heavy, and his hands were heavy, and his hands were heavy, and his hands were heavy; and his hands were heavy, and his hands were heavy, and his hands were heavy.",0.729964259477528
1721,चक्षुभ्यां त्वां न पश्यामि कौसल्ये साधु मां स्फृशइत्युक्त्वा स रुदंस्त्रस्तो भार्यामाह च भूमिपः,कौशल्ये चक्षुर्भ्याम् त्वाम् न पश्यामि मां साधु स्फृश भूमिपः इति उक्त्वा त्रस्तो रुदन् भार्याम् आह च,"I saw you with my own eyes, but you touched me with your wisdom. My eyes were filled with tears and I was burdened with tears.","""I do not see you, "" he said. "" Then I wept and wept.",2.0929373635196202
1722,घृतपूर्णेषु कुम्भेषु धात्र्यस्तान् समवर्धयन्कालेन महता सर्वे यौवनं प्रतिपेदिरे,धात्र्य: तान् घृतपूर्णेषु कुम्भेषु समवर्धयन् सर्वे महता कालेन यौवनम् प्रतिपेदिरे,"And they put their hands together, young men and old men, each with his own son.","They were thrown together in a pit full of thorns, the young and the old,",3.168429634207702
1723,तेनवामांसफलकेभृशंप्रत्यवपादितम् अङ्गदोमोक्ष्यामाससरोषस्सपरश्वधम्,रोषः सःअङ्गदः तेन वामांसफलके भृशम् प्रत्यवपादितम् परश्वधम् मोक्ष्यामास,"And he gave them the fruit of the tree of the knowledge of good and evil, and the fruit of the tree of the knowledge of good and evil.","For the anger of God was poured out on him by the rod of his left hand,",1.7934437633383677
1724,इत्युक्त्वासप्तभिर्भाणैरभिविव्याथलक्ष्मणम् दशभिस्तुहनूमन्तंतीक्ष्णधाश्शरोत्तमैः,इति उक्त्वा सप्तभिः बाणैः लक्ष्मणम् विव्याथ तीक्ष्णधारैः दशभिः शरोत्तमैः हनूमन्तम्,"There were seven living lions sitting on the throne. There were ten seats on the throne, and there was a loud voice from heaven.","seven lances, seven lances, and ten lances.",3.4901807086831904
1725,पौरै: प्रत्युद्गतो दूरं द्विजैश्च पुरवासिभि: पुत्रैरनुगत श्श्रीमान् श्रीमद्भिश्च महायशा: प्रविवेश गृहं राजा हिमवत्सदृशं पुनः,पौरै: पुरवासिभि: द्विजै: च दूरम् प्रत्युद्गत: श्रीमद्भि: पुत्रै: अनुगत: श्रीमान् महायशा: राजा पुन: हिमवत्सदृशम् गृहम् प्रविवेश,"""Come up from afar, two wise men and elders, the rich and the rich and the mighty, come in to the palace of the king.","And he said unto them, Behold, I am come into the house of the Lord, and I am come into the house of the Lord, and I am come into the house of the Lord, and I am come into the house of the Lord, and I am come into the house of the Lord, and I am come into the house of the Lord, and I am come into the house of the Lord, and I am come into the house of the Lord, and I am come into the house of the Lord, and I am come into the house of the Lord, and I am come into the house of the Lord.",0.1540117808217658
1726,यथा च स महाबाहुर्मां तारयति राघवःअस्माद्दु:खाम्बुसम्रोधात्त्वं समाधातुमर्हसि,महाबाहुः सः राघवः अस्मात् दुःखाम्बुसंशेधात् यथा तारयति त्वम् समाधातुम् अर्हसि,and he saves us from a great storm.,You are worthy to be saved from our painful torment.,4.540013809283726
1727,एतत्तवार्या नृपराजसिंह सीता वचः प्राह विषादपूर्वम्एतच्च बुद्ध्वा गदितं मया त्वं श्रद्धत्स्व सीतां कुशलां समग्राम्,पराजसिंह आर्या सीता विषादपूर्वम् एतत् वचः तव आह मया गदितम् तत् बुद्ध्वा सीताम् समग्राम् कुशलाम् श्रद्धत्स्व,"And it came to pass before the king's voice was heard, that the king said unto him, Behold, I have seen thee, and I have seen thee.","""Before the crow flies, I have spoken to you, and you will know that I have spoken to you, and you will believe my words.",7.261813302549418
1728,दुष्करं कृतवान्कर्म त्वमिदं वानरोत्तमनिपत्य मम शृङ्गेषु विश्रमस्व यथासुखम्,वानरोत्तम त्वम् दुष्करम् इदम् कर्म कृतवान् मम शृङ्गेषु निपत्य यथासुखम् विश्रमस्व,Rest in my chains and be refreshed because of your wicked deeds.,"Now lie down in my chains and rest, for you have done evil.",17.532201649672796
1729,स तंदृष्टवामहात्मानंराघवस्तुविसिस्मिये वानरान् सान्त्वयित्वा च विभीषणमुवाच ह,सः राघवस्तु महात्मानं तम् दृष्टवा विसिस्मिये वानरान् सान्त्वयित्वा च विभीषणम् उवाच ह,"Immediately he calmed the birds with a strong wind and a strong wind, and they were terrified.","When he saw the glory of the beast, he was amazed and terrified.",5.32864224277779
1730,अद्यशोकपरीतानांस्वबन्धुवधकारणात् शत्रोर्युधिविनाशेनकरोम्यस्रप्रमार्जनम्,अद्य युधि शत्रोः विनाशेन स्वबन्धुवध कारणात् शोकपरीतानाम् अस्रप्रमार्जनम् करोमि,Now I am going to make sure that you will be able to kill all your enemies through the chains you have given me.,Today I mourn and mourn because of the destruction of my enemies.,2.1300733682208985
1731,न चाप्यस्य कपेर्घाते कञ्चित्पश्याम्यहं गुणम्तेष्वयं पात्यतां दण्डो यैरयं प्रेषितः कपिः,अस्य कपेः घाते अहम् किञ्चित् गुणम् न पश्यामि अयम् दण्डः यैः अयं कपिः प्रेषितः तेषु पात्यताम्,"I have not found anyone to be outraged or to blame, nor have any of the apostles condemned you.",I do not see any merit in this man's crime. It should be the same for those who sent him.,2.7101496987337943
1732,स शैलशृङ्गाभिहतश्चुकोपननादरोषाच्चविवृत्यवक्त्रम् व्याविध्यशूलं च तटित्प्रकाशंचिक्षेपहर्यृक्षिपतेर्वधाय,सः शैलशृङ्गाभिहताः चुकोप रोषात् वक्त्रम् विवृत्य ननाद तटित्प्रकाशम् शूलम् व्याविध्य हर्यृक्षिपतेः वधाय चिक्षेप,"It was surrounded by stone pillars, sandstone pillars, and a wide variety of shrubs. It was surrounded by streams of light and water.","He was furious with the rocks and the rocks, and his voice sounded like a whisper, and the waters were filled with light, and the waters were filled with darkness, and the waters were filled with light, and the waters were filled with darkness, and the waters were filled with darkness.",1.245212593324321
1733,यथा हि कुर्यात्सर्पो वा शत्रुर्वा प्रत्युपेक्षितःराज्ञा दशरथेनाद्य सपुत्रा त्वं तथा कृता,सपुत्रा त्वम् राज्ञा दशरथेन प्रत्युपेक्षित: सर्पो वा शत्रुर्वा यथा कुर्यात् तथा कृता,"You, son of Deborah, have kept the commandments of Cyrus the Great and of his enemies.","""Son of man, you have been betrayed by the power of Satan. Do as the serpent does, and do as the enemy does.",2.1834760999170757
1734,त्वयातुनृपशार्दूलदोषमेवानुवर्तता लघुनेवमनुष्येणस्त्रीत्वमेवपुरस्कृतम्,नृपशार्दूल रोषमेव अनुवर्तता त्वयातु लघुना मनुष्येणइव स्त्रीत्वमेव प पुरस्कृतम्,"But you were made a woman by a small vessel, through the sin of your flesh and blood.","You have followed the wrath of the king, and you have been given a woman and a man.",5.577144216540393
1735,प्रविश्य तु महारण्यं रामो राजीवलोचनः विराधं राक्षसं हत्वा शरभङ्गं ददर्श ह सुतीक्ष्णं चाप्यगस्त्यं च अगस्त्यभ्रातरं तथा,राजीवलोचनः रामः महारण्यम् प्रविश्य तु विराधम् राक्षसम् हत्वा शरभङ्गम् सुतीक्ष्णं च अगस्त्यं च तथा अगस्त्यभ्रातरं च ददर्श ह,"When he entered the palace, he saw the queen, who was called Ramah, the queen of the kings, and the demon-possessed, and he killed her. He saw her, and slew her, and killed her brother Augustus.","Then he entered the palace and killed the demon - possessed, and he saw Sarah, Sophia, and Augustus, and his brother Augustus.",12.365333536394848
1736,बहुलं स तु निश्श्वस्य रामो राजीवलोचनःहा प्रियेति विचुक्रोश बहुशो बाष्पगद्गदः,राजीवलोचनः सः रामः बहुलम् निश्श्वस्य बाष्पगद्गदः हा प्रियेति बहुशः विचुक्रोश,But he will often be troubled and troubled by the everlasting chants of life and death.,"And the king's voice was greatly troubled, because he loved the lambs, and the oxen, and the oxen, and the oxen, and the oxen, and the oxen, and the goats, and the goats, and the goats, and the goats, and the sheep, and the goats, and the goats, and the sheep, and the goats, and the goats, and the goats, and the sheep, and the goats, and the goats, and the goats, and the goats, and the goats, and the goats, and the goats, and the goats, and the goats, and the goats, and the goats, and the goats, and the goats, and the goats, and the goats, and the goats, and the goats.",0.0014324521278138262
1737,ततस्तैर्बहुभिर्वीरैर्वानरैर्वानरर्षभसंरक्तनयनैः क्रोधाद्धरयः प्रविचालिताः,वानरर्षभ ततः क्रोधात् संरक्तनयनैः वीरैः बहुभिः तैः वानरैः हरयः प्रविचालिताः,"A crowd of wild beasts, wild beasts, and evildoers went into the city, crying out in anger.","The monkeys were furious, and many of the brave men were led away by the green monkeys.",4.5672118332822365
1738,यूथबद्धांश्च पृषतान्मदोन्मत्तान् विषाणिनःमहिषांश्च वराहांश्च नागांश्च द्रुमवैरिणः,यूथबद्धान् पृषतान् मदोन्मत्तान् विषाणिनः महिषांश्च वराहांश्च द्रुमवैरिणः नागांश्च,"young men and women, and men and women, and men and women, and men and women, and men, and men, and women, and men, and women, and men, and women, and men, and men, and women, and men, and women, and men, and women, and men, and women, and men, and women, and men, and women, and men, and women, and men, and men, and women, and men, and men, and women, and men, and men, and men, and women, and men, and women, and men, and men, and women, and men, and men, and women, and men, and men, and women, and men, and men, and men, and women, and men, and men, and men, and women, and men, and men, and men, and men, and women, and men, and men, and men, and men, and women, and men, and men, and men, and women, and men, and men, and women, and men,","the weeds of the earth, the worms of the earth, the worms of the moon, the worms of the earth, the snakes of the sea,",0.2344532727103808
1739,तूर्णं समुत्थाय सुमन्त्र गच्छ बलस्य योगाय बलप्रधानान्आनेतुमिच्छामि हि तं वनस्थं प्रसाद्य रामं जगतो हिताय,सुमन्त्र समुत्थाय बलस्य योगाय बलप्रधानान् तूर्णम् गच्छ वनस्थम् तम् रामम् प्रसाद्य जगतः हिताय आनेतुम् इच्छामि हि,"Let the trumpet sound, and let it sound, and let it sound, and let it sound, and let it sound, and let it sound, and let it sound, and let it sound, and let it sound, and let it sound, and let it sound, and let it sound, and let it sound, and let it sound, and let it sound, and let it sound, and let it sound, and let it sound, and let it sound, and let it sound, and let it sound, and let it sound, and let it be, and let it be, and let it be, and let it be, and let it be, and let it be, and let it be, and let it be, and let it be, and let it be, and let it be, and let it be.",I would like to come to the world for the good of him who has given me life in the wilderness.,0.24952965187538315
1740,सनिर्घातामहोल्काश्चसम्प्रपेतुर्महास्वनाः विषादयंस्तेरक्षांसिरावणस्यतदाहिताः,सनिर्घाताः महास्वनाः महोल्काश्च सम्प्रपेतुः रावणस्य अहिताः ते रक्षांसि विषादयन्,"They were given the right to wear a helmet, and the right to wear a helmet, and the right to wear a helmet, and the right to wear a helmet, and the right to wear a helmet, and the right to wear a helmet, and the right to wear a helmet, and the right to wear a helmet, and the right to wear one's helmet, and the right to wear one's helmet, and the right to wear one's helmet, and the right to wear one's helmet.","And the great horses, and the mighty, and the mighty, and the mighty, and the mighty, and the mighty, and the mighty, and the mighty, and the mighty, and the mighty, and the mighty, and the mighty, and the mighty, and the mighty, and the mighty, and the mighty, and the mighty, and the mighty, and the mighty, and the mighty, and the mighty, and the mighty, and the mighty, and the mighty, and the mighty, and the mighty, and the mighty, and the mighty, and the mighty, and the mighty, and the mighty, and the mighty, and the mighty, and the mighty, and the mighty, and the mighty, and the mighty, and the mighty, and the mighty, and the mighty, and the mighty and the mighty, and the mighty, and the mighty, and the mighty and the mighty, and the mighty and the mighty, and the mighty and the mighty and the mighty and the mighty",2.8719969197783146
1741,प्रतिलोमानुलोमाश्च रुचिरा रोमराजयःशोभन्ते मृगमाश्रित्य चित्राः कनकबिन्दवः,प्रतिलोमानुलोमाः च रुचिराः कनकबिन्दवः चित्राः रोमराजयः मृगम् आश्रित्य शोभन्ते,"They were made of bronze, bronze, bronze, bronze, bronze, bronze, bronze, bronze, bronze, bronze, bronze, bronze, bronze, bronze, bronze, and bronze.","They are made of silk, linen, and bronze. They are made of stone, and they are made of bronze, and they are made of bronze, and they are made of bronze, and they are made of bronze, and they are made of bronze, and they are made of bronze, and they are made of bronze, and they are made of bronze, and they are made of bronze, and they are made of bronze, and they are made of bronze, and they are made of bronze, and they are made of bronze, and they are made of bronze.",3.0498790883617035
1742,यस्या गतिरनाथायाः पुत्रः प्रवाजितो वनम्तामम्बां तात कौसल्यां त्यक्त्वा त्वं क्व गतो नृप,नृप तात आनाथायाः यस्याः गतिः पुत्रः वनम् प्रव्राजितः ताम् अम्बम् कौशल्याम् त्यक्त्वा क्व त्वं गतः,"""Then the son of Hamor-Nath fled to the wilderness, leaving his counsel and going into the wilderness.","And the king said to Anathathas, This is the way of the son of Anathas; and he went away, and left his father's hand and his wisdom.",5.555994142180625
1743,लक्ष्म्या समुदितो ब्राह्म्या ब्रह्मभूतो महातपा:ब्राह्मेण तपसा युक्तं पुत्रमिच्छामि धार्मिक,महातपा: ब्राह्म्या लक्ष्म्या समुदित: ब्रह्मभूत: धार्मिक ब्राह्मेण तपसा युक्तम् पुत्रम् इच्छामि,"I was born in Lakshmi, I was born in Brahma, I was born in Brahma, I was born in Brahma, I was born in Brahma, I was born in Brahma, I was born in Brahma, I was born in Brahma, I was born in Brahma, I was born in Brahma, I was born in Brahma, I was born in Brahma, I was born in Brahma, I was born in Brahma, I was born in Brahma, I was born in Brahma, I was born in Brahma, I was born in Brahma, I was born in Brahma, I was born in Brahma.",Mahatpa: Brahma Lakshmi says: Brahma bhut: I want a son who is devout and devout in the religion of Brahma.,0.8162120350011037
1744,स्वयमेव हि धर्मात्मा प्रययौ मुनिशासनात्सुमन्त्रस्त्वरितो भूत्वा समानेतुं महीक्षित:,धर्मात्मा सुमन्त्र: मुनिशासनात् त्वरितो भूत्वा महीक्षित: समानेतुम् स्वयमेव प्रययौ,For the Spirit of righteousness himself is the minister of the law.,Be self - controlled. Be quick to avoid temptation. Try to be self - controlled.,2.1027582541760537
1745,सा मया राक्षसीमध्ये तर्ज्यमाना मुहुर्मुहुःराक्षसीभिर्विरूपाभिर्दृष्टा हि प्रमदावने एकवेणीधरा दीना भर्तृचिन्तापरायणाअधश्शय्या विवर्णाङ्गी पद्मिनीव हिमागमे रावणाद्विनिवृत्तार्था मर्तव्यकृतनिश्चया,विरूपाभिः राक्षसीभिः मुहुर्मुहुः तर्ज्यमाना एकवेणीधरा दीना भर्तृचिन्तापरायणा अधः शय्या हिमागमे पद्मिनिव विवर्णाङ्गी रावणात् विनिवृत्तार्था मर्तव्यकृतनिश्चया सा मया राक्षसीमध्ये प्रमदावने दृष्टा,"Then I saw a sealed vessel, like a sealed vessel in a sealed vessel. I saw a sealed vessel, like a sealed vessel in a sealed vessel, and a sealed vessel in a sealed vessel, like a sealed vessel in a sealed vessel.","Then I saw a woman in the midst of the devil, dressed in black robes and sealed with seals. She was lying on a bed covered with ice and water, and she was determined to turn away from the rags of the devil.",6.72488842296111
1746,सान्त्वयित्वा तु तां रामो रुदन्तीं जनकात्मजाम्उवाच लक्ष्मणं तत्र दुःखितो दुःखितं वचः,रामः रुदन्तीम् तां जनकात्मजाम् सान्त्वयित्वा दुःखितः दुःखितम् लक्ष्मणम् तत्र वचः उवाच,They comforted her and wept bitterly.,She wept and was comforted. He said to her:,5.545738798841781
1747,कच्चित्ते कुशलं राजन् कच्चिद्धर्मेण रञ्जयन्प्रजा: पालयसे वीर राजवृत्तेन धार्मिक,राजन् ते कुशलम् कच्चित् धार्मिक वीर प्रजा: धर्मेण रञ्जयन् राजवृत्तेन पालयसे कच्चित्,"""A good king is honored with good deeds; a strong ruler is honored with good deeds; a strong ruler is honored with righteousness.","The kings, the mighty, the righteous, the mighty, the righteous, the crowned,",0.0
1748,धर्मज्ञः सत्यसन्धश्च शीलवाननसूयकः क्षान्तः सान्त्वयिता श्लक्ष्णः कृतज्ञो विजितेन्द्रियः,धर्मज्ञ: सत्यसन्ध: शीलवान् अनसूयक: क्षान्त: सान्त्वयिता श्लक्ष्ण: कृतज्ञ: विजितेन्द्रिय:,"They are righteous, they are truthful, they are wise, they are wise, they are quiet, they are comforted, they are wise, they are thankful,","The wise, the truthful, the quiet, the blameless, the quiet, the comforting, the wise, the thankful, the conquered,",5.539213583846188
1749,अनुबन्धमजानन्तः कर्मणामविचक्षणाः शीघ्रमेव विनश्यन्ति यथा त्वं विनशिष्यसि,कर्मणाम् अनुबन्धम् अजानन्तः अविचक्षणाः यथा श्रीघ्रमेव विनश्यन्ति त्वम् विनशिष्यसि,"Those who reject the covenant will soon perish, just as you will perish.","And you will be like a lion, and you will be like a lion, and you will be like a lion, and you will be like a lion, and you will be like a lion, and you will be like a lion, and you will be like a lion, and you will be like a lion, and you will be like a lion, and you will be like a lion, and you will be like a lion, and you will be like a lion, and you will be like a lion, and you will be like a lion.",0.010272978552733571
1750,सागरस्येवमेवेगोमारुतस्येवमेगति: नहिदाशरथिर्वेदतेनमांयोद्धुमिच्छति,मे वेगः सागरस्येव मे गति: मारुतस्येव दाशरथिः नहिवेद तेव माम् योध्दुम् इच्छति,"The sea is like a wave, and the sea is like a whirlwind, and the sea is like a whirlwind, and the sea is like a whirlwind.","My speed is like that of the sea; it is not like the speed of the seas; it is not like the speed of the seas, but it is like the speed of the seas.",3.9669258808697276
1751,ततश्शूर्पणखावाक्यं तच्छ्रुत्वा रोमहर्षणम्सचिवानभ्यनुज्ञाय कार्यं बुद्ध्वा जगाम ह,ततः रोमहर्षणम् तत् शूर्पणखावाक्यम् श्रुत्वा सचिवान् अभ्यनुज्ञाय कार्यम् बुद्ध्वा जगाम ह,"When they heard this, the world was astonished at what the Roman governor had done.","When the Roman governor heard this rhetoric, he was amazed at what he was doing.",14.009047908905242
1752,शूराश्चबलवन्तश्चकृतास्त्राश्चरणाजिरे कालाभिपन्नास्सीदन्तियथावालुकसेतव,रणाजिरे: शूराः बलवन्तश्च: कृतास्त्राश्च: नराः कालाभिपन्नाः वालुकसेतवयथा: सीदन्ति:,"They will wear black robes and robes, and they will wear black robes and robes.","The lions and the mighty men, clothed in robes, men in black robes, with white robes,",6.00047405651698
1753,मोघो हि धर्मश्चरितो मयायंतथैकपत्नीत्वामिदं निरर्थम्या त्वां न पश्यामि कृशा विवर्णा हीना त्वया सङ्गमने निराशा,या त्वाम् न पश्यामि त्वया हीना सङ्गमने निराशा कृशा विवर्णा मया चरितः अयम् धर्मः मोघः हि तथा इदम् एकपन्तीत्वम् निरर्थम्,"My dear friend and dear friend, I have only one wife. I do not think you should be disappointed in your hard work.","For I have been anxious to see you again and again, and I have been anxious to see you again and again, and I am anxious to see you again and again, and I am anxious to see you again and again, and I am anxious to see you again and again, and I am anxious to see you again and again and again, and I am anxious to see you again and again and again and again and again and again and again and again and again and again and again and again and again and again and again and again and again and again and again and again and again and again and again and again and again and again and again and again and again and again and again and again and again and again and again and again and again and again and again and again and again and again and again and again and again and again and again and again and again and again and again and again and again.",0.009425803446943519
1754,निवर्तस्व सह स्त्रीभिः कथं भूयोऽनुगच्छसिसौहृदं दर्शितं तारे मयि भक्ति: कृता त्वया,स्त्रीभिः सह निवर्तस्व भूयः कथम् अनुगच्छसि त्वया सौहृदम् दर्शितं तावत् मयि भक्तिः कृता,"""Go, take the women with you, and worship the star that showed you the way.",Go out with the women and follow me as you have shown kindness.,5.538003944406129
1755,सदृशं शारदस्येन्दोः पुल्लस्य कमलस्य चसुगन्धि मम नाथस्य धन्या द्रक्ष्यन्ति तन्मुखम्,शारदस्य इन्दोः सदृशम् पुल्लस्य कमलस्य च सुगन्धि मम नाथस्य तत् मुखम् धन्याः द्रक्ष्यन्ति,"And they shall see the richness of my name, and the fragrance of the salt of the earth, and the fragrance of the salt of the earth.","The rich will see the scent of my face, the perfume of my vine, the perfume of my vine, the perfume of my vine, the perfume of my vine,",4.2034009508528385
1756,अथमन्त्रानभिजपन्रौद्रमस्तमुदीरयन् शरान् भूयःसमादाय रामः क्रोधसमन्वितः मुमोच च महातेजाश्चापमायम्यवीर्यवान्,अथ महातेजाः वीर्यवान् रामः क्रोधसमन्वितः मन्त्रान् अभिजपन् रौद्रम् अस्त्रम् उदीरयन् भूयः शरान् समादाय चापम् आयम्य मुमोच च,"When the people heard this, they were furious. They were filled with anger and anger.","And the queen of Sheba was filled with fury and anger, and she laid down her coats of mail, and her arms, and her sword, and her spear, and her bow, and her bow, and her bow, and her bow, and her bow, and her bow, and her bow, and her bow, and her bow, and her bow, and her bow, and her bow, and her bow, and her bow, and her bow, and her bow, and her bow, and her bow, and her bow, and her bow, and her bow, and her bow, and her bow, and her bow, and her bow, and her bow, and her bow, and her bow, and her bow, and her bow, and her bow, and her bow, and her bow, and her bow, and her bow, and her bow, and her bow, and her bow, and her bow, and her bow, and her bow, and her bow, and her bow, and her bow, and her bow, and her bow, and her bow, and her bow, and her bow, and her bow, and her bow, and her bow, and her bow, and her bow,",1.795121285764179e-05
1757,एवं तत्र मया दृष्टः कुम्भकर्णो निशाचरः रावणस्य सुतास्सर्वे दृष्टास्तैलसमुक्षिताः,तत्र निशाचरः कुम्भकर्णः मया एवम् दृष्टः रावणस्य सुताः सर्वे तैलसमुक्षिताः दृष्टाः,"Then I looked, and there were horns and horns, and the ravens and the goats.","And there I saw, and behold, there was a thorn in the side of the field, and the thorn in the side of the field, and the thorn in the side of the field, and the thorn in the side of the field, and the thorn in the side of the field, and the thorn in the side of the field, and the thorn in the side of the field, and the thorn in the side of the field, and the thorn in the side of the field, and the thorn in the side of the field, and the thorn in the side of the field.",0.04811139064752594
1758,ततस्तु प्रघसा नाम राक्षसी वाक्यमब्रवीत्कण्ठमस्या नृशंसायाः पीडयाम किमास्यते,ततः प्रघसा नाम राक्षसी वाक्यम् अब्रवीत् अस्याः नृशंसायाः कण्ठम् पीडयाम किम् आस्यते,"The beast, whose name is ""Pragasa "" (which means demon), will be tormented with great pain and anguish.","""Pragasa, "" which means ""The Devil, "" he asked"", Why should we punish this monster?",5.291907393644996
1759,तयोशशिखरयोर्मध्येप्रदीप्तमतुलप्रभम् सर्यौषधियुतंवीर द्रक्ष्यस्यौषधिपर्यतम्,वीर तयोः शिखयोः मध्ये प्रदीप्तम् अतुलप्रभम् सर्यौषधियुतम् ओषधिपर्वतम् द्रक्ष्यसि,until he saw the Lord's bright light shining from the top of the hill.,"And you will see the mountain of Olives shining brightly in the midst of them, and the Lord shining brightly in the midst of them.",1.8480820987504019
1760,अथ तद्भस्मनां राशिं गङ्गासलिलमुत्तमम्प्लावयद्धूतपाप्मानस्स्वर्गं प्राप्ता रघूत्तम,रघूत्तम अथ उत्तमम् गङ्गासलिलम् तत् भस्मनाम् राशिम् प्लावयत् धूतपापा: स्वर्गम् प्राप्ता:,"They were more expensive than Gantalillillil, and they went up to heaven.","""Come, you who are like a fine olive oil, and have burned your ashes, and washed your hands, and lifted them up to heaven.",6.7423676285639
1761,तदद्यविपुलंवीरदुःखमिन्द्रजिताकृतम् कर्मणाव्यपनेष्यामितस्मादुत्तिष्ठराघव,वीर इन्द्रजिता कृतम् तत् विपुलम् दुःखम् अद्य कर्मणा व्यपनेष्यामि राघव तस्मात् उत्तिष्ठ,"Therefore, give us the strength to endure the hardships of the present day, so that we may not be overwhelmed by the hardships of the present day.","Rise up, I pray you, from the great tribulation of this day, which I have suffered for the sake of this brave man.",3.511476270817333
1762,एवमुक्तस्तु रामेण लक्ष्मण संयताञ्जलिःसीतासमक्षं काकुत्स्थमिदं वचनमब्रवीत्,रामेण एवम् उक्तः लक्ष्मणः संयताज्ञलिः सीतासमक्षम् काकुत्स्थम् इदम् अब्रवीत्,"When he was released, he spoke to Ramah and Laxma, who were under his care.","Raman said, ""Lakshman is a wise man, and this is what happened to Sita.",3.211547431691929
1763,दानसंवनना ह्येते ग्रन्था मेधाविभिः कृताःयजस्व देहि दीक्षस्व तपस्तप्यस्व सन्त्यज,यजस्व देहि दीक्षस्व तपः तप्यस्व सन्त्यज एते ग्रन्थाः मेधाविभिः कृताः दानसंवननाः हि,"And the handwriting of the tablets was made with the hands of the craftsmen, and the lampstand was set on the tablets.","These are the tablets of gifts made by the craftsmen, the lampstands and the lampstands.",9.637411586929971
1764,एकैकयोजनं पुत्रा विस्तारमधिगच्छतयावत्तुरगसन्दर्श: तावत् खनत मेदिनीम्तं चैव हयहर्तारं मार्गमाणा ममाज्ञया,पुत्रा: एकैकयोजनम् विस्तारम् अधिगच्छत मम आज्ञया तं हयहर्तारम् मार्गमाणा: तुरगसन्दर्श: यावत् तावत् मेदिनीम् खनत,"One day a son of a widow came to visit me, and I saw him walking on the road.","""My son"", he said, ""make a plan, and I will tell you how to do it. Go on until the thunderstorm comes.",5.795829108660737
1765,यदेतद्राक्षसानीकंमेघश्यामंविलोक्यते एतदायोध्यतांशीघ्रंकपिभिपादपायुधैः,मेघश्यामम् यत् एतत् राक्षसानीकम् विलोक्यते एतत् पादपायुधैः कपिभिः शीघ्रम् अयोध्यताम्,"When the clouds of the vine appeared, it was almost too late.","When he saw a demon like this, some of them hurried to his feet and ran away.",2.8099817702511314
1766,तमेवं वानरश्रेष्ठं गर्जन्तममितौजसम् प्रहृष्टा हरयस्तत्र समुदैक्षन्त विस्मिताः,तत्र एवम् गर्जन्तम् अमितौजसम् तम् वानरश्रेष्ठम् हरयः प्रहृष्टाः विस्मिताः समुदैक्षन्त,"The serpent called out to him with a roaring voice, and the sea was filled with darkness.","There was such a thunderstorm, and Amityus and his companions were amazed at the sight of the sea.",6.248174575604716
1767,रैरतिमहावेगैर्वेगवान्रावणात्मजः सौमित्रिमिन्द्रजिद्युद्धेविव्याधशुभलक्षणम्,वेगवान् रावणात्मजः इन्द्रजित् युद्धे अतिमहावेगैः शरैः शुभलक्षणम् सौमित्रिम् विव्याध,"the good news of the night, the good news of the day, the good news of the Spirit, the good news of peace, and the good news of God's good news.","Ravana, a swift spirit, Indra, a great warrior, a great warrior, a great warrior, a great warrior, a great warrior, a great warrior, a great warrior, a great warrior, a great warrior, a great warrior, a great warrior, a great warrior, a great warrior, a great warrior, a great warrior, a great warrior, a great warrior, a great warrior, a great warrior, a great warrior, a great warrior, a great warrior, a great warrior, a great warrior, and a great warrior.",0.35523992191191944
1768,एष ज्ञातिसहस्रेण स्थपतिः परिवारितःकुशलो दण्डकारण्ये वृद्धो भ्रातुश्च ते सखा,ज्ञातिसहस्रेण परिवारितः एषः स्थपतिः दण्डकारण्ये कुशलः वृद्धः ते भ्रातुः सखा च,"They must be well-known and helpful to those who are weak and needy, to those who are persecuted, and to older brothers and sisters.","He must be a man of knowledge, a man of integrity, a man of knowledge in disciplining, an elderly man, a brother and a sister.",3.2687994994562946
1769,विभीषणस्यशूरस्ययथार्थंक्रियतांवचः अलंकालात्ययंकृत्वासागरोऽयंनियुज्यताम् यथासैन्येनगच्छामपुरींरावणपालिताम्,शूरस्य: विभीषणस्य: वचः यथार्थम् क्रियताम् कालात्ययम् कृत्वा: अलम् रावणपालिताम् पुरीम् यथा: सैन्येन: गच्छाम: सागर: अयं: नियुज्यताम्,"But because of the fear and anxiety of the storm, he made a long wait and ordered the ship to sail like a ship sailing aboard a ship.","The mighty, the mighty, the mighty, the mighty, the mighty, the mighty, the mighty, the mighty, the mighty, the mighty, the mighty, the mighty, the mighty, the mighty, the mighty, the mighty, the mighty, the mighty, the mighty, the mighty, the mighty, the mighty, the mighty, the mighty, the mighty, the mighty, the mighty, the mighty, the mighty, the mighty, the mighty, the mighty, the mighty, the mighty, the mighty, the mighty, the mighty.",0.12476482001383042
1770,त्रयोदशोऽयं दिवसः पितुर्वृत्तस्य ते विभो सावशेषास्थिनिचये किमिह त्वं विलम्भसे,विभो अयम् वृत्तस्य ते पितुः त्रयोदशः दिवसः सावशेषास्थिनिचये त्वम् इह किम् विलम्बसे,It was the thirteenth day after the feast of Tabernacle. Didn't you think you were going to be late?,It's been thirteen days since the birth of our father. Why do you think you're late?,5.908002399935303
1771,एष फुल्लार्जुनश्शैलः केतकैरधिवासितःसुग्रीव इव शान्तारिर्धाराभिरभिषिच्यते,फुल्लार्जुनः केतकैः अधिवासितः एषः शैलः शान्तारिः सुग्रीव इव धाराभिः अभिषिच्यते,He is like a flowering plant in peaceful streams.,"It is like a rocky outcrop, surrounded by streams of peace.",13.147601201284163
1772,महानुभावस्य वचो निशम्यहरिर्नृपाणामृषभस्य तस्यकृतं स मेने हरिवीरमुख्यस्तदा स्वकार्यं हृदयेन विद्वान्,विद्वान् सः हरिवीरमुख्यः हरिः महानुभावस्य तस्य नृपाणाम् रुषभस्य वचः निशम्य तदा कार्यम् कृतम् हृदयेन मेने,He is a man of great kindness and compassion. He is full of compassion and compassion.,"He was a learned man, a man of great wisdom, a man of great power, a man of great wisdom, and a man of great wisdom.",7.765510593246648
1773,तौतथायुध्यमानौतुसमरेरामरावणौ ददृशुस्सर्वभूतानिविस्मितेनान्तरात्मना,समरे तथा युध्यमनौ रामरावणौ सर्वभूतानि विस्मितेन अन्तरात्मना ददृशुः,They were astonished when they saw the rest of the ship at sea.,"When they saw the battle in Samaria and Ramayana, they were astonished.",13.912311644176565
1774,खरश्च निहतसङ्ख्ये त्रिशिराश्च निपातितःदूषणश्च महातेजा रामेण विदितात्मना,विदितात्मना रामेण सङ्ख्ये खरश्च निहतः त्रिशिराश्च निपातितः महातेजाः दूषणश्च,"and bruises, and bruises, and bruises, and bruises, and bruises, and bruises, and bruises, and bruises, and bruises, and bruises,","the devils, the devils, the devils, the devils, the devils, the devils, the devils, the devils, the devils, the devils, the devils, the devils, the devils, the devils, the devils, the devils, the devils, the devils, the devils, the devils, the devils, the devils, the devils, the devils, the devils, the devils, the devils, the devils, the devils, the devils, the devils, the devils, the devils, the devils, the devils.",0.18122100715612072
1775,येषां चारश्च कोशश्च नयश्च जयतां वरअस्वाधीना नरेन्द्राणां प्राकृतैस्ते जनैस्समाः,जयताम् वर येषाम् नरेन्द्राणाम् चारश्च कोशश्च नयश्च अस्वाधीनाः ते प्राकृतैः जनैः समाः,They were born of the four corners of the world. They were born of the world's natural flowers.,"They were of the natural order of men, not of the wild, not of the wild, not of the wild, not of the wild, not of the wild, not of the wild, not of the wild, not of the wild, not of the wild, not of the wild, not of the wild, not of the wild, not of the wild, not of the wild, not of the wild, not of the wild, not of the wild, not of the wild, not of the wild, not of the wild, not of the wild, not of the wild, not of the wild, not of the wild, not of the wild, not of the wild, not of the wild, not of the wild, not of the wild, not of the wild, not of the wild, not of the wild,",0.0045859887233167754
1776,सूदयित्वा तु तं शत्रुं विक्रान्तं दुन्दुभेस्सुतम्निष्क्रामन्नेव पश्यामि बिलस्य पिहितं मुखम्,दुन्दुभेः सुतम् विक्रान्तम् तं शत्रुम् सूदयित्वा इह निष्क्रामम् पश्यामि बिलस्य मुखम् पिहितम्,"When I looked up, I saw him lying there, dressed in black robes, and his face covered with black hair.",He sold a pair of doves and killed them. He found the bull to be worthless.,1.8709718017288024
1777,किन्नराचरितं देशं पश्य शत्रुघ्न पर्वतम् मृगैस्समन्तादाकीर्णं मकरैरिव सागरम्,शत्रुघ्न मकरैः सागरम् इव समन्तात् मृगैः आकीर्णम् किन्नराचरितम् देशम् पर्वतम् पश्य,"Behold, the land is desolate, and the mountains of the enemy are dry, and the sea is dry, and the sea is dry.","And behold, the mountains and the hills are covered with the sea, and the sea is covered with the sea, and the sea is covered with the sea.",27.18430605807932
1778,अथाङ्गदोमृत्युसमानवेगंसंवर्त्यमुष्टिंगिरिशृङ्गकल्पम् निपातयामासतदामहात्मानरान्तकस्योरसिवालिपुत्रः,अथ महात्मा वालिपुत्रः अङ्गदः तदा मृत्युसमानवेगम् गिरिशृङ्गकल्पम् मुष्टिम् संवर्त्य नरान्तकस्य उपिरि निपातयामास,He was like a dragon in the sea. He was like a dragon in the sea. He was like a dragon in the sea. He was like a dragon in the sea. He was like a dragon in the sea. He was like a dragon in the sea. He was like a dragon in the sea. He was like a dragon in the sea. He was like a dragon in the sea.,"The son of a great man, who was about to die, was seized with the sword and fell upon the sword.",0.696095208159438
1779,मैवंवदमहाबाहो दैवेह्येषापरागतिः प्राप्तव्यंतुदशायोगान्मयैतदितिनिश्चितम् दासीनांरावणस्याहंमर्षयामीहदुर्बला,महाबाहो एवम् मावद एषा दैवी परा गतिःहि मया दशयोगात् इदम् प्राप्तव्यम् इति निश्चितम् दुर्बला अहम् इह रावणस्य दासीनाम् मर्षयामि,"I am proud to say that I have earned the glory of God, but I have become a slave to slaves. I am a slave to my own weakness,","""My lord, "" I said"", this is a divine punishment, ""but I am sure I will get ten times as much as this poor slave, Ravan.",3.875554654561448
1780,एवंप्रवृत्तेसङ्ग्रामेह्यद्भुतंसुमहद्रजः रक्षसांवानराणां च शान्तंशोणितविस्रवैः,एवम् सङ्ग्रामे प्रवृत्ते अद्भुतम् सुमहत् रजः रक्षसाम् वानराणां च शोणितविस्रवैः शान्तम्,"and the great sea, and the shields, and the shields, and the shields, and the shields, and the shields, and the shields, and the shields, and the shields, and the shields, and the shields, and the shields, and the shields, and the shields, and the shields, and the shields, and the shields, and the shields, and the shields, and the shields, and the shields.","In the synagogue there was a great noise, and the birds of the air and the birds of the air were silent.",2.357085171052703
1781,पृष्ट्वा तु कुशलं तत्र परस्परसमागमेकथान्ते सुमतिर्वाक्यं व्याजहार महामुनिम्,तत्र परस्परसमागमे सुमति: कुशलम् पृष्ट्वा कथान्ते महामुनिम् वाक्यम् व्याजहार,"When they had gathered together, they discussed the matter with one another.","When they had gathered together, they discussed with one another what would be the best way to say goodbye.",38.972198488058076
1782,इदं धनुर्वरं ब्रह्मन् जनकैरभिपूजितम्राजभिश्च महावीर्यै: अशक्तै: पूरितुं पुरा,ब्रह्मन् जनकै: पुरा पूरितुम् अशक्तै: महावीर्यै: राजभिश्च अभिपूजितम् धनुर्वरम् इदम्,"This is the bow and arrow, the bow and arrow, the bow and arrow, the bow and arrow, the bow and arrow, the bow and arrow, the bow and arrow, the bow and arrow, the bow and arrow, the bow and arrow, the bow and arrow, the bow and arrow, the bow and arrow, the bow and arrow, the bow and arrow, the bow and arrow.","Brahmins: the full and weak, the mighty, the mighty, the mighty, the mighty.",1.9025526543654205
1783,स्त्रीत्वं न तु समर्थं हि सागरं व्यतिवर्तितुम्मामधिष्ठाय विस्तीर्णं शतयोजनमायतम्,माम् अधिष्ठाय विस्तीर्णम् शतयोजनम् आयतम् सागरम् व्यतिवर्तितुम् स्त्रीत्वम् न समर्थं हि,A woman was not able to cross the sea - a hundred cubits long and a hundred cubits wide.,"The breadth of my seat was six hundred cubits, and a woman could not cross the sea.",11.72814736928782
1784,गृहीतश्चैव पृष्टश्च काले दृष्टस्सकारणःकच्चिन्न मुच्यते चोरो धनलोभान्नरर्षभ,नरर्षभ काले दृष्टः गृहीतश्चैव पृष्टश्च सकारणः चोरः धनलोभात् न मुच्यते कच्चित्,"When they are caught, they are thrown into the open, and they are thrown into the open, and they are thrown into the open, and they are thrown into the open, and they are thrown into the open, and they are thrown into the open, and they are thrown into the open, and they are thrown into the open, and they are thrown into the open, and they are thrown into the open.","The thief is not spared the greed of the rich, nor is he spared the greed of the rich.",0.6707779171875278
1785,तेषां तु गच्छतां तत्र त्वरितं रघुनन्दनःद्रुमषण्डं वनं दृष्ट्वा रामस्सुग्रीवमब्रवीत्,तेषाम् त्वरितम् गच्छताम् रघुनन्दनः रामः तत्र द्रुमषण्डवनम् दृष्ट्वा सुग्रीवम् अब्रवीत्,"As they approached, they saw a thunderstorm, and they were terrified.","They hurried along, rejoicing, and when they saw a thorn in the grass, they fell down.",10.465077751710599
1786,शराधाराविमुञ्चन्तंधारासारमिवाम्बुदम् तंदृष्टवामेघसङ्काशमापतन्तंरथंरिपोः गिरेर्वज्राभिमृष्टस्यदीर्यतस्सदृशस्वनम् विस्पारयन्वैवेगेनबालचन्द्रानतंधनुः उवाचसारथिंरामंसहस्राक्षस्यमातलिम्,शरधाराः विमुञ्चन्तम् धारासारमिवा अम्बुदमिव मेघसङ्काशम् वज्राभिमृष्टस्य दीर्यतः गिरेः सदृशस्वनम् आपतन्तम् तम् रथम् दृष्टवा रामः बालचन्द्रानतम् धनुः वेगेन विस्फारयन् सहस्राक्षस्यसारथिम् मातलिम् उवाच,"They were like rain, rain, rain, rain, rain, rain, rain, rain, rain, rain, rain, rain, rain, rain, rain, rain, rain, rain, rain, rain, rain, rain, rain, rain, rain, rain, rain, rain, rain, rain, rain, wind, rain, rain, rain, rain, rain, wind, rain, rain, rain, rain, rain, wind, rain, rain, rain, rain, wind, rain, rain, rain, rain, rain, rain, rain, rain, rain, rain, rain, rain, rain, rain, rain, rain, rain, rain, rain, rain, rain, rain, rain, rain, rain, rain, rain, rain, rain, rain, rain, rain, rain, rain, rain, rain, rain, rain, rain, rain, rain, rain, rain, rain, rain, rain, rain, rain, rain, rain, rain, rain, rain, rain, rain, rain, rain, rain, rain, rain, rain, rain, rain, rain, rain, rain, rain, rain, rain, rain, rain, rain, rain, rain, rain, rain, rain","When the rains came down, there was lightning, clouds, and thunderstorms; and the chariot came down like a rainbow. And Ram saw the chariot, and it spread out like a rainbow, with the speed of a rainbow, and it rose to a height of a thousand cubits.",0.22775734497776182
1787,अहो लक्ष्मण सिद्धार्थ स्सततं प्रियवादिनम्भ्रातरं देवसङ्काशं यस्त्वं परिचरिष्यसि,लक्ष्मण यः त्वम् प्रियवादिनम् देवसङ्काशम् भ्रातरम् सततम् परिचरिष्यसि सिद्धार्थः अहो,"O Laxman, you will see the glory of God, you who are perfect and full of love.","And now, dear fellow believer, Laxman, you will be well pleased to serve your dear brother in God's sight.",11.417084020749114
1788,कृत्वा च शैलपृष्ठे तु तौ वासं रामलक्ष्मणौपम्पायाः पश्चिमं तीरं राघवावुपतस्थतुः,राघवौ तौ रामलक्ष्मणौ शैलपृष्ठे वासम् कृत्वा पम्पायाः पश्चिमं तीरम् उपतस्थतुः,"And on the top of the rock, they placed a ram, a ram, a ram, a ram, a ram, a ram, a ram, a ram, a ram, a ram, a ram, a ram, a ram, a ram, a ram, a ram, a ram, a ram, a ram, a ram, a ram, a ram, a ram, a ram, a ram, a ram, a ram, a ram, a ram, a ram, a ram, a ram, a ram, a ram, a ram, a ram, a ram, a ram, a ram, a ram, a ram, a ram, a ram, a ram, a ram, a ram, a ram, a ram, a ram, a ram, a ram, a ram, a ram, a ram.","And they set them on the rock, and set them on the west bank of the wall.",1.2081005455737213
1789,तेहयान् काञ्चनापीडान् ध्वजांश्चाशीविषोपमान् आप्लुत्यदशनैस्तीक्ष्णैर्भीमकोपाव्यदारयन् वानराबलिनोयुद्धेऽक्षोभयन् राक्षसींचमूम्,भीमकोपाः बलिनः तेवानराः आप्लुत्य तीक्ष्णैः धवनैः काञ्चनापीडान् हयान् आशीविषोपमान् ध्वजांश्च व्यदारयन् युद्धे राक्षसीम् चमूम् अक्षोभयन्,"They will be flogged with weapons of mass destruction, flags and flags. They will be filled with fear and trembling. They will be afraid of the devils and will fight the mighty.","The mighty warriors fled with violence. They shouted and mourned, shouted and shouted, and waved their flags and threw their weapons at the battle.",3.8167126398993796
1790,सचपत्रलघुर्भूत्वाहरिभिर्दर्शितेभये अन्तरिक्षेस्थितोभूत्वापुनर्वचनमब्रवीत्,सः च हरिभिः अभये दर्शिते पत्रलघुः भूत्वा अन्तरिक्षे स्थितः भूत्वा पुनः वचनम् अब्रवीत्,"When he rolled up the scroll and looked at it, he stood up and read it again.","He looked at her, terrified, and stood up and began to speak.",10.657284485555579
1791,प्रविश्यसीताबहुवृक्षषण्डांतांराक्षसेन्द्रस्यविहारभूमिम् सम्प्रेक्ष्यसञ्चिन्त्यचराजपुत्रौपरंविषादंसमुपाजगाम,सीता बहुवृक्षषण्डाम् राक्षसेन्द्रस्य विहारभूमिम् ताम् प्रविश्य राजपुत्रौ सम्प्रेक्ष्य सञ्चिन्त्यच परम् विषादम् उपाजगाम,"He went in to see the throne and the great tree, and the throne and the throne, and the throne and the throne, and the throne and the throne, and the throne and the throne and the throne and the throne and the throne and the throne and the throne and the throne and the throne and the throne and the throne and the throne and the throne and the throne and the throne and the throne and the throne and the throne and the throne and the throne and the throne and the throne and the throne and the throne and the throne of the throne.","Sith went into the valley of the great sea lion, into the valley of the great sea lion, into the valley of the great sea lion, into the valley of the great sea lion, into the valley of the great sea lion, into the valley of the great sea lion, into the valley of the great sea lion, into the valley of the great sea lion, into the valley of the great sea lion, into the valley of the great sea lion, into the valley of the great sea lion, into the valley of the great sea lion, into the valley of the great sea lion.",1.4516812923815305
1792,अर्चिष्मानर्चितोऽत्यर्थं ब्रह्मचर्यव्रते स्थितःसाधूनामुपकारज्ञः प्रचारज्ञश्च कर्मणाम्,अर्चिष्मान् अत्यर्थम् अर्चितः ब्रह्मचर्यव्रते स्थितः साधूनाम् उपकारज्ञः कर्मणाम् प्रचारज्ञश्च,"Be a man of integrity, a man of integrity, a man who preaches the gospel, so that he may be chosen.","Archippus is highly esteemed, devoted to God and holy, thankful, hardworking, and a preacher of good news.",2.357313684245234
1793,वज्रसंयोगसंयुक्तैर्महार्हमणिविग्रहैःहैमैराभरणैश्चित्रैर्मनसेव प्रकल्पितैः,वज्रसंयोगसंयुक्तै: महार्हमणिविग्रहैः मनसा प्रकल्पितैरिव चित्रैः हैमैः आभरणैः,"Weapons of mass destruction and weapons of mass destruction, including weapons of mass destruction and weapons of mass destruction.",We've got a lot to do with this project. We've got a lot to do with this project. We've got a lot to do with this project.,1.1830686627157205
1794,तं दृष्ट्वा नागरा स्सर्वे कृद्धा राजानमब्रुवन्असमञ्जं वृणीष्वैकमस्मान्वा राष्ट्रवर्धन,तम् दृष्ट्वा सर्वे नागराः कृद्धाः राजानम् अब्रुवन् राष्ट्रवर्धन एकम् असमञ्जम् अस्मान् वा वृणीष्व,"When the people of the city and the king saw him, they were amazed.","All the townspeople were astonished at him, even the king and the nobles, and the rulers of the nations.",7.109047449495728
1795,श्रुत्वा वस्तु समग्रं तद्धर्मात्मा धर्मसंहितम् व्यक्तमन्वेषते भूयो यद्वृत्तं तस्य धीमत:,धर्मात्मा धर्मसंहितम् समग्रम् तत् वस्तु श्रुत्वा धीमत: तस्य वृत्तम् यत् व्यक्तम् भूय: अन्वेषते,"When he heard this, he was filled with the spirit of righteousness, and he was astonished.","The Spirit of God is quick to listen to whatever is said, and seeks to understand what it means.",4.33389654431885
1796,अथ तस्य निनादं तं सुग्रीवस्य महात्मनःशुश्रावान्तः पुर गतो वाली भ्रातुरमर्षणः,अथ महात्मनः भ्रातुः तस्य सुग्रीवस्य तं निनादम् आन्तःपुरगतः अमर्षणः वाली शुश्राव,"When he heard this, he was insulted by his brother, who had gone away to preach the good news.","When the brother-in-law of his mother-in-law heard him speak evil of him,",2.5828020030551087
1797,विक्रमेणसमानेष्येसीतांहत्वायथारिपुम् रावणंपापकर्माणंतथात्वंकर्तुमर्हसि,रिपुम्: पापकर्माणम्: रावणम्: विक्रमेण: हत्वा: सीताम्: यथा: समानेष्ये: तथा: त्वम्: कर्तुम्: अर्हसि:,"You are a slave to the wicked, a slave to the unrighteous, and a slave to the unrighteous.",Ritu: Sin: Ravanam: Vikram: Khatu: Seth: as in Samaneesh: and thou: to do: thou: to do:,1.796107529084912
1798,तं तु पूर्वोदितं वृध्दं द्वारस्था राज सम्मतम् न शेकुरभिसंरोध्दुं राज्ञः प्रियचिकीर्षवः,द्वारस्था: राज्ञः प्रियचिकीर्षवः पूर्वोदितम् वृद्धम् राजसम्मतम् तं तु अभिसंरोद्धुम् न शेकुः,"But he did not go to the king's palace, to the palace, to the palace, to the palace, the palace, the palace, the palace, the palace, the palace.","The doorkeeper of the king's palace, the king's beloved servant, and the old king's counsel, do not hesitate to oppose him.",9.552800020024284
1799,पुन्नाम्नो नरकाद् यस्मात् पितरं त्रायते सुतःतस्मात् पुत्र इति प्रोक्तः पितॄन् यः पाति सर्वतः,यस्मात् सुतः पितरम् पुन्नाम्नः नरकात् त्रायते तस्मात् यः सर्वतः पितॄन् पाति पुत्र: इति प्रोक्तः,"Again, the Son refuses to obey his parents, for he has rejected the Father and sent him out of hell.","And the Son, who disowns all things, will rescue Peter from the devil.",4.334264033674369
1800,तीक्ष्णमल्पप्रदातारं प्रमत्तं गर्वितं शठम्व्यसने सर्वभूतानि नाभिधावन्ति पार्थिवम्,तीक्ष्णम् अल्पप्रदातारम् प्रमत्तम् गर्वितम् शठम् पार्थिवम् व्यसने सर्वभूतानि नाभिधावन्ति,"The wise, the wise, the proud, the arrogant, the arrogant, the untruthful,","The one who gives sparingly, the one who gives very little, the one who gives very little, the one who boasts, the one who boasts, and the one who uses the world to his advantage.",2.592242742980558
1801,ततस्तद्वानरंसैन्यमचिन्त्यंरोमहर्षणम् सङ् ख्यातुंनाध्यगच्छेतांतदातौशुकसारणौ,ततः तौ शुकसारणौ आचिन्त्यम् रोमहर्षणम् तत् वानरम् सैन्यम् सङ् ख्यातुम् तदा नाध्यगच्छेताम्,Then the soldiers came to the gate and seized him with their weapons. They threw them into the barracks like a sackcloth.,"So they threw their spears at him and tried to kill him. They thought he was a Roman soldier, but they did not come.",4.044418209253815
1802,तदसुकरमथाभिवीक्ष्यहृष्टाःप्रियसुहृदोयुधिलक्ष्मणस्यकर्म परममुपलभन्मनःप्रहर्षंविनिहतमिन्द्ररिपुंनिशम्यदेवाः,देवाः इन्द्ररिपुम् विनिहतम् निशम्य अथ प्रियसुहृदः लक्ष्मणस्य तत् असुकरम् कर्म युधि अभिवीक्ष्य हृष्टाः परमम् मनःप्रहर्षम् उपलभन्,"Then you will be filled with joy, joy, joy, joy, joy, joy, joy, joy, joy, joy, and peace.","And when they saw that God had appointed him, they saw that the beloved one, Laxman, had fought hard in his wickedness, and they rejoiced in the great joy of the afflicted.",2.671304240731639
1803,प्रतिगृह्य च तद्वर्षं निमीलित इवर्षभः रामः क्रोधं परं भेजे वधार्थं सर्वरक्षसाम्,रामः निमीलितः ऋषभः इव तत् वर्षम् प्रतिगृह्य सर्वरक्षसाम् वधार्थम् परं क्रोधम् भेजे,"When he returned home and was sent away for two years, he was angry and sent to be slaughtered.","He came back that year like a wolf that was roasted. He went to slaughter a wild beast, but he was angry.",6.90610063305171
1804,विषयेषुप्रसक्तेनयत्किञ्चित्कारणात्वया ऋषीणामग्नकल्पानामुद्वेगोजनितोमहान्,विषयेषु प्रसक्तेन यत्किञ्चित्कारणा त्वया अग्निकल्पनामा ऋषीणाम् महान् उद्वेगः जनितः,"For some reason, I am trying to make a judgment about these matters out of the wisdom of the wise and foolish.",For some reason you have provoked great anger among the magicians in the fire.,6.964541799727335
1805,स पितुश्चरणौ पूर्वमभिवाद्य विनीतवत्ततो ववन्दे चरणौ कैकेय्या स्सुसमाहितः,सः विनीतवत् सुसमाहितः पूर्वम् पितुः चरणौ अभिवाद्य ततः कैकेय्याः चरणौ ववन्दे,He bowed his head to his father's feet and began to sing.,"When he had finished preaching the gospel, he first went to his father's feet, and then to Caiaphas' feet,",10.7097884857392
1806,परिपालयमानस्य राज्ञो भूतानि पुयत्रवत्ततस्नु दुह्यतां पापं यस्याऽर्योऽनुमते गतः,आर्यः यस्य अनुमते गतः राज्ञः भूतानि पुत्रवत् परिपालयमानस्य ततः द्रुह्यताम् पापम् तत्,"And he said, ""It's a double sin. The prince of demons drives out demons"".","""The prince of demons, who has been given authority to drive out demons, is a son of demons.",14.623486593466602
1807,यदि दत्त्वा वरौ राजन्पुनः प्रत्यनुतप्यसे धार्मिकत्वं कथं वीर पृथिव्यां कथयिष्यसि,राजन् वरौ दत्वा प्रत्यनुतप्यसे यदि वीर पृथिव्याम् धार्मिकत्वम् कथम् कथयिष्यसि,"If you give him a crown and give him a crown, you will boldly declare righteousness on earth.","If you give a crown to a king and give him a crown, you will speak boldly and righteously on earth.",44.29983530435047
1808,सःगत्वादूरमध्वानंत्वरितःकपिकुञ्जरः आससादद्रुमान् फुल्लान्नन्दिग्रामसमीपगान् स्त्रीभिस्सपुत्रैर्वृद्धैश्चरममाणैःस्वलङ्कृतैः सुराधिपस्योपवनेयथाचैत्ररथेद्रुमान्,सः कपिकुञ्जरः त्वरितः दूरम् अध्वानम् गत्वा स्त्रीभिः सपुत्रैः स्वलङ्कृतैः रममाणैः वृद्धैश्चज सुराधिपस्य उपवने चैत्ररथे द्रुमान्यथा नन्दिग्रामसमीपगान् फुल्लान् द्रुमान् आससाद,"He was wearing glasses of gold, gold, silver, blue, and gold. He was dressed in gold, clothed with gold leaf, and clothed with gold leaf.","So he hurried away, bringing a cup of wine, and grew up with women and their children, clothed with bracelets of gold. He rushed to the palace of the governor, to the four corners of the city, near the city of Nandi, and to Damascus.",5.637142482885775
1809,अनन्य दैवत्वमियं क्षमा चभूमौ च शय्या नियमश्च धर्मेपतिव्रतात्वं विफलं ममेदंकृतं कृतघ्नेष्विव मानुषाणाम्,अनन्यदैवत्वम् इयम् क्षमा च भूमौ शय्या धर्मे नियमश्च पतिव्रतात्वम् मम इदम् कृतघ्नेषु मानुषाणाम् कृतमिव विफलम्,"Godliness, forgiveness, wickedness, wickedness, righteousness, and godliness - these are the works of a foolish man.",But I was unable to do this to men who did not love me. I was unable to do this to men who did not love me. I was unable to do this to men who did not love me. I was unable to do this to men who did not love me. I was unable to do this to men who did not love me. I was unable to do this to men who did not love me.,0.09855692445935439
1810,सर्वे क्षयान्ताः निचयाः पतनान्ता समुच्छ्रयाःसंयोगा विप्रयोगान्ता मरणान्तं च जीवितम्,सर्वे निचयाः क्षयान्ताः समुच्छ्रयाः पतनान्ताः संयोगाः विप्रयोगान्ताः जीवितम् मरणान्तम्,"The dead were brought back to life, the dead to life, the dead to life, the dead to life, the dead to life, the dead to life, the dead to life, the dead to life.","The bottom of the sea is dead, the bottom of the sea is dead, the bottom of the sea is dead, the bottom of the sea is dead, the bottom of the sea is dead, the bottom of the sea is dead, the bottom of the sea is dead, the bottom of the sea is dead, the bottom of the sea is dead, the bottom of the sea is dead, the bottom of the sea is dead, the bottom of the sea is dead, the bottom of the sea is dead.",1.2490282269869444
1811,आजघानतदानीलंललाटेमुसलेनसः प्रहस्तःपरमायत्तस्ततस्सुस्रावशोणितम्,तदा सःप्रहस्तः परमायत्तः मुसलेन नीलम् ललाटे आजघान ततः शोणितम् सुस्राव,"A man named Demetrius, who was now living in Rome, stood in front of him and praised him.",Then he got up and went to the bathroom. He was wearing a purple robe and a blue robe. Then he went to the bathroom and cried out.,1.4846004057982594
1812,त्वं नराधिपतेः पुत्रः प्रतीतः प्रियदर्शनःलिङ्गमप्यस्ति ते राजनन्दृश्यते धर्मसंहितम्,त्वम् प्रियदर्शनः नराधिपतेः पुत्रः प्रतीतः राजन् ते धर्मसंहितम् लिङ्गमपि अस्ति दृश्यते,"For you are a son of the prodigal son, a beloved son, a well-liked son; they love kings and righteousness.","You have seen the Son of Man, the beloved One, and you have seen the king's son.",2.725024244507278
1813,न हि तस्य पुरा देवी तां वेलामत्यवर्तत न च राजा गृहं शून्यं प्रविवेश कदाचन,पुरा देवी तस्य तां वेलाम् न अत्यवर्तत हि राजा कदाचन शून्यम् गृहम् न प्रविवेश च,"Neither did his former goddess return him to Balaam, nor did he enter the king's palace empty-handed.",A king never goes into an empty house.,2.0244462660665508
1814,परा त्वत्तो गतिर्वीर पृथिव्यां नोपपद्यतेपरिपालय न स्सर्वान्राक्षसेभ्यो नृपात्मज,वीर त्वत्तः परा गतिः पृथिव्याम् नोपपद्यते नृपात्मज नः सर्वान् राक्षसेभ्यः परिपालय,"There is no such thing as a fast-moving earth, no such thing as a royal family, no such thing as a royal family, no such thing as a royal family, no such thing as a royal family, no such thing as a royal family, no such thing as a royal family, no such thing as a royal family, no such thing as a royal family, no such thing as a royal family, no such thing as a royal family, no such thing as a royal family, no such thing as a royal family, no such thing as a royal family, no such thing as a royal family, no such thing as a royal family.","And the mighty one shall go forth, and the mighty one shall come down to the earth; and the king's spirit shall rule over all the demons.",0.3621167649760434
1815,तथैवायुधजालानि भ्रातृभ्यां कवचानि च रथोपस्थे प्रतिन्यस्य सचर्म कठिनं च तत् सीतातृतीयानारूढान् दृष्ट्वा दृष्टमचोदयत् सुमन्त्रस्सम्मतानश्वान् वायुवेगसमान्जवे,तथैव भ्रातृभ्याम् आयुधजालानि कवचानि सचर्म तत् कठिनं च रथोपस्थे प्रतिन्यस्य सुमन्त्रः सीतातृतीयान् आरूढान् दृष्ट्वा सम्मतान् जवे वायुवेग समान् अश्वान् धृष्टम् अचोदयत्,"When he saw the seventh chariot, it was raining, and it was raining, and the chariot's weight was heavy, and he looked at the seventh chariot.","And when he had made up his mind to put down the chariot, his brothers' nets and shields, and the weight of the chariot, he saw the seventh chariot, and he was astonished at the mighty wind and the mighty horses.",16.196582574281734
1816,ब्रह्मणानिर्मितंपूर्वमिन्द्रार्थममितौजसा दत्तंसुरपतेःपूर्वंत्रिलोकजयकाङ्क्षिणः,पूर्वम् इन्द्रार्थम् अमितेजसा ब्रह्मणा निर्मितम् पूर्वम् त्रिलोकजयकाङ्क्षिणः सुरपतेः दत्तम्,"Before the creation of the world, the world was not perfect, the world was not perfect, the world was not perfect, the world was not perfect, the world was not perfect, the world was not perfect, the world was not perfect, the world was not perfect, the world was not perfect, the world was not perfect, the world was not perfect, the world was not perfect, the world was not perfect, the world was not perfect, the world was not perfect, the world was not perfect, the world was not perfect, the world was not perfect, the world was not perfect, the world was not perfect, the world was not perfect, and the world was not perfect.","In the past, it was built by Indra, Amitabh and Brahma. In the past, it was built by Trilok Jaya.",0.44216057005869647
1817,मयि ते यद्यनुक्रोशो यदि रक्षस्सु तेषु चरामेण यदि ते शक्तिस्तेजो वास्ति निशाचर दण्डकारण्यनिलयं जहि राक्षसकण्टकम्,निशाचर ते मयि तेषु रक्षस्सु च अनुक्रोशः अस्ति यदि ते रामेण शक्तिः तेजो वा अस्ति यदि दण्डकारण्यनिलयम् राक्षसकण्टकम् जहि,"If they are angry with me, if they keep my commandments, if they keep my commandments, if they keep my commandments, if they keep my commandments, if they keep my commandments, if they keep my commandments, if they keep my commandments, if they keep my commandments, if they keep my commandments, if they keep my commandments, if they keep my commandments, if they keep my commandments, if they keep my commandments, if they keep my commandments, if they keep my commandments, if they keep my commandments, if they keep my commandments, if they keep them, if they keep my commandments, if they keep them, if they keep them.","Night is upon me and on their watchmen, whether they are mighty or mighty, whether they are mighty or mighty, whether they are wicked or wicked,",0.8014961532387157
1818,संस्तम्भ राम भद्रं ते मा शुचः पुरुषोत्तम नेदृशानां मतिर्मन्दा भवत्यकलुषात्मनाम्,पुरुषोत्तम राम संस्तम्भ ते भद्रम् मा शुचः ईदृशानाम् अकलुषात्मनाम् मन्दा मतिः न भवति,"Rather, let them be gentle, gentle, and do not be deceived by the eyes, but by the spirit.","They are not worthy of being called ""the pillars of righteousness. "" Such people are not worthy of being called ""the unclean spirit"".",1.9812337243441704
1819,निकृत्तचापंत्रिभिराजघानबाणैस्तदादाशरथिश्शिताग्रैः ससायकार्तोविचचालराजाकृच्छ्राच्छसंज्ञांपुनराससाद,दाशरथिः तदा निकृत्तचापम् शिताग्रैः त्रिभिः बाणैः आजघान सःराजा सायकार्तः पुनः कृच्छ्रात् संज्ञाम् आससादंच,"The king, the king, the governor, the governor, the governor, the king, the governor, the governor, the governor, the governor, the governor, the governor, the governor, the governor, the governor, the governor, the governor, the governor, the governor, the governor, the governor, the governor, the governor, the governor, the governor, the governor, the governor, the governor, the governor, the governor, the governor, the governor, the governor, the governor, the governor, the governor, the governor, the governor, the governor, the governor, the governor, the governor, the governor, the governor, the governor, the governor, the governor, and the governor.","When he had finished, he struck him with three sharp blades and struck him with three sharp blades.",0.3242624062486701
1820,न हि त्वां प्राकृतं मन्ये वानरं वानरर्षभयस्य ते नास्ति सन्त्रासो रावणान्नापि सम्भ्रमः,वानरर्षभ यस्य ते रावणात् सन्त्रासः नास्ति सम्भ्रमः अपि न त्वाम् प्राकृतम् वानरम् न मन्ये,"It is not natural for you to be afraid of monkeys. They do not deceive you, nor do they deceive you, nor do they deceive you.","The serpents, who do not feed on the raven, do not deceive you, nor do they consider you a serpent of nature.",25.856906831730576
1821,तं सवृक्षं महाबाहुमापतन्तं महाबलम्आर्यकं प्राहरत्तत्र बाहुभ्यां कुपितोऽङ्गदः,कुपितः अङ्गदः सवृक्षम् महाबाहुम् महाबलम् आपतन्तम् तम् आर्यकम् तत्र बाहुभ्याम् प्राहरत्,"The dragon struck him with a very strong sword, and struck him with his arms.","There was a very large tree that had been severely damaged, and a very strong tree fell down on it, and the crowd gathered around it.",5.530988645505065
1822,सा त्वमभ्युदये प्राप्ते वर्तमाने च मन्थरेभविष्यति च कल्याणे किमर्थं परितप्यसे,मन्थरे सा त्वम् अभ्युदये प्राप्ते वर्तमाने च कल्याणे भविष्यति किमर्थम् परितप्यसे,"It is because of you that he has received it, and it is because of you that he has received it.",I hope you will have the good fortune you have now and in the future.,2.328734903585348
1823,एवं ब्रुवाणं सौमित्रिं करुणं साश्रुलोचनम्हनुमान्प्रत्युवाचेदं वाक्यं वाक्यविशारदः,करुणम् साश्रुलोचनम् एवम् ब्रुवाणम् सौमित्रिम् वाक्यविशारदः हनुमान् इदम् वाक्यम् प्रत्युवाच,and to speak boldly and kindly to those who listen to him.,"And when he heard the voice of compassion, and heard the voice of compassion, his friend Hanani answered him, saying,",1.5761706576336947
1824,विषण्णवदनास्सर्वेराक्षसादीनचेतसः विद्रवन्तिततस्सर्वेभयवित्रस्तचेतसः,सर्वे राक्षसाः विषण्णवदनाः दीनचेतसः सर्वे भयवित्रस्तचेतसः ततः विद्रवन्ति,"They will be shaken by the sound of their voices, and their consciences will be shaken, and their consciences will be shaken with reverence for God.","All the monsters will shout, all the fools will cry, all the people will be afraid, and all the people will be terrified.",5.064476165466095
1825,एवमुक्त्वाततोरामोधनुरादायवीर्यवान् लक्ष्मणानुचरस्तस्थौसमुद्धृत्यशरोत्तमम्,वीर्यवान् रामः एवम् उक्त्वा ततः धनुः आदाय शरोत्तमम् समुद्धृत्य लक्ष्मणानुचरः तस्थौ,So he let go of his anger and rebuked him. It was better for him to be put to death than to be cremated.,"When Ram had said this, he took the arrows and set them on the right side of the table.",2.042946039568498
1826,एवमुक्तस्ततोरामःप्रत्युवाचविभीषणम् रक्षसांवानराणां च सर्वेषामेवशृण्वताम्,एवम् उक्तः रामः ततः विभीषणम् रक्षसाम् वानराणां च सर्वेषाम् शृण्वताम् प्रत्युवाच,Everyone who is about to be saved must obey him with fear and trembling.,"And Ram answered the voice of all that heard, and of all that feared him, and of all that were afraid of him, and of all that were afraid of him, and of all that were afraid of him, and of all that were afraid of him, and of all that were afraid of him, and of all that were afraid of him, and of all that were afraid of him, and of all that were afraid of him, and of all that were afraid of him, and of all that were afraid of him, and of all that were afraid of him.",0.0041176538549195915
1827,राजा वा राजपुत्रो वा मृगयामटते वनेअन्यद्वा श्वापदं किञ्चित्सौमित्रे ज्ञातुमर्हसि,सौमित्रे राजा वा राजपुत्रो वा वने मृगयाम् अटते वा किञ्चित् अन्यत् श्वापदम् ज्ञातुम् अर्हसि,"You must make an oath to the king, or to the prince, or to the king, or to the prince, or to the king, or to the prince, or to the prince, or to the prince, or to the prince, or to the prince, or to the prince, or to the prince, or to the prince, or to the prince, or to the prince, or to the prince, or to the prince, or to the prince, or to the prince, or to the prince, or to the prince, or to the prince, or to the prince, or to the prince,","If you want to know the king or the prince or any other beast that is lying in a forest or that has fallen into the sea,",1.0265190249710188
1828,राघवस्तुरथंदिव्यमिन्द्रदत्तंशिखिप्रभम् अनुज्ञायमहाभागोर्मातलिंप्रत्यपूजयत्,महाभागो राघवस्तु इन्द्रदत्तम् शिखिप्रभम् दिव्यम् रथम् अनुज्ञाय मातलिम् प्रत्यपूजयत्,"And the golden calf was given to him by the hand of the Lord, and the golden calf was given to him by the hand of the Lord.","A large chariot was loaded with oil, and the master gave the chariot a light and put it on the ground.",5.71168499906942
1829,भूयो विनयमास्थाय भव नित्यं जितेन्द्रियः कामक्रोधसमुत्थानि त्यजेथा व्यसनानि च,भूयः विनयम् आस्थाय नित्यम् जितेन्द्रिय: भव कामक्रोधसमुत्थानि व्यसनानि च त्यजेथाः,"But keep yourselves humble in all things; keep yourselves from wrath, from malice, from drunkenness,","Keep on winning the world for a while. Keep on letting go of anger, bitterness, and sexual immorality.",2.055847707468329
